seller_id,total_revenue,avg_review_score,late_rate,avg_installments,first_order,last_order,active_months,solvability_score,seller_state
0015a82c2db000af6aaaf3ae2ecb0532,2685.0,3.6666666666666665,0.0,7.333333333333333,2017-09-26 22:17:05,2017-10-18 08:16:34,1.0,52.44,SP
001cca7ae9ae17fb1caed9dfb1094831,25248.93,3.911764705882353,0.05394190871369295,3.7219917012448134,2017-02-04 19:06:04,2018-07-12 21:38:26,17.433333333333334,55.98,ES
001e6ad469a905060d959994f1b41e4f,250.0,1.0,0.0,3.0,2018-08-07 22:50:37,2018-08-07 22:50:37,1.0,36.04,RJ
002100f778ceb8431b7a1020ff7ab48f,1303.1,4.033898305084746,0.15254237288135594,1.4406779661016949,2017-09-14 01:00:31,2018-04-12 12:58:23,7.0,49.84,SP
003554e2dce176b5555353e4f3555ac8,120.0,5.0,0.0,3.0,2017-12-15 06:52:25,2017-12-15 06:52:25,1.0,60.02,GO
004c9cd9d87a3c30c522c48c4fc07416,25385.3,4.101941747572815,0.07177033492822966,4.033492822966507,2017-01-27 10:34:34,2018-05-03 11:13:38,15.366666666666667,56.61,SP
00720abe85ba0859807595bbf045a33b,1007.5,3.6538461538461537,0.07692307692307693,2.0,2018-01-27 13:46:31,2018-08-03 16:57:01,6.266666666666667,49.78,SP
00ab3eff1b5192e5f1a63bcecfee11c8,98.0,5.0,0.0,2.0,2017-03-18 11:40:26,2017-03-18 11:40:26,1.0,60.02,SP
00d8b143d12632bad99c0ad66ad52825,86.0,5.0,0.0,5.0,2018-03-21 11:17:37,2018-03-21 11:17:37,1.0,60.01,MG
00ee68308b45bc5e2660cd833c3f81cc,21959.0,4.292553191489362,0.07936507936507936,3.386243386243386,2017-09-19 01:02:44,2018-08-09 20:45:10,10.8,56.96,SP
00fc707aaaad2d31347cf883cd2dfe10,13409.9,3.7375886524822697,0.04225352112676056,2.1056338028169015,2018-01-31 15:33:18,2018-06-13 16:19:00,4.433333333333334,53.35,PR
010543a62bd80aa422851e79a3bc7540,1416.0,4.5,0.0,6.5,2017-07-04 17:54:07,2017-08-02 13:49:39,1.0,57.23,SP
010da0602d7774602cd1b3f5fb7b709e,849.5,1.0,0.0,5.0,2018-06-06 18:37:14,2018-06-06 18:37:14,1.0,36.14,SP
011b0eaba87386a2ae96a7d32bb531d1,99.98,4.0,0.0,1.0,2016-10-06 07:08:15,2016-10-06 07:08:15,1.0,54.02,SP
01266d4c46afa519678d16a8b683d325,90.25,5.0,0.0,1.3333333333333333,2018-08-02 16:07:38,2018-08-20 19:14:26,1.0,60.01,PR
013900e863eace745d3ec7614cab5b1a,1664.6,4.7407407407407405,0.0,3.4814814814814814,2017-03-04 10:02:28,2018-04-13 16:35:16,13.5,58.72,PR
014c0679dd340a0e338872e7ec85666a,7168.0,3.625,0.125,6.3125,2017-01-26 00:20:22,2018-07-04 23:17:21,17.466666666666665,49.17,MG
014d9a685fd57276679edd00e07089e5,729.88,3.8333333333333335,0.0,4.583333333333333,2017-11-21 13:22:00,2018-08-17 13:13:21,8.933333333333334,53.12,PR
0176f73cc1195f367f7b32db1e5b3aa8,4853.0,4.05,0.1,3.875,2017-11-16 17:42:52,2018-08-13 17:54:44,9.0,52.09,SP
01bcc9d254a0143f0ce9791b960b2a47,1756.79,4.333333333333333,0.0,1.8461538461538463,2017-08-12 16:25:03,2018-02-02 10:03:35,5.766666666666667,56.29,GO
01c97ebb5cdac52891c0ed1c37ba0012,577.5,4.083333333333333,0.0,1.75,2017-04-13 23:47:01,2018-07-31 19:13:20,15.766666666666667,54.59,SP
01cf7e3d21494c41fb86034f2e714fa1,13228.460000000001,4.2967032967032965,0.03260869565217391,2.652173913043478,2016-10-06 18:03:01,2018-02-26 09:41:21,16.9,56.96,PR
01ed254b9ff8407dfb9d99ba1e17d923,1465.99,5.0,0.0,4.8,2017-08-04 10:33:43,2017-11-08 20:24:38,3.2,60.24,SP
01fd077212124329bac32490e8ef80d9,1247.0,4.3,0.025,1.1,2018-04-16 10:44:09,2018-08-24 17:52:59,4.333333333333333,55.25,SP
01fdefa7697d26ad920e9e0346d4bd1b,15237.03,4.358208955223881,0.05925925925925926,2.9851851851851854,2017-04-26 15:57:39,2018-08-20 21:50:59,16.033333333333335,56.86,PR
0241d4d5d36f10f80c644447315af0bd,33888.200000000004,4.306818181818182,0.052830188679245285,3.720754716981132,2017-10-08 19:00:03,2018-08-28 15:11:49,10.766666666666667,59.8,PR
0249d282d911d23cb8b869ab49c99f53,393.0,4.2727272727272725,0.18181818181818182,1.8181818181818181,2017-09-18 20:48:19,2018-03-22 22:37:56,6.166666666666667,50.25,SP
024b564ae893ce8e9bfa02c10a401ece,706.4000000000001,4.75,0.0,3.25,2016-10-05 12:41:38,2017-02-12 18:46:20,4.333333333333333,58.61,SP
028872bfa080090a9d0abd4f1af168f8,70.5,5.0,0.0,1.0,2017-08-19 09:10:45,2017-08-19 09:10:45,1.0,60.01,MG
02a2272692e13558373c66db98f05e2e,54.98,3.0,0.0,4.0,2017-02-06 15:33:57,2017-03-08 11:51:41,1.0,48.01,RJ
02b72cdeb9cfcc429f1af6f4e3f3b737,522.65,4.75,0.0,2.5,2018-07-25 21:20:47,2018-08-22 20:09:46,1.0,58.58,SP
02c988090b766852e088c69d7fb3b551,1694.23,4.277777777777778,0.0,2.1578947368421053,2017-07-16 12:39:50,2018-08-15 09:44:30,13.133333333333333,55.94,SP
02d35243ea2e497335cd0f076b45675d,5794.0,2.6875,0.375,4.25,2017-04-29 22:33:10,2018-08-02 17:53:47,15.3,35.82,RN
02dcd3e8e25bee036e32512bcf175493,1641.9,3.3157894736842106,0.3684210526315789,1.368421052631579,2017-10-28 12:09:33,2018-08-22 16:20:30,9.933333333333334,39.11,MG
02ecc2a19303f05e59ce133fd923fff7,5503.09,4.56,0.0,5.88,2017-06-18 18:04:34,2018-08-21 20:13:02,14.3,58.26,SP
02f5837340d7eb4f653d676c7256523a,3883.05,4.833333333333333,0.03333333333333333,3.3333333333333335,2017-11-01 20:55:07,2018-08-08 14:13:58,9.3,58.63,PR
02f623a8eb246f3c5f7c2f96462654e6,6518.0,4.545454545454546,0.08888888888888889,2.1555555555555554,2018-04-25 15:13:02,2018-08-22 23:52:12,3.966666666666667,55.67,SP
0307f7565ff85b299b6e5ef162b1b1a9,4762.6,2.888888888888889,0.0,4.222222222222222,2016-10-10 18:09:39,2017-05-25 07:49:44,7.533333333333333,48.11,SP
0336182e1b3e92f029d5354832045fdf,29.8,2.0,0.0,3.0,2016-10-05 19:09:33,2016-10-05 19:09:33,1.0,42.0,SP
034b9387752bfa309f350a70cd45ffa3,108.0,4.444444444444445,0.0,1.0,2018-04-11 15:53:57,2018-08-22 16:05:04,4.433333333333334,56.68,SC
038b75b729c8a9a04b0d07cba7eabe86,467.0,3.5,0.5,6.0,2018-04-20 12:29:17,2018-04-22 18:42:38,1.0,36.08,SP
039b29ff3b3473435d0cd59040575de9,114.9,4.444444444444445,0.0,1.2222222222222223,2018-04-26 11:32:03,2018-08-23 13:56:52,3.966666666666667,56.68,SP
039e6ad9dae79614493083e241147386,12925.0,4.0,0.2,7.2,2018-04-03 11:35:18,2018-07-10 20:53:38,3.2666666666666666,50.11,SP
03a2a6dcbe45d639c4dc2a0d24769c40,1078.41,4.111111111111111,0.1111111111111111,3.0,2018-03-13 08:11:07,2018-08-15 18:21:14,5.166666666666667,51.51,SP
03bd479e1d9484cdb14104d3023f7321,359.70000000000005,4.333333333333333,0.3333333333333333,1.6666666666666667,2018-05-09 17:37:03,2018-07-24 17:28:41,2.5,46.06,MG
0417b067eeab773d2f7061a726dc477f,1938.77,4.0,0.2857142857142857,2.7857142857142856,2018-03-01 20:13:18,2018-08-20 12:38:56,5.7,45.75,SC
042573af89b6d931f672efaf789d8358,471.98,4.0,0.25,1.0,2018-01-21 17:44:36,2018-02-11 13:08:02,1.0,46.58,SP
04308b1ee57b6625f47df1d56f00eedf,60130.6,3.882978723404255,0.11702127659574468,5.5212765957446805,2017-11-14 16:57:33,2018-08-12 00:13:50,9.0,59.62,SC
0432ead42b6c8a0bdf68154add917fdf,8091.6,4.505263157894737,0.031578947368421054,2.968421052631579,2017-04-02 16:31:42,2018-07-27 18:03:57,16.033333333333335,57.41,SP
044668ccd5316b12a7cf0d54a156e3e9,173.13,5.0,0.0,1.0,2018-08-08 17:54:25,2018-08-20 21:07:24,1.0,60.03,SP
04843805947f0fc584fc1969b6e50fe7,1400.0,5.0,1.0,8.0,2018-08-05 14:55:14,2018-08-05 14:55:14,1.0,30.23,RS
048c2757535328e0d7dac690ad3c0aae,9521.38,4.211538461538462,0.1320754716981132,3.830188679245283,2017-03-04 15:23:15,2018-08-21 16:31:46,17.833333333333332,52.86,SP
04aa0a1c5ce6b222003403a3e11c3cc0,5518.0,3.5294117647058822,0.11764705882352941,5.235294117647059,2017-03-22 17:10:13,2018-01-24 11:40:28,10.233333333333333,48.55,SP
04aba03279157f6d4e0fe8ccaf21963c,2575.9,4.3125,0.0625,4.5625,2017-05-10 11:51:13,2018-08-26 13:25:25,15.766666666666667,54.42,RJ
04e38a233f726ef161074ab1c9b0399a,1449.1,3.8275862068965516,0.10344827586206896,1.7241379310344827,2017-09-15 00:53:25,2018-05-05 21:12:28,7.733333333333333,50.1,SP
04ee0ec01589969663ba5967c0e0bdc0,289.49,5.0,0.0,5.0,2018-08-21 11:29:05,2018-08-21 11:29:05,1.0,60.05,RS
04fdea0c111866e6cf812f1570d6b5bd,1055.0,3.2,0.1,2.5,2017-10-14 09:11:45,2018-01-31 13:57:40,3.6333333333333333,46.37,SP
0509040ea3fe50071181bbc359eb7738,3851.15,4.49,0.06862745098039216,2.0686274509803924,2017-05-03 14:22:02,2018-08-02 12:05:18,15.166666666666666,55.51,MG
052577151711aec5c744fe12e66db3e1,2748.0,2.25,0.0,5.5,2017-10-26 18:35:40,2017-12-20 12:01:34,1.8,43.95,SC
054694fa03fe82cec4b7551487331d74,9983.1,3.3636363636363638,0.2727272727272727,4.5,2017-01-07 17:20:56,2018-04-09 16:57:00,15.2,43.63,SP
056b4ada5bbc2c50cc7842547dda6b51,12333.390000000001,4.123076923076923,0.10606060606060606,5.045454545454546,2017-12-01 10:20:48,2018-08-23 13:21:08,8.833333333333334,53.57,RJ
0570350b23eda5444f8d1d9544932058,626.9,5.0,0.0,4.909090909090909,2018-04-12 23:43:37,2018-05-22 20:17:22,1.3,60.1,SP
05730013efda596306417c3b09302475,952.0,5.0,0.0,2.25,2018-07-06 18:37:58,2018-08-22 20:16:37,1.5666666666666667,60.16,SC
058cb5aeb36d7c0fcae20fc85d5e0a59,1328.0,3.3846153846153846,0.07692307692307693,3.8461538461538463,2017-09-25 22:41:26,2018-08-14 23:23:38,10.766666666666667,48.22,RJ
058fd0aa2bfdb2274e05e1ae971dabb6,7889.9,4.348484848484849,0.07575757575757576,3.4242424242424243,2017-08-03 11:36:18,2018-06-07 19:45:30,10.266666666666667,55.11,SP
05a48cc8859962767935ab9087417fbb,42.9,5.0,0.0,1.0,2018-08-02 12:05:38,2018-08-02 12:05:38,1.0,60.01,SP
05a940b4ecae36cadfd8e93bd9c43257,952.0,3.9,0.0,2.0,2017-07-16 17:22:22,2018-02-19 15:20:06,7.233333333333333,53.56,GO
05aebce0b5c8f0d41b29b686f2d05fd3,74.99000000000001,5.0,0.5,1.0,2018-03-05 16:24:44,2018-08-10 16:15:34,5.233333333333333,45.01,SP
05ca864204d09595ae591b93ea9cf93d,179.9,5.0,1.0,1.0,2018-08-16 09:18:25,2018-08-16 09:18:25,1.0,30.03,SP
05d2173d43ea568aa0540eba70d2ca76,5772.73,4.015384615384615,0.05970149253731343,2.074626865671642,2017-09-27 12:01:09,2018-08-12 20:44:16,10.633333333333333,53.24,MG
05e107217c7266362fd44b75b2cd4cc4,193.38,4.125,0.5,1.75,2018-06-29 23:02:10,2018-08-21 05:26:43,1.7333333333333334,39.78,SP
05f51e13da97139648b8125c31e5f51b,13769.01,4.095238095238095,0.14285714285714285,3.6507936507936507,2017-07-10 16:09:38,2018-03-23 10:44:18,8.5,52.54,MG
05feb94f19d094d4b0f9281f0b1d4c99,11016.0,4.571428571428571,0.0,6.571428571428571,2017-08-14 08:05:48,2018-02-18 18:26:06,6.266666666666667,59.23,SP
05ff92fedb5be47920fea08e501238b9,23368.38,4.136363636363637,0.045454545454545456,3.712121212121212,2016-10-04 16:02:18,2018-08-07 21:31:29,22.4,57.28,RS
062c325cd6a2b87845fab56b4ec2eeae,133.22,5.0,0.0,1.5,2018-05-07 11:48:13,2018-08-01 21:33:30,2.8666666666666667,60.02,SP
062ce95fa2ad4dfaedfc79260130565f,7604.8,4.0,0.03225806451612903,3.1774193548387095,2017-01-26 18:48:30,2017-09-10 00:14:56,7.533333333333333,54.28,RS
06532f10282704ef4c69168b914b77be,21211.9,1.7837837837837838,0.0,2.135135135135135,2017-03-03 14:12:45,2017-08-18 16:26:37,5.6,44.17,PR
06579cb253ecd5a3a12a9e6eb6bf8f47,4797.1,3.7260273972602738,0.1506849315068493,2.9315068493150687,2017-08-03 17:47:10,2018-08-11 21:27:06,12.433333333333334,48.62,SP
066a6914e1ebf3ea95a216c73a986b91,9496.36,4.0,0.039473684210526314,2.776315789473684,2016-10-06 17:10:05,2018-08-10 12:12:35,22.4,54.37,PR
0691148aee60ca47977c187804f935ae,6288.01,4.068965517241379,0.034482758620689655,2.9655172413793105,2017-11-24 15:13:24,2018-08-27 08:56:49,9.166666666666666,54.41,PR
0692610d8abe24f287e9fae90ea0bbee,173.99,4.0,0.25,1.0,2018-06-02 11:14:09,2018-08-22 15:45:32,2.7,46.53,SP
06a2c3af7b3aee5d69171b0e14f0ee87,36786.9,3.9875930521091814,0.23414634146341465,2.9390243902439024,2018-01-19 09:51:37,2018-08-22 11:49:11,7.166666666666667,52.92,MA
06bb3a2fe5e7b7a845b13e8fb91bd944,1618.19,4.631578947368421,0.0,2.3684210526315788,2017-09-11 08:09:15,2018-07-04 22:45:03,9.866666666666667,58.05,MG
06df0c10d34e459d9672bc77388742eb,9070.0,4.366666666666666,0.1,3.933333333333333,2018-03-16 13:58:32,2018-08-06 19:44:03,4.766666666666667,54.68,PR
06e5eefc71ec47ae763c5c6f8db7064f,23461.68,3.857142857142857,0.02,3.17,2017-04-25 16:33:00,2018-08-22 17:14:07,16.133333333333333,56.38,RS
07017df32dc5f2f1d2801e579548d620,946.49,4.111111111111111,0.0,3.4444444444444446,2017-03-08 15:00:44,2018-07-29 21:34:43,16.933333333333334,54.82,PB
070d165398b553f3b4b851c216b8a358,4918.55,3.7111111111111112,0.10869565217391304,2.3043478260869565,2017-08-24 10:29:36,2018-08-16 14:21:35,11.9,49.81,SP
0725b8c0f3f906e58f70cbe76b7c748c,2314.5,3.5121951219512195,0.1951219512195122,3.4146341463414633,2017-01-20 17:23:00,2018-08-07 17:41:54,18.8,45.6,SP
0743a0239d764b9a0f959a57d07e36ab,385.95,4.8,0.0,2.0,2018-07-24 10:50:34,2018-08-04 17:01:32,1.0,58.86,SP
0747d5bb69f0586cc869d8af4c50f93e,346.59999999999997,3.466666666666667,0.06666666666666667,2.466666666666667,2016-10-06 13:39:20,2017-06-25 17:54:26,8.733333333333333,48.86,RJ
0761743cbffb25d7148189e9f1a5f03a,241.2,4.285714285714286,0.0,1.7142857142857142,2017-11-30 09:38:21,2018-02-02 18:42:02,2.1333333333333333,55.75,SP
077c5fae4bea9500e3737b16f71b9d3a,106.80000000000001,4.666666666666667,0.0,1.0,2017-09-19 12:44:23,2018-06-22 13:20:25,9.2,58.02,SP
0791d9fc1e30678ecf03d3e55fa108d3,842.0,2.727272727272727,0.0,6.2727272727272725,2018-05-15 14:03:08,2018-07-24 16:03:03,2.3333333333333335,46.5,MG
079d295dcbf06ee8bb1b65ba964eb2b6,349.3,4.8,0.0,5.4,2018-06-25 12:37:03,2018-08-09 20:00:05,1.5,58.86,SP
07a9bc7f61396b658ddf3ac534efe44c,239.8,3.5,0.0,3.0,2017-06-26 11:44:22,2017-06-26 11:44:22,1.0,51.04,SP
07bf9669d84d1f11be443a9dd938f698,1776.0,3.25,0.0,4.416666666666667,2017-03-08 16:34:25,2018-06-27 09:01:34,15.833333333333334,49.79,SP
07d75e33f2750d97d467fb57e4dfdd8a,722.4,2.5,0.0,3.5,2018-03-06 09:17:21,2018-05-07 09:49:04,2.066666666666667,45.12,SP
07de60b03d150fb3ea09eab5da5e4c8b,862.9000000000001,4.363636363636363,0.09090909090909091,3.4545454545454546,2018-01-31 23:06:27,2018-08-18 20:44:06,6.6,53.6,SP
07e8e8fc5222bb358e6f259da3197074,51.8,4.0,0.0,1.5,2018-02-21 06:27:09,2018-08-08 22:13:19,5.6,54.01,SP
080102cd0a76b09e0dcf55fcacc60e05,5788.56,4.5,0.03787878787878788,1.3106060606060606,2017-07-23 11:22:00,2018-08-26 16:26:52,13.3,56.81,MG
080199a181c46c657dc5aa235411be3b,14683.69,4.614457831325301,0.023809523809523808,3.130952380952381,2017-09-20 05:02:16,2018-08-24 11:43:17,11.266666666666667,59.37,SP
08061dc0fc165ed41288cc7acde738ee,152.8,4.6,0.2,1.0,2017-03-23 00:48:00,2017-11-14 12:48:34,7.866666666666666,51.62,SP
08084d990eb3f53af056ccbc1730c8a7,372.5,4.454545454545454,0.0,1.3333333333333333,2018-02-08 07:04:45,2018-08-14 20:56:45,6.233333333333333,56.79,SP
081acf3de680d554796c9cf041be7bc2,1597.3,4.125,0.125,9.75,2017-11-27 14:39:18,2018-05-23 18:30:11,5.9,51.26,MG
082e0bf4cb865a6533b1e8e498cc0255,2073.3,3.3043478260869565,0.13043478260869565,5.6521739130434785,2017-10-29 13:42:54,2018-08-17 07:09:44,9.7,46.25,SP
085f6f7e049c996695fb2074fe38d45e,324.20000000000005,3.7777777777777777,0.0,2.5555555555555554,2018-02-26 14:22:19,2018-05-02 15:25:10,2.1666666666666665,52.72,SP
08633c14ef2db992c11f840f04fad4cd,7644.3,4.237113402061856,0.061855670103092786,2.979381443298969,2017-12-13 09:15:58,2018-08-24 14:57:19,8.466666666666667,54.82,SP
0873d9f8f36123f8d910f4760e788cfb,7265.59,3.1666666666666665,0.5,9.5,2018-05-07 20:22:07,2018-08-14 14:19:51,3.2666666666666666,35.19,SP
0885aaf116795758dfeb5f1032487bcd,2827.9,4.225806451612903,0.03225806451612903,4.193548387096774,2017-12-14 21:06:57,2018-08-19 17:17:45,8.233333333333333,54.85,SP
0887a9f087bcd5d9f6642b52f897fc6c,1642.0,4.416666666666667,0.08333333333333333,3.6666666666666665,2017-02-02 15:22:02,2017-08-05 13:51:38,6.1,54.27,SP
08ad4ac1388e4420ca531c3edfc46198,221.61999999999998,2.7142857142857144,0.0,1.5714285714285714,2018-06-11 19:55:25,2018-08-18 18:52:16,2.2333333333333334,46.32,SP
08cdbae123ff67ca4e36d9d641ce0119,3517.99,2.4285714285714284,0.7142857142857143,6.714285714285714,2018-02-20 08:12:25,2018-07-29 15:29:19,5.3,23.72,MG
08d0949a9a17c027262db1f3c450c26c,354.7,3.5384615384615383,0.0,2.3846153846153846,2017-08-21 13:38:52,2018-08-23 00:54:22,12.2,51.29,PR
08d1c9478fb0d7d7fcac9c0da4e82fc7,538.0,5.0,0.0,2.0,2018-06-12 08:29:53,2018-06-12 08:29:53,1.0,60.09,MG
08d2d642cf72b622b14dde1d2f5eb2f5,944.0,4.428571428571429,0.13636363636363635,1.5454545454545454,2017-02-12 21:40:53,2017-12-06 08:31:25,9.866666666666667,52.63,SP
08f5819815f3d06545011850bd70f0a8,452.0,4.666666666666667,0.0,3.3333333333333335,2018-06-21 00:56:22,2018-08-12 16:01:35,1.7333333333333334,58.07,SP
091065b789659bc3cd9af9cb3a6253ff,1359.0,3.5,0.0,2.5,2017-10-15 13:01:37,2018-01-18 17:13:29,3.1666666666666665,51.22,RS
0936e1837d0c79253456bbb2ffaaef10,38.9,5.0,0.0,7.0,2017-04-11 22:09:31,2017-04-11 22:09:31,1.0,60.01,SP
093805f8f2aeb63881444571e1f48f30,1215.79,3.814814814814815,0.037037037037037035,2.4074074074074074,2017-08-31 20:38:35,2018-01-30 12:01:37,5.033333333333333,51.98,SP
094ced053e257ae8cae57205592d6712,1538.1,4.1,0.0,2.6,2018-04-04 20:43:55,2018-07-30 10:59:07,3.8666666666666667,54.85,SP
0951a6e282947e09cd47969f4ed0b47f,492.3,4.857142857142857,0.0,2.5714285714285716,2018-07-26 09:25:14,2018-08-27 14:39:21,1.0666666666666667,59.22,SP
09883d9ab71c8fe8a9bfc7fc3075b07e,329.5,3.4,0.2,2.4,2017-04-25 17:46:45,2017-11-24 10:37:12,7.066666666666666,44.45,SP
099095b050cfe8eb1ddff5317587e96e,5193.83,2.95,0.15,3.65,2017-12-16 09:01:56,2018-08-13 18:43:30,8.0,44.05,SP
09bad886111255c5b5030314fc7f1a4a,487.5,5.0,0.0,1.6,2018-08-08 18:25:48,2018-08-27 19:37:48,1.0,60.08,SP
09f952a5f58d2285b0372551ae8f9b01,14767.42,3.742424242424242,0.045454545454545456,3.590909090909091,2017-09-15 09:24:57,2018-08-24 22:21:24,11.433333333333334,53.51,SP
0a198e95d32b1be2da9424c962a6ebfa,69.99,5.0,0.0,1.0,2018-06-13 12:09:56,2018-06-13 12:09:56,1.0,60.01,MG
0a82f5fb06a4fe4ac2cf7cb412ec71b8,462.0,5.0,0.0,2.5,2018-02-03 13:14:01,2018-03-31 12:09:05,1.8333333333333333,60.07,SP
0a85ebe4e328db81ac9109781205e2f7,667.9,4.583333333333333,0.08333333333333333,2.25,2018-05-11 10:18:31,2018-08-24 15:40:41,3.5,55.11,SP
0aa124728afc1131dff5655f4c6f487b,850.92,1.0,0.0,3.0,2018-07-16 10:15:36,2018-08-13 12:56:01,1.0,36.14,MG
0aa2205ca24f113f4658a5c536667426,815.62,2.8181818181818183,0.0,1.0,2018-04-18 11:16:54,2018-08-14 17:39:49,3.933333333333333,47.04,SP
0ac4201fda2c68ebc0e47cb9423cf3c9,1716.8700000000001,4.333333333333333,0.06666666666666667,3.533333333333333,2017-06-19 08:18:34,2018-06-17 13:20:11,12.1,54.28,SP
0ad80de75c811326389cfb1daba7d45e,1449.3999999999999,5.0,0.0,3.1666666666666665,2017-10-19 08:38:00,2018-01-05 20:37:59,2.6,60.24,RJ
0adac9fbd9a2b63cccaac4f8756c1ca8,16156.25,3.9054054054054053,0.04697986577181208,3.0268456375838926,2017-01-22 20:25:54,2018-08-16 20:56:16,19.033333333333335,54.66,SP
0ade5cc4a305ed7093a23f68ca47519c,158.88,5.0,0.0,5.5,2017-11-24 09:11:25,2018-01-21 14:20:45,1.9333333333333333,60.03,PR
0aea4c6ae1505b3228ddf3dd7822ee5b,1985.8700000000001,4.1,0.2,3.9,2017-10-09 20:23:13,2018-04-30 07:04:12,6.733333333333333,48.92,SP
0af2ab31141893d26aca5a404a537dab,59.0,5.0,0.0,5.0,2018-08-23 22:37:44,2018-08-23 22:37:44,1.0,60.01,SP
0af977692321d895349eded183341d28,257.75,4.5,0.0,5.0,2018-04-01 02:54:21,2018-08-20 16:20:58,4.7,57.04,SP
0afccdb8a34ee5c79f7c06faf2b4d56e,1225.5,4.041666666666667,0.08,1.56,2017-04-05 11:04:33,2018-04-07 13:48:17,12.233333333333333,52.05,MG
0b09101900100c0e9d312861fad5a1b9,153.75,4.0,0.0,8.0,2017-01-27 14:59:17,2017-01-27 14:59:17,1.0,54.02,SP
0b0ddbc7b9d9584f442c7ac92b0ff6c9,1416.76,4.666666666666667,0.0,5.666666666666667,2018-03-30 20:29:47,2018-06-04 23:21:42,2.2,58.23,SP
0b18d63d0cd1d723567903fd34a07df2,1678.1399999999999,4.785714285714286,0.0,3.2857142857142856,2017-04-11 14:30:03,2018-06-12 23:52:24,14.233333333333333,58.99,SP
0b1ca3ef18a63d7eb0c8897fa0849c08,55.0,5.0,0.0,1.0,2018-04-12 00:10:10,2018-04-12 00:10:10,1.0,60.01,SP
0b35c634521043bf4b47e21547b99ab5,13753.45,3.5316455696202533,0.1125,6.0375,2017-12-07 11:06:04,2018-08-12 02:11:20,8.233333333333333,50.06,PR
0b36063d5818f81ccb94b54adfaebbf5,765.0,5.0,0.0,10.0,2017-01-30 21:44:49,2017-01-30 21:44:49,1.0,60.12,SC
0b3f27369a4d8df98f7eb91077e438ac,245.18,3.6666666666666665,0.0,8.333333333333334,2017-11-13 15:19:44,2017-11-22 18:38:11,1.0,52.04,SP
0b46f784306be7200ca1700aa55d819f,19.9,5.0,0.0,1.0,2017-03-19 08:36:36,2017-03-19 08:36:36,1.0,60.0,MG
0b64bcdb0784abc139af04077d49a20e,137.6,4.75,0.0,1.0,2018-04-06 19:54:30,2018-07-13 10:56:30,3.2333333333333334,58.52,RS
0b90b6df587eb83608a64ea8b390cf07,29374.36,4.00462962962963,0.03225806451612903,2.3179723502304146,2017-10-24 14:48:29,2018-08-16 22:03:02,9.866666666666667,57.86,PR
0bae85eb84b9fb3bd773911e89288d54,7753.5,4.194805194805195,0.006493506493506494,2.7337662337662336,2017-03-24 21:48:54,2018-08-21 20:24:33,17.133333333333333,56.24,SP
0bb27263628258b8111a0262769fa9db,22.2,5.0,0.0,3.0,2017-04-01 17:24:26,2017-04-01 17:24:26,1.0,60.0,SP
0bb738e4d789e63e2267697c42d35a2d,2388.3,4.580645161290323,0.03225806451612903,1.8709677419354838,2017-02-01 12:59:24,2018-06-20 06:58:43,16.766666666666666,56.91,SP
0be8ff43f22e456b4e0371b2245e4d01,11975.2,3.912568306010929,0.060109289617486336,2.453551912568306,2017-05-09 10:57:58,2018-08-29 10:22:35,15.866666666666667,53.63,SP
0bebbb2cea103a4a020c95d43fd7d754,1367.2,4.888888888888889,0.0,2.7777777777777777,2018-06-30 19:07:30,2018-08-28 12:48:50,1.9333333333333333,59.56,SP
0bf0150d5b9d60d9cd2906003332f085,5879.400000000001,3.7540983606557377,0.1875,3.0,2017-02-16 23:15:22,2018-07-14 14:08:11,17.066666666666666,47.86,SP
0bfd0b434243adc5c2e1aa6baf19c6aa,371.20000000000005,3.6666666666666665,0.0,2.5,2017-10-23 22:16:49,2018-02-03 23:27:28,3.433333333333333,52.06,RJ
0c7533c71df861ec58ad7ff999ed0e8d,3174.6,3.9220779220779223,0.03896103896103896,2.220779220779221,2017-07-11 23:14:57,2018-07-28 10:25:00,12.7,52.88,SP
0c7f30ae9b147eca07affbef92832a6a,479.5,5.0,0.0,1.6,2017-03-03 11:02:44,2017-04-17 20:12:02,1.5,60.08,PR
0c8380b62e38e8a1e6adbeba7eb9688c,18645.190000000002,4.080508474576271,0.05042016806722689,3.827731092436975,2016-10-04 17:25:09,2018-08-21 10:38:28,22.833333333333332,56.02,MG
0cab2da43793a6f3c5ed8514c5f54627,309.70000000000005,5.0,0.0,2.3333333333333335,2018-05-11 10:26:01,2018-07-27 10:30:54,2.566666666666667,60.05,PR
0cbcee27c791afa0cdcb08587a2013a8,5594.15,3.9069767441860463,0.09302325581395349,3.046511627906977,2016-10-09 15:39:56,2018-07-14 18:39:58,21.433333333333334,51.57,MG
0d33a55da925bbf1ff02af5f6059fc7f,575.3,4.52,0.04,1.44,2017-11-09 12:56:00,2018-08-01 12:32:19,8.8,56.01,SP
0d4c8269e7f0401201794deef160edd6,792.64,4.0,0.0,7.5,2017-10-17 22:36:32,2017-11-07 17:17:18,1.0,54.13,SP
0d83f8e03188682112cc0d93523705cc,696.26,2.75,0.5,3.5,2017-11-14 09:05:04,2018-01-22 11:52:53,2.3,31.61,RS
0d85bbda9889ce1f7e63778d24f346eb,4965.0,4.166666666666667,0.2,3.7,2017-03-22 17:40:51,2018-03-27 07:30:38,12.3,49.81,MG
0daf5180aa44356f60f8effa533b55a2,144.8,5.0,0.5,2.0,2018-07-30 12:19:23,2018-08-20 14:16:35,1.0,45.02,GO
0db783cfcd3b73998abc6e10e59a102f,9458.4,4.219858156028369,0.035211267605633804,2.8380281690140845,2016-10-08 20:02:32,2018-04-07 15:24:30,18.166666666666668,55.81,SP
0dd184061fb0eaa7ca37932c68ab91c5,18832.92,3.9384615384615387,0.10204081632653061,2.9285714285714284,2017-12-04 19:18:09,2018-08-16 13:52:25,8.466666666666667,53.65,SP
0ddefe3c7a032b91f4e25b9c3a08fca1,402.9,4.5,0.0,2.2,2018-04-12 15:09:11,2018-08-24 12:41:33,4.433333333333334,57.07,SP
0df3984f9dfb3d49ac6366acbd3bbb85,11220.99,4.287234042553192,0.010638297872340425,3.0319148936170213,2017-03-12 09:25:41,2018-06-17 15:32:09,15.4,57.24,MG
0dfbed20065e425d2eaefb101f9816c0,84.35,2.6666666666666665,0.3333333333333333,1.6666666666666667,2018-05-12 23:13:36,2018-06-04 21:18:04,1.0,36.01,SP
0e44d110fa6a54e121cb2c095a77762f,227.51999999999998,3.857142857142857,0.2857142857142857,1.1428571428571428,2017-08-04 06:36:20,2018-06-13 00:02:17,10.4,44.61,SP
0e72c1a751b496722a6cb1f10653b62a,140.8,4.666666666666667,0.0,2.6666666666666665,2018-05-11 00:18:02,2018-07-30 21:42:57,2.6666666666666665,58.02,SP
0e982cff76cc0579f632cea8a0e38c9d,1307.34,3.25,0.0,1.8333333333333333,2017-09-26 12:57:49,2018-04-03 07:28:21,6.266666666666667,49.71,SC
0ea22c1cfbdc755f86b9b54b39c16043,11340.0,4.315602836879433,0.013986013986013986,2.3811188811188813,2016-10-06 18:50:25,2018-08-22 18:03:39,22.8,57.33,MG
0eaa7e33d73809f1f925f7d07c506cbd,1552.0,4.714285714285714,0.0,2.6666666666666665,2017-04-10 10:28:48,2018-08-27 17:01:43,16.8,58.54,SP
0ebd97a106433a45a4aebe57c1799778,3176.7000000000003,4.515151515151516,0.0,3.5454545454545454,2017-05-16 09:12:37,2018-07-13 21:05:56,14.1,57.61,MG
0ec28cec4046a4a199b6de9b4c891d97,296.6,5.0,0.0,2.25,2018-04-22 15:59:19,2018-05-17 14:47:11,1.0,60.05,GO
0ed6ce5d87fd9c69eaacaeb778d67235,2141.42,4.404761904761905,0.13953488372093023,2.0232558139534884,2017-10-05 17:40:46,2018-08-21 11:40:08,10.633333333333333,52.59,SP
0ee4fb99ac55ffbbc98795aa01b7f8fa,59.9,5.0,0.0,1.0,2017-05-01 10:30:43,2017-05-01 10:30:43,1.0,60.01,SP
0ef83d7d83ed97cd2a0049ac8be5f88a,4755.9,4.267857142857143,0.017543859649122806,2.1578947368421053,2017-11-24 11:01:15,2018-08-28 13:29:17,9.233333333333333,55.86,PR
0f0c984a4a955310903b6b6008660bad,369.81,3.75,0.25,2.5,2018-04-24 18:30:34,2018-05-27 10:25:22,1.0666666666666667,45.06,SP
0f519b0d2e5eb2227c93dd25038bfc01,79.9,5.0,0.0,1.0,2017-01-27 12:10:46,2017-01-27 12:10:46,1.0,60.01,SP
0f7eea709efdf942b5f95c7516dbacd7,195.74,4.0,0.0,2.3333333333333335,2018-04-05 19:11:09,2018-05-13 14:59:06,1.2333333333333334,54.03,SP
0f80a40c312b2472dca482cf50f5186f,129.9,3.0,0.0,2.0,2018-08-22 11:12:30,2018-08-22 11:12:30,1.0,48.02,SP
0f94588695d71662beec8d883ffacf09,9.0,5.0,0.0,2.0,2017-03-01 10:56:53,2017-03-01 10:56:53,1.0,60.0,SC
0fe2d9733ed841eb064503920015a8c0,389.64,4.666666666666667,0.0,5.0,2018-05-14 18:58:43,2018-07-09 22:14:07,1.8666666666666667,58.06,SP
0ff83046c3fa22efee8ecf291888b191,978.6000000000001,4.714285714285714,0.0,2.2857142857142856,2017-04-01 18:33:06,2018-04-01 22:36:20,12.166666666666666,58.45,RS
0ffa40d54288e4f3499b8780dd0f144f,2162.8,4.4,0.14285714285714285,2.742857142857143,2018-01-10 08:52:43,2018-05-11 10:49:37,4.033333333333333,52.47,SP
10076e5788b8ee532724bcd460baf762,871.46,4.62962962962963,0.037037037037037035,2.6296296296296298,2017-05-11 17:19:02,2018-07-24 16:05:58,14.6,56.81,SP
10089e9f2fd0c668a8fd4e52e1698888,1489.9,4.25,0.0,6.75,2017-03-12 17:35:58,2017-11-14 09:41:18,8.2,55.74,SP
101921376b577a4540dc30e9009133ca,373.0,2.0,0.0,1.0,2017-05-19 16:14:42,2017-05-19 16:14:42,1.0,42.06,SP
101a3a003516bc11253298b2fad3cb65,450.0,4.833333333333333,0.0,2.6666666666666665,2018-06-21 20:47:22,2018-07-26 19:02:58,1.1333333333333333,59.07,SP
1025f0e2d44d7041d6cf58b6550e0bfa,143675.53,3.862116040955631,0.09004739336492891,3.3676371022342586,2017-07-09 11:15:16,2018-08-26 09:22:44,13.733333333333333,73.96,SP
10264f60a8f0a4d2f30810f5c661c673,284.6,5.0,0.0,2.25,2018-06-19 21:10:11,2018-08-09 12:44:54,1.6666666666666667,60.05,SP
1099a00e0ee3a50935e6c2447ca090c5,849.6999999999999,3.6666666666666665,0.3333333333333333,3.3333333333333335,2017-11-09 18:46:46,2018-01-02 18:05:48,1.7666666666666666,42.14,RJ
10cdd491d1dbea8fb4ead97b19c334ce,208.9,5.0,0.0,1.6666666666666667,2018-06-26 20:11:26,2018-07-24 21:26:25,1.0,60.03,MG
10ff823eda2b032e2c93d17a7d294736,2494.8900000000003,2.5294117647058822,0.0,3.3529411764705883,2017-06-14 17:47:53,2018-04-06 10:26:19,9.833333333333334,45.58,SP
112453736dbe3889cfb74e1aaa0ba0c1,1890.0,4.071428571428571,0.0,4.857142857142857,2018-06-13 09:39:17,2018-08-18 20:19:40,2.2,54.74,SP
1127b7f2594683f2510f1c2c834a486b,7167.52,4.136690647482014,0.05755395683453238,2.6402877697841727,2017-02-24 21:36:00,2018-08-22 20:38:11,18.1,54.26,SP
11305281b50fff20ae8bb473f8e11876,6528.7,4.35,0.125,3.9,2016-10-09 13:31:57,2018-08-21 21:18:33,22.7,53.42,MG
113e3a788b935f48aad63e1c41dac1bd,873.37,4.387755102040816,0.04,2.06,2017-07-22 13:30:25,2018-08-17 08:59:55,13.0,55.27,SP
116ccb1a1604bc88e4d234a8c23f33de,2004.89,4.602739726027397,0.0547945205479452,2.0684931506849313,2017-11-09 12:05:32,2018-08-21 21:49:19,9.5,56.3,SP
11742f81550ac064cc9a40f67151d9ad,781.9,5.0,0.0,6.5,2018-08-02 14:41:02,2018-08-17 19:00:16,1.0,60.13,SP
117cfc326c6d50da67ca858ff5c0c852,829.6,4.3,0.0,2.9,2018-05-02 15:22:57,2018-05-19 16:47:00,1.0,55.94,RJ
11938fcc75f6902fea1d0a6f72b54a57,594.98,3.0,0.0,9.0,2018-01-11 21:19:54,2018-05-27 23:24:55,4.533333333333333,48.1,SC
119c7f1a00ef43fad0e57604e76a747c,189.8,4.5,0.0,1.5,2017-10-15 02:37:02,2018-02-27 20:13:13,4.5,57.03,SP
119d1aef1b4144adba89163f6cd9f5d4,1094.0,4.75,0.0,6.75,2017-05-26 20:01:38,2017-11-17 19:46:19,5.8,58.68,SP
11bfa66332777660bd0640ee84d47006,4462.85,3.7788461538461537,0.17307692307692307,2.519230769230769,2017-09-06 20:20:25,2018-08-23 10:27:06,11.666666666666666,48.21,SP
11d4c477d09821164bca4f70a2eae031,83.04,5.0,0.0,1.75,2017-07-18 20:52:33,2017-08-28 20:47:42,1.3333333333333333,60.01,SP
11eac105f3f90a9b87b19c89d91e24f3,802.89,3.6,0.0,4.8,2017-05-24 10:21:15,2017-07-12 17:17:00,1.6333333333333333,51.73,SP
11fb6f6d341adbe19e81733701704635,1197.0,5.0,0.0,6.0,2018-08-07 17:16:36,2018-08-25 18:36:46,1.0,60.2,SP
120476eb7a04c149d14772edaf5d9bf2,2368.8,3.8333333333333335,0.0,2.8333333333333335,2018-07-14 09:19:17,2018-08-10 11:56:30,1.0,53.39,RJ
1284de4ae8aa26997e748c851557cf0e,1459.97,2.6666666666666665,0.0,2.6666666666666665,2017-05-11 18:46:35,2017-10-18 11:41:18,5.3,46.24,SP
128639473a139ac0f3e5f5ade55873a5,12461.949999999999,4.182776801405975,0.06086956521739131,1.2121739130434783,2017-05-12 23:12:12,2018-08-18 11:11:55,15.4,55.31,PR
128f9bfbe4c7d5185033914b1de3d39a,1394.98,4.7368421052631575,0.05263157894736842,3.0526315789473686,2017-09-13 17:44:20,2018-06-17 13:26:47,9.2,57.07,SP
12a8eb0f8d1cd3270695bf2a99f55966,397.0,3.5,0.5,4.5,2017-10-12 01:21:54,2017-12-13 17:49:36,2.066666666666667,36.06,SP
12b9676b00f60f3b700e83af21824c0e,28085.0,4.5285714285714285,0.02127659574468085,4.219858156028369,2017-03-07 22:10:46,2018-08-26 21:55:14,17.866666666666667,61.12,RS
12c2ed9cded6138cf0c75f525f565fc7,314.96,4.25,0.5,1.25,2017-11-09 19:40:27,2018-08-03 17:21:48,8.866666666666667,40.55,SP
13074f016982ff2bd6c58ced8682f000,2334.0,3.9411764705882355,0.23529411764705882,1.9411764705882353,2017-11-02 20:58:23,2018-07-28 13:20:44,8.9,46.97,RS
131fcb0a0c9a47bba4474aacff0f14b7,369.8,4.0,0.0,2.5,2018-06-03 19:44:12,2018-08-09 01:13:45,2.2,54.06,SP
1336efc61c316ddf92c899eb817f7cae,4849.3,3.941860465116279,0.09302325581395349,2.8372093023255816,2017-01-22 21:42:56,2018-08-16 01:59:55,19.0,51.65,SP
134285d1f41da5c13a756ee8142c8a4e,2570.5,2.1666666666666665,0.0,4.833333333333333,2018-06-10 13:27:42,2018-08-16 21:31:19,2.2333333333333334,43.42,SP
134a288e7de827ec5ec62e3ec9c3a295,877.45,4.777777777777778,0.0,2.111111111111111,2017-05-01 12:25:44,2017-09-17 21:55:13,4.633333333333334,58.81,SP
134b867a0f7f8bbe6abf10f91874891e,789.89,4.0,0.0,3.0,2018-04-19 22:04:20,2018-04-19 22:04:20,1.0,54.13,SP
13511db12ac61e2f89c53b72a944a60b,798.0,3.5,0.16666666666666666,4.833333333333333,2018-04-23 13:50:35,2018-08-18 19:15:41,3.9,46.13,RS
1352e06ae67b410cdae0b2a22361167b,696.0,2.3333333333333335,0.5,5.5,2017-04-07 18:12:59,2017-06-23 01:15:59,2.533333333333333,29.11,RJ
1354d51653f645349064725ed204e85e,2570.0,3.7142857142857144,0.047619047619047616,1.8095238095238095,2017-06-05 16:49:45,2018-08-21 08:54:00,14.7,51.28,SP
138dbe45fc62f1e244378131a6801526,1125.56,3.9827586206896552,0.034482758620689655,1.8275862068965518,2018-05-07 11:11:27,2018-08-24 14:30:31,3.6333333333333333,53.05,SP
139157dd4daa45c25b0807ffff348363,29.9,4.0,0.0,1.0,2017-08-31 11:09:42,2017-08-31 11:09:42,1.0,54.0,SP
13c2ed7698b3ca92dad49e849219da59,498.61,4.444444444444445,0.0,2.0,2018-01-03 20:20:26,2018-08-02 12:06:05,7.0,56.75,PR
13d058e4eeac2ce8217660b2f8a05812,3829.77,4.217391304347826,0.13043478260869565,2.869565217391304,2017-05-11 18:25:16,2018-07-20 20:25:35,14.5,52.02,SP
13d95f0f6f73943d4ceffad0fc2cd32c,249.99,3.0,1.0,10.0,2018-03-13 12:23:51,2018-03-13 12:23:51,1.0,18.04,GO
13dd308f81fea30cc670c656b2b46cc3,117.69999999999999,5.0,0.3333333333333333,1.6666666666666667,2018-07-30 23:51:39,2018-08-27 19:32:27,1.0,50.02,SP
13e85aac53340018b40c2af68001b7e0,17.8,5.0,0.0,1.0,2016-10-08 22:41:36,2016-10-08 22:41:36,1.0,60.0,SP
13f57c12a00ed4610db646b913a7f5c6,772.7,4.8125,0.125,1.5,2017-09-25 10:08:28,2018-05-04 06:35:42,7.333333333333333,55.25,SP
13fa2a6c6b9d0f43cb588d7c82117a12,4987.0,4.090909090909091,0.36363636363636365,3.090909090909091,2017-06-09 17:38:12,2017-09-27 21:06:35,3.6666666666666665,44.45,SP
141440cad9341e553f8401c574a2aa38,1288.2,4.166666666666667,0.0,3.1666666666666665,2018-05-01 12:22:52,2018-08-14 02:08:11,3.466666666666667,55.21,PR
1430239a858e7682bbc43b20758af153,660.79,3.9565217391304346,0.0,1.9130434782608696,2017-08-22 16:56:24,2018-08-21 18:22:34,12.133333333333333,53.85,SP
1444c08e64d55fb3c25f0f09c07ffcf2,2749.0,1.0,0.0,10.0,2018-04-28 12:23:26,2018-04-28 12:23:26,1.0,36.45,BA
1464afc72f696af775557a821c2e253f,1079.26,4.129032258064516,0.03225806451612903,2.032258064516129,2017-04-12 12:13:43,2018-08-19 09:08:14,16.433333333333334,53.98,RJ
14a08204d03bb6b6bde8029f801ae0eb,2185.4,3.8157894736842106,0.0,1.868421052631579,2018-03-15 20:13:55,2018-08-20 20:02:22,5.233333333333333,53.25,SP
14d7985702e72162bbf13b6beb74ab2b,3887.0,4.342105263157895,0.13157894736842105,2.236842105263158,2017-03-31 14:40:26,2018-08-17 18:49:15,16.8,52.74,SP
14ee35374a7876217954b5fa08e50463,809.0,4.333333333333333,0.16666666666666666,4.666666666666667,2017-10-04 19:55:43,2018-01-17 11:42:31,3.466666666666667,51.13,SP
14f2b3587172b9db894c9bad8dab520b,244.0,2.5,0.0,4.5,2018-03-21 13:01:05,2018-07-14 14:55:43,3.8333333333333335,45.04,RS
152ee17e4c8aaf53dac99f3462e4999b,308.96000000000004,4.333333333333333,0.0,1.6666666666666667,2017-07-14 14:16:10,2017-10-14 11:58:43,3.033333333333333,56.05,SC
154bdf805377afea75a3bd158e9eab10,89.9,1.0,1.0,1.0,2018-07-02 18:42:38,2018-07-02 18:42:38,1.0,6.01,SP
1554a68530182680ad5c8b042c3ab563,33090.5,4.314935064935065,0.07643312101910828,2.8980891719745223,2016-09-04 21:15:19,2018-08-15 19:30:07,23.633333333333333,59.01,MG
157c3e4b42f81ac4a44e8b1ca2fe9876,2561.5,3.909090909090909,0.06060606060606061,2.4545454545454546,2017-10-19 22:49:04,2018-08-16 11:37:32,10.0,52.05,SP
1588ac4010787100dddef64568f0ae35,599.97,3.0,0.0,4.666666666666667,2017-12-22 20:35:38,2018-01-18 15:29:09,1.0,48.1,PR
15aac934c58d886785ac1b17953ea898,4353.9,4.115384615384615,0.15384615384615385,3.076923076923077,2017-10-19 19:59:44,2018-06-26 13:02:55,8.3,50.79,ES
15ac3c501e2599e4917316fde5c5669a,144.2,1.0,0.0,3.0,2017-02-26 21:03:46,2017-02-26 21:03:46,1.0,36.02,SP
15aec03fe4cf30dfa574cf550f5ff5ff,86.69999999999999,1.0,0.0,1.0,2017-02-09 16:09:42,2017-02-09 16:09:42,1.0,36.01,RJ
15b3b1b81484422eb41df68ac87f1f50,78.35,1.0,0.0,1.5,2017-11-24 23:01:08,2018-01-22 10:41:08,1.9333333333333333,36.01,SP
15cd6eefe58588619aaed41dfa6621b1,1658.64,4.368421052631579,0.05263157894736842,3.5789473684210527,2017-07-17 21:44:27,2018-05-12 17:35:56,9.933333333333334,54.9,MG
15ead3a5037a918ddb520dfe39a3d2b9,333.5,4.5,0.2,1.6,2018-01-22 13:48:41,2018-04-24 09:38:50,3.033333333333333,51.05,MG
15fa791d5e017f66402dc28c44480657,1872.0,4.333333333333333,0.1111111111111111,1.4444444444444444,2018-02-16 14:52:20,2018-06-12 21:05:23,3.8666666666666667,52.97,SP
160851d3ece7aa1a510f8d1a4bb8a8af,102.05,5.0,0.0,1.0,2018-07-29 11:15:05,2018-08-20 15:38:49,1.0,60.02,SP
16090f2ca825584b5a147ab24aa30c86,25894.329999999998,4.046228710462287,0.10628019323671498,1.4661835748792271,2017-01-31 17:40:36,2018-08-27 22:54:07,19.1,55.32,SP
160e4f13fd3a64b1b86807be88b5ffb0,886.0,4.25,0.0,7.25,2017-11-15 19:51:30,2018-02-13 19:14:16,2.966666666666667,55.64,PR
164a5a8794e6d42e14f55e447b12a3bc,73.99,5.0,0.0,3.0,2018-07-27 11:24:55,2018-07-27 11:24:55,1.0,60.01,PR
165b1235e9e9942cb5fae67103576fb0,2085.15,4.3125,0.0625,2.0625,2018-05-20 08:41:02,2018-08-19 07:41:33,3.0,54.34,SP
165fc07beebdcb6190fba8a06db2a449,17481.4,3.6875,0.125,3.09375,2017-08-07 10:21:18,2018-08-14 17:42:23,12.4,51.23,PR
1660ad786c27fd935378b6192a90b417,1700.0,4.642857142857143,0.07142857142857142,3.7857142857142856,2017-08-17 10:06:55,2018-07-22 17:19:08,11.3,55.99,SP
166e8f1381e09651983c38b1f6f91c11,78.8,5.0,0.0,1.5,2017-07-25 01:53:48,2017-08-21 00:27:44,1.0,60.01,SC
167fd940acebc789debd6eb418c46e38,1077.58,3.0,0.2,3.2,2017-11-30 18:26:24,2018-06-04 20:13:34,6.2,42.18,SP
1690cada046eb7e92c12f98b1f8a8167,1959.0,4.545454545454546,0.09090909090909091,3.272727272727273,2018-04-16 21:52:12,2018-08-10 17:09:47,3.8333333333333335,54.87,SP
16bdc8cefd0e32a6f0824d296c5ad14a,41.76,5.0,0.0,1.0,2018-04-11 08:22:30,2018-04-11 08:22:30,1.0,60.01,SP
1703bc09972dab9782e7a9194943b69f,249.9,5.0,0.0,7.0,2018-07-14 17:52:26,2018-07-14 17:52:26,1.0,60.04,MG
1710c3aaa9c6b44ec3883ee0fe300e21,1188.9,5.0,0.0,7.0,2018-04-25 17:22:38,2018-05-02 13:13:23,1.0,60.19,SP
17306570e772e7718c92a562d33f5f1d,9889.699999999999,3.5454545454545454,0.06060606060606061,4.757575757575758,2017-02-28 21:17:05,2018-04-18 14:37:49,13.766666666666667,51.07,SP
173d56ffbd4c56cb80fc3615487d712b,358.0,5.0,0.0,5.5,2018-08-18 08:27:58,2018-08-20 11:20:51,1.0,60.06,SP
1746c1ae87ac63d530c7c943d0ac42e2,229.9,5.0,0.0,8.0,2017-12-12 22:04:33,2017-12-12 22:04:33,1.0,60.04,SP
1771297ac436903d1dd6b0e9279aa505,2881.27,4.628571428571429,0.027777777777777776,2.9722222222222223,2017-01-19 22:41:52,2018-08-17 12:46:57,19.133333333333333,57.41,SP
1782ce2db72c3dda627d5e7c898104e1,2246.8,4.181818181818182,0.09090909090909091,2.272727272727273,2017-02-06 10:13:04,2018-05-05 16:45:11,15.1,52.73,SP
17908cf9b444ee34047cadd5c0f4a516,1993.99,4.545454545454546,0.09090909090909091,2.4545454545454546,2017-09-21 21:02:09,2018-08-11 22:01:59,10.8,54.87,GO
17998cf586426bf0f2c3726cb0a4b211,69.8,4.0,0.0,2.5,2017-07-28 04:06:33,2018-01-01 14:06:06,5.233333333333333,54.01,MG
179d859f51292aac5c10806a356f7af9,404.46999999999997,4.315789473684211,0.15789473684210525,1.0,2018-06-29 00:34:12,2018-08-10 16:02:36,1.4,51.22,SP
17a053fcb14bd219540cbde0df490be0,41782.82,4.218543046357616,0.0784313725490196,3.6405228758169934,2017-07-06 12:53:06,2018-08-13 21:46:36,13.433333333333334,59.79,SP
17adeba047385fb0c67d8e90b4296d21,809.6999999999999,1.0,0.0,1.0,2017-03-08 10:44:37,2017-03-08 10:44:37,1.0,36.13,SP
17ca9b9e9b9ef8fdb529001b49ebb50f,10094.65,4.007407407407407,0.022222222222222223,3.3333333333333335,2017-07-11 09:36:46,2018-08-21 12:21:04,13.533333333333333,55.03,MG
17e34d8224d27a541263c4c64b11a56b,57902.88,4.135036496350365,0.07971014492753623,4.061594202898551,2017-02-16 23:14:15,2018-08-20 11:27:27,18.3,61.89,SP
17eea220a40cc0d2c0c5346379682398,1414.98,3.75,0.5,2.75,2017-09-14 10:29:33,2017-10-26 19:12:53,1.4,37.73,SP
17f51e7198701186712e53a39c564617,49829.0,4.365079365079365,0.07936507936507936,6.888888888888889,2017-02-04 12:29:21,2018-08-05 09:58:57,18.2,61.96,SP
180c3376aff0e43dd5788709df48a843,4513.0,4.7,0.1,2.2,2017-08-11 11:35:58,2018-01-03 17:24:21,4.833333333333333,55.94,SP
1835b56ce799e6a4dc4eddc053f04066,34427.5,3.601754385964912,0.10416666666666667,2.8784722222222223,2017-09-05 23:06:45,2018-08-25 16:36:58,11.766666666666667,54.11,SP
1838dd9b8977065acf51d95e0053ea7a,2820.3,4.2388059701492535,0.04477611940298507,1.2388059701492538,2017-07-28 09:06:33,2018-08-01 22:15:19,12.3,54.55,MG
184725737946a1a938bbbd1a9e978103,359.70000000000005,4.666666666666667,0.0,5.666666666666667,2018-08-12 23:15:08,2018-08-21 15:56:19,1.0,58.06,SP
184a67a8f9f63234d3a92340bbdb727f,291.03000000000003,3.5833333333333335,0.0,2.6666666666666665,2016-10-04 15:02:37,2017-11-08 07:52:53,13.3,51.55,SC
186cdd1b2df32caa72cfb410bba768d3,1341.45,5.0,0.0,2.5,2018-05-11 11:17:57,2018-08-06 13:16:55,2.9,60.22,SC
189ca3538ce9f920cacf0f982cbe223b,419.0,3.8,0.0,3.0,2018-06-21 19:06:28,2018-08-07 14:50:14,1.5333333333333334,52.87,SP
18a349e75d307f4b4cc646a691ed4216,8986.52,3.3666666666666667,0.046357615894039736,1.490066225165563,2017-08-21 12:54:37,2018-08-26 19:04:40,12.333333333333334,50.28,SP
18e694e0e48ed6f7aa3f24aade5fd697,761.51,4.648648648648648,0.02702702702702703,1.972972972972973,2018-06-05 19:28:28,2018-08-26 19:07:32,2.7,57.21,SP
1900267e848ceeba8fa32d80c1a5f5a8,27527.99,3.8708551483420592,0.09466437177280551,2.7900172117039586,2017-05-17 22:01:53,2018-08-26 20:06:40,15.5,54.89,SP
191d55f7edb8524d525ed01b20fe32e8,996.0,3.0,0.25,3.75,2017-11-27 23:57:41,2018-01-18 00:19:41,1.7,40.66,DF
1927cdb9fa74f5270097f6250e8e8f34,120.0,5.0,0.0,1.0,2018-08-06 15:47:47,2018-08-06 15:47:47,1.0,60.02,SP
19484c79cef6c062cb177aa4ef2fcc3c,201.9,1.0,1.0,1.0,2018-08-03 01:50:48,2018-08-03 01:50:48,1.0,6.03,SP
1961c3e1272bfeceb05d0b78b5bbfdaf,896.0,3.75,0.0,1.5,2018-07-28 23:32:46,2018-08-18 22:35:15,1.0,52.65,SP
1967a9e2ad6f51802b093147d861df58,380.0,1.0,0.0,6.0,2017-03-07 20:57:33,2017-03-15 21:29:20,1.0,36.06,SP
1976a05ecf2996d6ffb7b5430e635fe7,1796.2,4.0,0.2222222222222222,4.111111111111111,2017-02-25 11:11:52,2017-09-12 16:06:10,6.633333333333334,47.63,SP
1987cd4be10fe09ee50454f9c354d1c6,2877.7,4.25,0.0625,3.4375,2017-10-08 16:38:54,2018-03-02 23:16:28,4.833333333333333,54.09,MG
198c7ea11960a9844b544d9bcdca860c,1733.75,3.88,0.12,2.52,2017-01-26 13:14:02,2017-08-22 22:19:38,6.933333333333334,49.96,MG
1992f8fb6b19fcccd97ca819811e7267,28.8,1.0,0.0,3.0,2018-07-26 12:45:33,2018-07-26 12:45:33,1.0,36.0,SP
1996942dc085d7773ba77a529b163cd0,2943.51,3.9,0.0,5.7,2018-05-29 21:30:08,2018-08-15 23:20:59,2.6,53.88,SP
19a7c9f66ffa6452ff4b4c0cca71da27,279.0,5.0,0.0,6.0,2017-09-30 16:14:28,2017-09-30 16:14:28,1.0,60.05,PR
19d62d484cba71963c93f0f00ab42013,139.9,4.0,0.0,4.0,2018-04-26 16:49:29,2018-04-26 16:49:29,1.0,54.02,SC
19e0f40a907ec568c34bfac15de4f4a1,178.0,5.0,0.0,2.0,2017-01-31 11:26:49,2017-10-17 10:30:04,8.6,60.03,SP
1a3df491d1c4f1589fc2b934ada68bf2,24736.600000000002,4.157894736842105,0.05263157894736842,4.489473684210527,2017-04-29 20:57:32,2018-08-15 20:49:33,15.733333333333333,57.41,SC
1a6245add4353f18ed55138808906979,60.0,3.0,0.0,3.0,2017-07-22 00:37:21,2017-07-22 00:37:21,1.0,48.01,SP
1a8e2d9c38b84a9702ac7922924b0573,80.0,5.0,0.0,1.0,2018-02-06 10:54:24,2018-02-06 10:54:24,1.0,60.01,SC
1a932caad4f9d804097d7f8e615baed1,4897.0,3.59375,0.125,4.1875,2018-05-02 15:14:09,2018-08-22 18:16:55,3.7333333333333334,48.61,SP
1acde099eb406aa220b1169b188b42da,311.1,4.3,0.0,1.7,2017-09-10 22:32:14,2017-11-06 12:41:01,1.8666666666666667,55.85,SP
1b0b0f4f95e962d6f32fe90c759d0479,139.8,5.0,0.0,2.0,2017-12-01 12:05:20,2018-08-16 13:45:11,8.6,60.02,SP
1b1ae47a313a825a7ccceb8e2e30fa9d,2553.7,3.8333333333333335,0.0,2.5384615384615383,2017-10-04 21:39:30,2018-05-07 13:37:30,7.133333333333334,53.42,PR
1b45169b635ef59425637e9a33eb5fb3,308.9,4.625,0.0,2.0,2018-02-13 13:27:43,2018-08-15 23:04:04,6.1,57.8,PR
1b4b28463457a256e9a784ebe2a8f630,699.42,1.0,1.0,1.0,2018-08-07 16:49:52,2018-08-07 16:49:52,1.0,6.11,SP
1b4c3a6f53068f0b6944d2d005c9fc89,14809.300000000001,4.111111111111111,0.059322033898305086,3.4915254237288136,2017-02-16 17:42:42,2018-07-26 13:09:48,17.466666666666665,55.31,SC
1b61fb1f0f2185d89e9a126c498e9cc7,49.7,5.0,0.0,6.0,2017-06-23 07:15:39,2017-06-23 07:15:39,1.0,60.01,PR
1b65c144b17e607c0f37f10bb7dfec8d,1109.5,2.0,0.0,4.0,2018-04-20 20:36:31,2018-06-29 11:31:08,2.3,42.18,SC
1b7e5006cb25dd23ce8686691013b121,2636.74,4.363636363636363,0.18181818181818182,4.454545454545454,2017-09-30 12:48:45,2018-08-03 13:37:17,10.233333333333333,51.16,SP
1b8356dabde1d35e17cef975c3f82730,3746.34,4.045454545454546,0.015151515151515152,2.227272727272727,2017-02-03 16:13:58,2017-11-13 22:06:58,9.433333333333334,54.43,SP
1b8b75e227c9a9c100d0c210fb6176ce,2054.82,3.25,0.05,3.4,2017-01-08 20:57:29,2017-11-30 15:39:45,10.833333333333334,48.34,SP
1b938a7ec6ac5061a66a3766e0e75f90,4046.5,4.235294117647059,0.029411764705882353,3.7058823529411766,2017-09-22 17:15:55,2018-08-18 18:46:34,11.0,55.19,SP
1bb2bdb95f4841f1bba2c0d2cd83d3c9,5109.08,4.579545454545454,0.06741573033707865,1.4831460674157304,2017-01-30 18:43:16,2018-08-13 11:43:17,18.633333333333333,56.29,SP
1bb3812d5f0747a3ab7348f199001a10,834.4000000000001,4.888888888888889,0.0,2.4444444444444446,2017-11-06 23:39:18,2018-08-14 19:46:25,9.333333333333334,59.47,SP
1bc2e21de46adfea6b98cc96b00f3b40,1039.95,3.6,0.0,3.8,2017-02-06 23:01:32,2017-05-16 10:55:20,3.2666666666666666,51.77,SC
1c129092bf23f28a5930387c980c0dfc,9716.52,4.1875,0.05333333333333334,2.9244444444444446,2017-10-02 14:50:52,2018-08-11 14:36:54,10.4,55.11,SP
1c40343cc5d18c2d8248ac2f3366de34,2461.41,4.545454545454546,0.09090909090909091,3.772727272727273,2018-05-28 21:38:55,2018-08-20 21:51:20,2.8,54.95,SP
1c56ffe0e9dea2657fc6e95b53f40b13,183.0,4.333333333333333,0.0,1.3333333333333333,2018-07-23 11:36:26,2018-08-22 21:47:41,1.0,56.03,SP
1c5e4e49b9079480255b49d50aac1aa9,10173.11,4.333333333333333,0.0,4.166666666666667,2017-03-09 18:15:38,2018-08-05 04:43:04,17.1,57.66,SP
1c68394e931a64f90ea236c5ea590300,26133.56,3.943820224719101,0.033707865168539325,2.5112359550561796,2017-07-15 11:56:44,2018-08-13 10:39:55,13.1,56.92,PR
1c742ac33582852aaf3bcfbf5893abcf,97.9,5.0,0.0,1.0,2018-06-22 16:07:51,2018-06-22 16:07:51,1.0,60.02,MG
1c83418358f249c9d6affa52d579db0e,24.9,5.0,0.0,3.0,2017-04-29 06:54:41,2017-04-29 06:54:41,1.0,60.0,SP
1ca4bdb0cd7fc48e949bac066188ed26,1520.0,4.5,0.25,5.0,2018-03-22 14:08:52,2018-07-30 13:00:56,4.3,49.75,MG
1ca7077d890b907f89be8c954a02686a,13490.57,2.18978102189781,0.18115942028985507,2.898550724637681,2017-09-15 13:53:55,2018-04-09 17:09:08,6.866666666666666,39.91,SP
1caf283236cd69af44cbc09a0a1e7d32,986.61,4.564102564102564,0.10256410256410256,1.3333333333333333,2017-04-07 12:07:32,2018-07-26 19:41:13,15.833333333333334,54.47,RJ
1cbcd2ee0afb3fc09963b87eb65e7e4f,90.0,5.0,0.0,1.0,2018-06-18 11:15:23,2018-06-18 11:15:23,1.0,60.01,PR
1cbd32d00d01bb8087a5eb088612fd9c,1045.47,4.25,0.08333333333333333,3.25,2018-05-10 14:32:26,2018-08-19 12:31:08,3.3333333333333335,53.17,SP
1cbd50a8c52e6cf8e315c5709fab386f,785.97,3.7777777777777777,0.1111111111111111,1.5555555555555556,2018-01-23 12:49:41,2018-07-20 12:28:34,5.9,49.46,PR
1cbdc7cf130a41fd13a3c2a7d2fcfda7,165.8,5.0,0.0,1.5,2018-05-06 11:15:20,2018-07-03 10:46:01,1.9,60.03,MG
1cd9e0cc1839d55516843def5600816d,825.0,5.0,0.0,3.6,2018-06-18 13:34:26,2018-08-19 15:43:09,2.066666666666667,60.13,SP
1ce3ae5a399804d1a87e706f8a813c3e,2632.9,3.7333333333333334,0.08888888888888889,2.8,2017-08-03 11:45:23,2018-08-20 14:45:48,12.733333333333333,50.16,SC
1d0646a72178a6fb37ee8082140e06ec,61.0,5.0,0.0,2.5,2018-07-16 14:24:22,2018-08-22 18:52:42,1.2333333333333334,60.01,SC
1d0997ff06b524ce9289ffd75114ecd3,3747.0,3.6666666666666665,0.3333333333333333,5.0,2017-01-27 16:21:48,2017-11-24 09:43:53,10.0,42.61,PE
1d139e3a3b14025640d8df1b230aace0,36.49,3.5,0.0,2.0,2017-09-13 12:24:18,2017-11-19 18:41:04,2.2333333333333334,51.01,SP
1d1bbb8ac1581824986f582583fff01d,198.87,3.8,0.2,2.6,2018-04-27 10:01:33,2018-08-24 13:59:41,3.966666666666667,46.83,SC
1d2732ef8321502ee8488e8bed1ab8cd,1148.0,3.2,0.2,2.8,2017-04-19 11:58:54,2018-05-03 16:46:51,12.633333333333333,43.39,RJ
1d29dfba02015238dfbe2449a5eaa361,612.8,4.5,0.08333333333333333,1.9166666666666667,2017-02-01 09:54:31,2018-05-10 13:09:26,15.433333333333334,54.6,MG
1d4587203296c8f4ad134dc286fa6db0,2323.3,4.3023255813953485,0.046511627906976744,1.697674418604651,2017-12-15 11:52:23,2018-08-27 19:29:28,8.5,54.8,SP
1d503743d2526f03f0c2c89540ee008c,576.03,4.277777777777778,0.05555555555555555,1.2222222222222223,2018-01-25 15:23:17,2018-07-15 12:57:22,5.666666666666667,54.09,SP
1d8dbc4f32378d715c717c1c1fc57bae,11535.89,3.8877551020408165,0.1,3.41,2017-03-20 16:41:25,2018-06-24 18:49:49,15.366666666666667,52.21,PR
1d953075c2f0dd990bacf27b83b330f1,59.0,5.0,0.0,1.0,2018-08-13 11:35:50,2018-08-13 11:35:50,1.0,60.01,MG
1da366cade6d8276e7d8beea7af5d4bf,7315.589999999999,3.938775510204082,0.12,3.1,2017-02-04 17:33:35,2017-12-21 17:43:41,10.666666666666666,51.23,MG
1da3aeb70d7989d1e6d9b0e887f97c23,9064.43,4.0625,0.05325443786982249,2.0562130177514795,2017-03-04 09:55:07,2018-08-21 17:04:34,17.833333333333332,54.26,SP
1dc2de47ee26a0a5b12dc14fd6dc0dea,1726.2,4.535714285714286,0.10714285714285714,2.9642857142857144,2018-02-01 09:48:31,2018-08-22 14:19:39,6.733333333333333,54.28,SP
1dcfa3835714681d4ba4a93bc1e0fd41,1278.5,3.857142857142857,0.0,5.133333333333334,2017-07-27 09:24:18,2018-04-02 11:24:47,8.3,53.35,SP
1dd33b8119b3cb1056ed5dc88cd0aaf4,1513.0,3.75,0.125,2.375,2017-11-09 13:49:13,2018-02-14 12:20:44,3.2,49.0,SP
1de62b6f2fd96227629786db492433db,208.8,5.0,0.0,3.5,2018-06-14 21:05:33,2018-08-23 10:43:59,2.3,60.03,SP
1dfe5347016252a7884b694d4f10f5c4,1754.5,3.259259259259259,0.21428571428571427,3.607142857142857,2017-10-28 15:55:01,2018-04-08 22:20:03,5.4,43.41,SP
1e26c56af8d48424e1df0140a2401f83,258.9,5.0,0.0,5.0,2018-06-13 20:49:57,2018-08-08 11:14:31,1.8333333333333333,60.04,SP
1e47d8b6546eb3a77b1acddcc9406242,149.9,1.0,0.0,10.0,2017-05-15 08:59:57,2017-05-15 08:59:57,1.0,36.02,SP
1e47defeeadeca0e9a18fa5a9311e735,234.12,5.0,0.0,3.0,2017-06-13 11:34:47,2017-07-19 16:17:11,1.2,60.04,SP
1e483cc5c76fef08d3ca05f9a8af7d01,216.98,4.166666666666667,0.0,1.0,2017-02-09 15:43:30,2017-05-18 12:41:57,3.2333333333333334,55.03,SP
1e8b33f18b4f7598d87f5cbee2282cc2,18607.46,4.26,0.039473684210526314,4.092105263157895,2017-11-16 13:23:12,2018-08-27 21:27:13,9.466666666666667,57.42,SP
1e8c6a4c538f286aee9573239740a4b4,359.7,3.8,0.0,3.8,2018-04-10 14:29:06,2018-08-13 23:03:46,4.166666666666667,52.86,SP
1e9d5a33694bddb76316fd1f54734d20,318.0,4.5,0.0,7.5,2018-07-18 13:52:51,2018-08-17 11:12:26,1.0,57.05,MT
1eade46fba20122dc4aefb379f8c636b,3724.36,4.315789473684211,0.13157894736842105,1.7236842105263157,2017-02-13 00:28:28,2018-07-22 22:00:38,17.466666666666665,52.56,SP
1f1bb1f0859883505541bdd6606193e5,17190.8,4.333333333333333,0.09090909090909091,6.090909090909091,2017-04-05 21:01:30,2018-07-29 20:22:09,15.966666666666667,56.08,SP
1f2eebc0e970fd3c463e4f5d9652687a,44.99,5.0,1.0,1.0,2018-08-09 16:06:19,2018-08-09 16:06:19,1.0,30.01,SP
1f50f920176fa81dab994f9023523100,111928.01,3.98158287705326,0.09816559246405553,2.5686663361427864,2017-04-03 22:00:31,2018-08-25 20:10:27,16.933333333333334,69.25,SP
1f7dfad2cb384ea4d2d7e1ffbd78c407,49.0,1.0,0.0,1.0,2018-05-05 13:16:14,2018-05-05 13:16:14,1.0,36.01,SP
1f7fd2a6fcd5a6fa5d8a4dabc72aaae0,531.8,5.0,0.0,5.0,2017-04-05 15:15:05,2018-05-07 09:12:36,13.2,60.09,RS
1f867308a0ce13133a4e639ff4de0c02,881.1,4.571428571428571,0.0,4.642857142857143,2017-09-25 12:07:37,2018-06-02 11:03:09,8.3,57.57,PR
1f9ab4708f3056ede07124aad39a2554,14072.43,4.098765432098766,0.04878048780487805,2.9634146341463414,2017-01-27 18:00:27,2018-06-02 11:14:30,16.333333333333332,55.43,SP
1fa2d3def6adfa70e58c276bb64fe5bb,6.9,1.0,0.0,2.0,2018-08-24 13:04:05,2018-08-24 13:04:05,1.0,36.0,SP
1fbe10c70e30765ed1de86d9f7e98409,98.75,1.5,0.0,1.0,2018-06-21 10:09:54,2018-07-18 17:25:29,1.0,39.02,SP
1fdc574883ef3b33ad41562d93f3a74a,4251.0,4.444444444444445,0.05555555555555555,2.8333333333333335,2017-11-26 23:00:00,2018-07-21 13:10:30,7.866666666666666,55.69,SP
1fddcb7b326905d3ad5efe82187db347,92.0,1.0,0.0,1.0,2017-03-28 07:27:16,2017-03-28 07:27:16,1.0,36.01,SP
1fe5540d7c1c37a595fefbacd5570d9e,4537.6,4.28,0.04,2.76,2018-08-02 15:58:56,2018-08-16 08:44:24,1.0,55.22,RJ
1fe61aa5494bd3ae92a2c13e067c810f,1075.52,4.0,0.0,12.5,2017-11-27 12:12:28,2017-11-27 12:12:28,1.0,54.18,SC
2009a095de2a2a41626f6c6d7722678d,460.48999999999995,4.1875,0.0,3.0625,2017-03-10 12:10:11,2017-10-29 21:01:35,7.766666666666667,55.2,SP
2039c5e51785b5dde7cf93ccb3b7be2c,159.9,5.0,0.0,7.0,2018-07-16 13:00:53,2018-07-16 13:00:53,1.0,60.03,SP
204b4e07bddef3c9b317f70189135b22,73.4,5.0,0.0,4.0,2018-07-27 17:29:41,2018-07-27 17:29:41,1.0,60.01,MG
2059c39f76271d4ca3f15b5ffaccc8b8,604.9,4.5,0.0,2.25,2017-02-01 13:18:42,2017-09-07 20:12:30,7.266666666666667,57.1,PR
20611af7866c6068fd5ae1f9dbe15c92,219.8,4.5,0.0,1.5,2018-07-14 20:11:04,2018-07-16 09:04:15,1.0,57.04,SP
2063dd1b9f568df1c16741ea7d3e6adb,763.1,5.0,0.0,5.0,2017-03-05 20:31:56,2017-11-15 21:27:34,8.5,60.12,PR
2075d8cd4dd63ff12df0749a5866bb06,184.70000000000002,5.0,0.0,2.3333333333333335,2018-08-07 14:02:28,2018-08-10 00:10:24,1.0,60.03,PR
2078fe5066350e7d220c0ad3a3bbc6c1,29.9,2.0,0.0,1.0,2018-03-28 15:49:07,2018-03-28 15:49:07,1.0,42.0,PR
2089a6d640999f9b9141ac719b2af596,9226.82,3.652173913043478,0.17391304347826086,3.608695652173913,2017-04-17 07:25:25,2018-07-17 11:16:54,15.2,48.2,SP
20a7efa9721046319bdde5d60b6b5365,501.20000000000005,5.0,0.0,1.0,2018-01-08 10:50:24,2018-02-08 14:19:47,1.0333333333333334,60.08,SP
20a8b0dc55da94fe74d112082427c84f,525.4,4.25,0.125,1.75,2018-07-31 12:54:10,2018-08-23 11:20:57,1.0,51.84,SP
20b54c376b794ed028df09a3cd88e8dc,1342.95,3.0,0.18181818181818182,2.090909090909091,2017-09-16 17:56:07,2018-07-02 17:00:50,9.6,42.76,SP
20cb7c2fde3e5bf10f0bbe7394e1c6a9,895.6999999999999,3.811320754716981,0.09433962264150944,3.7358490566037736,2017-03-14 19:26:29,2018-08-21 19:23:38,17.466666666666665,50.18,PR
20d53aad4fe5ee93a64f8839609d3586,51.9,2.5,0.5,2.0,2017-11-26 10:19:20,2018-05-14 09:17:04,5.6,30.01,MG
20d83f3ef0e6925fd74bfd59170babf7,3083.3,4.385964912280702,0.03508771929824561,2.9649122807017543,2017-03-28 22:02:40,2018-08-28 21:10:46,17.233333333333334,55.77,SP
20f0aeea30bc3b8c4420be8ced4226c0,14.9,,1.0,2.0,2017-02-05 19:13:56,2017-02-05 19:13:56,1.0,,SP
20fd2d2080ed85fa67fad3fcbb2c1813,85.9,1.0,0.0,3.0,2018-04-30 18:55:03,2018-04-30 18:55:03,1.0,36.01,PR
2138ccb85b11a4ec1e37afbd1c8eda1f,13066.76,3.8946188340807173,0.053691275167785234,1.9865771812080537,2016-10-04 19:30:28,2018-08-28 13:28:34,23.066666666666666,53.89,SP
213b25e6f54661939f11710a6fddb871,15989.0,3.8121827411167515,0.105,3.305,2017-11-21 21:24:19,2018-08-14 07:49:51,8.833333333333334,52.34,SP
213fafb0ca06fb3d5886579c2565791b,189.70000000000002,2.3333333333333335,0.0,1.6666666666666667,2018-06-14 15:23:38,2018-08-23 10:23:31,2.3,44.03,MG
2156f2671501a81034d7d07f217609d0,2981.5,3.8636363636363638,0.13636363636363635,3.0,2017-08-28 20:12:09,2018-07-26 13:59:29,11.033333333333333,49.58,SP
217f005bb37ff3aeef5b2ae1788e75ba,99.96,3.75,0.0,2.75,2017-04-21 20:16:02,2017-06-13 10:51:54,1.7333333333333334,52.52,SP
218d46b86c1881d022bce9c68a7d4b15,56241.28,4.143187066974596,0.08944954128440367,2.7522935779816513,2017-01-18 14:56:47,2018-08-22 15:38:10,19.366666666666667,61.37,SP
218f991754f360af9c2daa5e0b8e990c,3554.32,3.5294117647058822,0.11764705882352941,3.823529411764706,2017-12-18 18:19:07,2018-08-19 19:09:43,8.133333333333333,48.23,SP
2199e7fe213c16213bf5d6a7eadc9a5d,4157.89,4.333333333333333,0.030303030303030304,2.9393939393939394,2016-10-10 09:57:05,2018-08-20 08:13:17,22.6,55.77,SP
21c62b998a043ebe31161d38f84929fc,750.49,4.5,0.0,3.25,2018-07-16 17:15:06,2018-08-08 22:21:23,1.0,57.12,CE
21d59342ba150175ca2aa4f8faddeca6,259.9,4.5,0.0,4.5,2018-08-09 11:07:40,2018-08-22 14:53:45,1.0,57.04,SP
21e83881401b92b49fb09a16d3852291,8125.82,4.0,0.0,2.15,2017-03-09 23:39:26,2018-01-29 16:16:23,10.833333333333334,55.33,MG
2235cf78d3e2073a88146a9cb60f0dd0,178.99,5.0,0.0,4.0,2017-11-30 19:12:21,2017-11-30 19:12:21,1.0,60.03,SP
226b05fe067266c59c15dae208213d06,1056.9,4.181818181818182,0.0,2.272727272727273,2018-03-08 23:14:39,2018-04-12 16:01:28,1.1333333333333333,55.26,PR
228e4c1a0be164f613d41c24345f9d2c,749.6,5.0,0.0,3.142857142857143,2018-05-07 13:31:20,2018-08-10 22:17:45,3.1666666666666665,60.12,PR
229c3efbfb0ea2058de4ccdfbc3d784a,15843.0,3.639455782312925,0.020134228187919462,2.912751677852349,2016-10-05 07:31:49,2018-08-17 15:12:27,22.7,53.82,MG
22a23e5ac7061fc538cc2a019afaaf16,95.0,3.0,0.0,5.0,2017-05-18 11:00:04,2017-05-18 11:00:04,1.0,48.01,MG
22c32ec35d0116ef02c281798a25bf8b,119.58,3.5,0.0,1.0,2018-01-30 05:33:26,2018-02-22 19:15:25,1.0,51.02,PR
2305ab43e846518f58dd9d59f3f54e96,788.89,3.6666666666666665,0.0,6.666666666666667,2018-04-24 13:42:07,2018-06-18 14:46:06,1.8333333333333333,52.13,SP
232a6014e7b10cba61c6c2b2ea6bb4b0,3919.87,4.085714285714285,0.05555555555555555,3.25,2017-02-04 22:38:49,2018-07-20 10:39:19,17.666666666666668,53.49,SP
23613d49c3ac2bd302259e55c06c050c,4768.6,3.63855421686747,0.13095238095238096,3.3333333333333335,2016-10-08 21:12:48,2018-08-19 23:28:25,22.666666666666668,48.68,SP
236585a4ddb5fea9fa40233e2249ed91,649.53,4.090909090909091,0.09090909090909091,1.8181818181818181,2017-11-05 15:36:10,2018-08-09 23:21:52,9.233333333333333,51.92,RS
2379bdc3888025689a9deb7b141507d5,1007.4,4.0,0.4,3.3,2018-01-31 16:57:52,2018-08-03 10:17:53,6.1,42.16,SP
238fac594e170b59c6d228f5a4f4f1d9,3126.0,3.9655172413793105,0.13333333333333333,3.3,2017-10-08 10:44:32,2018-08-19 11:25:16,10.5,50.3,SP
23a0ffca143a15b9b5bbdb7d552f626a,3859.01,3.8846153846153846,0.15384615384615385,2.5,2018-03-14 19:41:35,2018-08-14 14:23:59,5.066666666666666,49.32,SP
23c38debaffe4a25a30fdbd9b586a13f,5382.18,4.304347826086956,0.15217391304347827,2.391304347826087,2018-04-02 12:30:02,2018-08-07 08:19:25,4.2,52.14,SP
23ca5f678e0b3ea6c630b30fa8bf51ea,183.0,5.0,0.0,4.0,2017-03-04 11:44:25,2017-05-04 23:14:03,2.033333333333333,60.03,SP
23d7c96d4a1160db1c726b248601b25a,13218.960000000001,3.694915254237288,0.12903225806451613,3.6129032258064515,2017-07-20 17:52:10,2018-08-16 09:59:36,13.033333333333333,50.46,SP
23ff42c4bf1f8f16cddb19d8b972974a,174.70000000000002,4.333333333333333,0.0,7.0,2017-09-27 08:01:35,2017-11-17 13:12:47,1.7,56.03,MG
240b9776d844d37535668549a396af32,13592.08,4.277777777777778,0.05555555555555555,4.416666666666667,2018-07-17 13:48:59,2018-08-21 14:19:34,1.1666666666666667,56.22,RJ
244b04680fdbded0acf5aebd9c92b44a,3477.7000000000003,1.0,0.3333333333333333,11.333333333333334,2017-12-12 10:52:09,2018-03-28 21:25:36,3.533333333333333,26.57,SP
244c2f1bff6afe1f2eaf9bfe9b2aed38,3220.0,3.8529411764705883,0.11764705882352941,5.029411764705882,2017-02-07 11:11:30,2018-02-06 08:31:14,12.1,50.11,SP
247587846358bb1d2e4c6522020b36fe,99.0,5.0,0.0,1.0,2018-06-17 22:05:56,2018-06-17 22:05:56,1.0,60.02,SP
2493dc3f20131696a0ecdb9948051a8d,504.38,4.75,0.0,3.75,2017-01-24 17:09:24,2017-02-07 23:15:25,1.0,58.58,DF
249f0e9905a6e06ad6c6bea7547ab9f6,347.95,3.6666666666666665,0.0,1.0,2018-06-25 01:10:48,2018-08-03 18:54:39,1.3,52.06,RJ
24a6daf925d9d591870a66660416de31,60.0,4.5,0.0,2.5,2018-01-29 09:47:12,2018-05-06 20:33:11,3.2333333333333334,57.01,SP
24c1de8d9551c0b4fbc53317d53efda8,355.0,5.0,0.0,1.0,2017-02-01 18:41:32,2017-02-01 18:41:32,1.0,60.06,PB
2528513dd95219a6013d4d05176e391a,36236.1,3.977401129943503,0.05,4.538888888888889,2017-03-22 14:20:09,2018-08-24 11:17:45,17.3,58.29,SP
2528744c5ef5d955adc318720a94d2e7,6245.0,2.4,0.0,8.2,2017-10-28 12:57:36,2018-06-27 13:33:58,8.066666666666666,45.42,SP
252e76235acb79183cfca6e34f13337d,261.2,3.75,0.0,1.5,2017-02-17 16:10:12,2018-06-01 11:54:07,15.6,52.54,SP
253c025bab43881055aeecde5e2d8b77,94.82,4.5,0.5,1.0,2017-11-23 18:36:14,2018-07-10 13:20:17,7.6,42.01,PR
253f95b3a0e6983ae18aed49fbc2b845,799.5,4.4,0.0,1.6,2018-03-21 08:26:56,2018-06-11 11:52:05,2.7333333333333334,56.53,SP
257e61d3251fb5efb9daadddbc2cf7ca,7729.0,4.75,0.0,7.75,2018-04-06 17:16:18,2018-08-15 16:12:57,4.333333333333333,59.76,PR
258447aad3f7b01e2643c89f64dc5647,51.9,5.0,0.0,3.0,2018-07-24 19:44:56,2018-07-24 19:44:56,1.0,60.01,PR
259f7b5e6e482c230e5bfaa670b6bb8f,9305.91,4.219101123595506,0.01675977653631285,2.3072625698324023,2017-03-23 14:28:37,2018-08-27 13:59:44,17.366666666666667,56.33,SP
25be943a321c8938947bdaabca979a90,769.0,3.0,0.0,5.6,2018-05-09 14:54:32,2018-09-03 09:06:57,3.8666666666666667,48.13,SP
25c5c91f63607446a97b143d2d535d31,56138.73,3.711191335740072,0.05755395683453238,2.226618705035971,2017-03-08 08:58:11,2018-03-28 11:26:02,12.833333333333334,59.72,MG
25cf099de44674fde97473224f9d59ab,1681.54,4.34,0.0392156862745098,1.411764705882353,2017-06-06 11:52:48,2018-08-25 21:53:15,14.833333333333334,55.14,SP
25debeafbce801fdd479539350185eee,302.84000000000003,2.4285714285714284,0.0,4.142857142857143,2017-06-05 10:45:54,2018-05-15 13:17:14,11.466666666666667,44.62,SP
25e47381a6c510ddeb36084e33b89f0c,1349.5,4.0,0.0,2.7777777777777777,2017-05-16 18:26:49,2017-06-29 07:53:56,1.4333333333333333,54.22,SP
25e6ffe976bd75618accfe16cefcbd0d,11739.49,4.389830508474576,0.05084745762711865,2.6610169491525424,2016-10-02 22:07:52,2018-06-24 20:26:36,20.966666666666665,56.73,SP
262237171f48e85819065498cac80d7b,599.0,4.3,0.0,5.5,2017-08-02 08:58:27,2018-08-02 22:27:23,12.166666666666666,55.9,SC
2646baaf662d4d92ac48f047e35db92d,1263.05,4.555555555555555,0.1111111111111111,1.7222222222222223,2018-04-29 22:00:59,2018-08-09 19:37:47,3.3666666666666667,54.21,SP
26562f211dd1364af2a8596dc945e8ae,99.0,5.0,0.0,1.5,2018-07-10 10:33:17,2018-07-31 17:12:15,1.0,60.02,SP
265fdc289dffa9f1ad801c74f7d0de47,495.0,5.0,0.0,1.0,2018-08-13 12:20:57,2018-08-13 12:20:57,1.0,60.08,SP
26785a546900236d66f2e4197c211158,1019.2,4.666666666666667,0.0,1.8,2017-11-22 19:20:46,2018-07-24 17:04:30,8.1,58.17,SP
269c5fc9fcadee614364c3620c30a1f9,209.6,5.0,0.3333333333333333,2.6666666666666665,2018-07-31 18:14:02,2018-08-08 21:19:23,1.0,50.03,SP
269cff2d3c8d205c11f37a52402ea93b,1281.59,4.4,0.0,2.8,2018-06-28 08:44:49,2018-08-10 18:09:49,1.4333333333333333,56.61,SP
26af45f5dfd967225a832838aa4e24a3,573.1,4.181818181818182,0.0,1.8181818181818181,2018-01-11 13:15:43,2018-08-22 21:26:03,7.433333333333334,55.18,PR
26b482dccfa29bd2e40703ba45523702,344.78,5.0,0.0,2.5,2018-07-31 20:37:46,2018-08-20 08:39:15,1.0,60.06,SP
26bad72add1f86e08a776ce4ffdaf1ca,787.0,4.5,0.0,4.125,2017-09-13 14:44:40,2018-05-21 11:08:51,8.3,57.13,SP
26d6bbee02420494d471c9f6436929c0,434.51,4.6923076923076925,0.0,1.2307692307692308,2018-04-05 12:14:30,2018-08-25 19:15:56,4.733333333333333,58.22,PR
26d8a1c7c75d513045798992ead43aa2,8494.11,4.256410256410256,0.07692307692307693,3.4615384615384617,2017-08-17 02:43:54,2018-08-12 03:44:50,12.0,54.62,PR
26e13b6ff5b641b329e5524241ee2c93,119.69999999999999,4.0,0.0,2.0,2018-08-01 04:52:56,2018-08-22 18:03:39,1.0,54.02,SP
26e2c91ef821e1ff8985f408788fe35b,2327.0,2.5555555555555554,0.2777777777777778,3.7222222222222223,2018-02-20 09:43:30,2018-07-24 16:11:14,5.133333333333334,37.38,SP
26e2e5033827d2ba53929f43e03d8ffe,139.49,5.0,0.0,4.0,2018-08-25 12:50:59,2018-08-25 12:50:59,1.0,60.02,SP
26f6b7ab07be3e9e69ce82a6552efc19,54.8,3.0,0.5,2.0,2018-08-14 01:00:24,2018-08-15 15:12:34,1.0,33.01,RJ
270297ead4c65a6cd2593960d2af6b21,9422.4,3.736842105263158,0.0,7.15,2017-03-15 19:48:58,2018-08-13 23:03:46,17.2,53.96,SP
270572bb714b00531be85e16e1550f26,96.99,5.0,0.0,4.0,2018-05-24 21:26:55,2018-05-24 21:26:55,1.0,60.02,SP
2709af9587499e95e803a6498a5a56e9,1288.96,2.617021276595745,0.4791666666666667,2.3125,2017-02-15 22:32:29,2018-08-26 19:01:18,18.533333333333335,31.54,SP
270d3ef21830ad0ecf3a6c53d08a533a,509.0,2.2222222222222223,0.0,3.7222222222222223,2017-12-06 14:04:08,2018-04-28 02:23:24,4.733333333333333,43.42,SP
271b8923c6a549e02d3c9fd1f8c0422b,105.19,4.0,1.0,1.0,2018-07-30 19:39:13,2018-07-30 19:39:13,1.0,24.02,SP
271c58a1d139c45eaf3316107c6d3a3b,3897.52,4.068965517241379,0.06896551724137931,3.413793103448276,2018-05-02 13:55:37,2018-08-14 18:45:08,3.466666666666667,52.98,SP
272f092de69afedd4d2969440b37f18f,1985.23,3.923076923076923,0.0,3.024390243902439,2017-02-05 23:22:30,2017-11-11 10:44:49,9.266666666666667,53.86,SP
2745f798279e0ed033addcc1474776d7,3826.18,3.9375,0.09090909090909091,2.4545454545454546,2017-08-20 22:08:30,2018-05-30 15:04:45,9.4,51.52,SP
276677b5d08786d5dce7c2149dcce48b,3567.9,3.8333333333333335,0.0625,3.0833333333333335,2018-02-01 21:24:28,2018-08-13 12:23:45,6.4,51.71,MG
278b6e0b20c4f61fefaa0577943d7a35,1078.0,1.0,0.0,3.0,2018-05-10 13:10:44,2018-05-10 13:10:44,1.0,36.18,SC
27a56ff04b34c2ba34ce6ba4d3b9d616,349.28999999999996,4.125,0.125,1.875,2017-04-05 15:45:38,2017-10-13 10:53:47,6.333333333333333,51.06,SP
282c7480173bb9c01dd41cc739fec010,4274.2,4.428571428571429,0.125,1.25,2017-08-07 21:25:10,2017-08-20 16:09:44,1.0,53.52,SP
282f23a9769b2690c5dda22e316f9941,6673.04,4.292035398230088,0.04424778761061947,1.8938053097345133,2017-07-14 12:12:53,2018-08-23 19:14:36,13.5,55.52,MG
28405831a29823802aa22c084cfd0649,245.0,4.285714285714286,0.0,1.0,2018-06-26 16:00:19,2018-08-18 18:29:46,1.7666666666666666,55.75,SP
28872dc528e978a639754bc8c2ce5a4c,1009.9,5.0,0.0,6.0,2018-06-11 22:55:43,2018-06-11 22:55:43,1.0,60.16,RS
289cdb325fb7e7f891c38608bf9e0962,13544.95,4.579365079365079,0.015873015873015872,3.238095238095238,2018-02-21 22:53:10,2018-08-25 14:05:07,6.133333333333334,59.21,SP
28a26ebce31d5918b181ede016fd693b,29.9,5.0,0.0,3.0,2018-08-13 15:55:29,2018-08-13 15:55:29,1.0,60.0,MG
28c7d8743fbc8679f484868cc0fcaefb,201.5,5.0,0.0,2.3333333333333335,2018-05-05 12:40:10,2018-08-10 00:40:57,3.2,60.03,SP
28d162ab86bb49d719c32f0ee6186eaa,329.96999999999997,4.0,0.0,1.3333333333333333,2017-09-19 10:20:27,2017-09-19 10:20:27,1.0,54.05,SP
28ea411b354f14b1a494be4e79f0ce02,820.0,4.666666666666667,0.16666666666666666,3.1666666666666665,2017-02-28 13:40:03,2018-01-30 16:34:50,11.2,53.13,SP
28f10b1c5e5abb9d4857745bede6147c,835.0,4.0,0.21428571428571427,1.2142857142857142,2018-04-28 07:47:49,2018-08-17 14:33:23,3.7,47.71,SP
28fb0829fd777877cdc350d25cb5bd5b,669.5,4.0,0.0,2.6,2017-10-29 17:10:13,2018-01-09 23:52:18,2.4,54.11,SP
293dee954235e4e4e43f129313625ebe,1829.91,5.0,0.0,3.3333333333333335,2017-10-11 10:22:56,2018-01-16 16:01:28,3.2333333333333334,60.3,DF
2953ce3a88f5e3c3b696d77fc9e4c8eb,470.0,4.666666666666667,0.26666666666666666,1.8,2017-10-01 10:19:07,2018-08-23 17:19:57,10.866666666666667,50.08,SP
296729ffb9b684050dd24836dac4494a,114.0,5.0,0.0,2.0,2018-05-10 10:11:34,2018-08-02 19:54:25,2.8,60.02,SP
297d5eccd19fa9a83b2630071ff105e4,834.97,5.0,0.0,2.0,2018-07-19 22:48:13,2018-08-23 09:35:05,1.1333333333333333,60.14,PR
299c89a525fee36c567f4fe72f038100,658.0,2.0,0.0,3.0,2018-07-01 22:22:57,2018-08-08 17:36:33,1.2333333333333334,42.11,CE
29c322e3f09f886f8bacbe91dfbd979e,48.98,5.0,0.0,1.0,2018-08-22 21:26:03,2018-08-22 21:26:03,1.0,60.01,RS
29e6e05b65f93bc224c644319dc52ecf,475.6,4.75,0.0,4.75,2018-06-28 09:19:36,2018-08-17 22:06:17,1.6666666666666667,58.58,MG
29fe9f200d3fa0c668d2aa1ec7e08dfb,400.0,4.0,0.0,3.2,2017-06-16 15:16:41,2017-09-03 16:15:17,2.6333333333333333,54.06,SC
2a1348e9addc1af5aaa619b1a3679d6b,2843.0,3.0,0.2727272727272727,2.0545454545454547,2017-01-14 01:16:14,2018-08-02 15:57:13,18.833333333333332,40.28,MG
2a167ca73899c85001a837d8fb4962f6,4097.0,4.333333333333333,0.0,10.0,2018-07-17 13:27:40,2018-07-24 23:09:26,1.0,56.67,SP
2a261b5b644fa05f4f2700eb93544f2c,5540.0,3.3452380952380953,0.2261904761904762,2.7738095238095237,2017-10-16 12:29:49,2018-08-01 16:43:40,9.633333333333333,44.19,SP
2a50b7ee5aebecc6fd0ff9784a4747d6,199.8,1.0,1.0,5.0,2017-11-27 21:45:48,2017-11-27 21:45:48,1.0,6.03,DF
2a5b78b41cd05baeac8df54c6606b92c,19025.36,4.083333333333333,0.016666666666666666,3.35,2017-07-02 15:37:04,2018-08-15 18:01:23,13.633333333333333,57.11,MG
2a61c271b1ac763450d846849783e922,1516.76,3.652173913043478,0.17391304347826086,2.5217391304347827,2017-09-12 16:17:32,2018-02-19 19:48:52,5.333333333333333,46.94,SP
2a6fbeaa7ab9e5d59a35841a8da71ce4,1688.79,4.0,0.0625,2.59375,2017-03-08 15:46:42,2018-07-01 09:42:35,15.966666666666667,52.4,SC
2a73cba571d90c694b7caca072ccf6ce,342.78,5.0,1.0,1.0,2018-07-26 09:13:04,2018-07-26 09:13:04,1.0,30.06,SP
2a7c6c0b0d5efde2bf75ec1e1cec2d41,147.6,3.3333333333333335,0.0,3.3333333333333335,2017-11-14 12:03:44,2017-12-11 14:48:45,1.0,50.02,PR
2a7dc43cecabf23403078e2188437d1d,5135.71,4.0,0.07017543859649122,2.5789473684210527,2017-11-03 00:16:32,2018-06-03 10:59:14,7.066666666666666,52.73,SP
2a84855fd20af891be03bc5924d2b453,16353.8,4.247058823529412,0.029069767441860465,3.122093023255814,2017-12-28 12:31:49,2018-08-29 14:18:28,8.133333333333333,57.28,MG
2aa3443d7bf9d9bb11133f420d75e083,676.9000000000001,3.1818181818181817,0.2727272727272727,1.9090909090909092,2017-11-14 12:43:54,2018-08-13 01:18:39,9.033333333333333,41.02,RJ
2aafae69bf4c41fbd94053d9413e87ee,94.0,4.5,0.0,2.5,2018-05-24 15:22:39,2018-07-24 19:04:45,2.033333333333333,57.01,RS
2addf05f476d0637864454e93ba673d5,4552.0,5.0,0.0,4.666666666666667,2017-08-03 14:06:43,2018-03-18 20:29:14,7.566666666666666,60.74,DF
2b03ac196f5ed62ac483960fe0fa3b65,843.1,4.142857142857143,0.14285714285714285,3.2857142857142856,2017-11-10 10:51:55,2018-05-02 10:48:44,5.733333333333333,50.71,SP
2b1a40c1daabc6ca280c4b815c101841,12732.6,3.6285714285714286,0.02857142857142857,7.0285714285714285,2016-10-09 11:23:21,2018-06-16 12:55:53,20.5,53.0,MG
2b2fed75b8e5ea3a052fc4c0825da485,510.9,5.0,0.0,5.5,2017-04-23 15:20:31,2017-07-29 22:32:22,3.2333333333333334,60.08,MG
2b3b9ce054da76a7428df143a567b156,301.0,3.1666666666666665,0.0,3.3333333333333335,2018-06-17 15:59:39,2018-08-19 10:47:22,2.066666666666667,49.05,SP
2b3e4a2a3ea8e01938cabda2a3e5cc79,24358.12,4.385964912280702,0.0,2.8947368421052633,2017-05-09 09:32:59,2018-07-27 11:21:46,14.8,60.3,SP
2b402d5dc42554061f8ea98d1916f148,299.89,5.0,0.0,3.0,2018-04-28 16:17:34,2018-04-28 16:17:34,1.0,60.05,BA
2b5ed0c9139dae8883a200dfcb272ece,85.41,4.25,0.25,2.25,2017-04-03 17:25:59,2017-11-06 12:03:52,7.2,48.01,SP
2ba91c7ad80ff88b23b7db823b43c233,740.4,3.8333333333333335,0.3333333333333333,3.6666666666666665,2018-04-04 12:42:36,2018-08-12 19:57:00,4.333333333333333,43.12,SP
2bd05d410a8fd26dc4184a15f4f2f588,1316.73,5.0,0.0,3.7142857142857144,2017-01-27 10:29:59,2017-10-21 11:22:57,8.9,60.21,MG
2bdb95a56a36ebbc6640337ac5eac174,89.9,5.0,0.0,1.0,2017-01-27 22:07:02,2017-01-27 22:07:02,1.0,60.01,SP
2be17df1c49978426251562096c3cc09,2304.0,4.176470588235294,0.058823529411764705,3.0588235294117645,2017-01-17 16:58:06,2018-06-30 20:39:53,17.633333333333333,53.67,SC
2bf28e311bba65237358230cabac3f15,294.0,3.875,0.25,2.125,2018-04-03 20:28:35,2018-08-12 14:52:42,4.333333333333333,45.8,PR
2bf6a2c1e71bbd29a4ad64e6d3c3629f,51366.9,4.15625,0.09375,6.375,2017-11-02 13:11:26,2018-08-13 19:30:37,9.466666666666667,60.52,RJ
2c00c85d30361cd2ced2969cffbbffa3,49.8,5.0,0.0,1.0,2018-04-16 19:27:56,2018-04-16 19:27:56,1.0,60.01,MG
2c2c9832d1bb38c5b0034a3b47d313ee,49.9,3.0,0.0,3.0,2018-07-27 10:44:02,2018-07-27 10:44:02,1.0,48.01,RS
2c3d56f92f360fb89d849b84e8f50eae,593.1,2.5454545454545454,0.36363636363636365,1.7272727272727273,2017-10-06 08:49:02,2018-03-23 18:38:45,5.6,34.46,SP
2c43fb513632d29b3b58df74816f1b06,858.0,3.6666666666666665,0.0,6.333333333333333,2018-06-20 21:40:18,2018-07-23 20:50:50,1.0666666666666667,52.14,MG
2c4c47cb51acd5ea5db5e0ae0e26542a,2575.9,4.6,0.0,2.4,2017-09-04 09:26:19,2018-07-29 16:04:47,10.933333333333334,58.02,SP
2c538755f1ca9540af144f266e70df6c,334.99,5.0,0.0,6.0,2018-05-12 07:21:13,2018-05-12 07:21:13,1.0,60.05,MG
2c54051840f19eca309a5423cf22df36,23.7,4.5,0.0,1.0,2017-12-04 00:59:05,2018-04-04 09:52:29,4.033333333333333,57.0,PR
2c9005d8043aff18b8557ffb7b13cda4,109.9,5.0,0.0,1.0,2018-05-07 21:00:33,2018-05-07 21:00:33,1.0,60.02,ES
2c9e548be18521d1c43cde1c582c6de8,6258.44,3.9302325581395348,0.1657142857142857,1.8457142857142856,2017-10-06 17:00:22,2018-08-27 16:17:16,10.8,49.63,SP
2cb4700db635baa1c0d4f90ed27b6669,299.70000000000005,2.3333333333333335,0.0,5.0,2017-03-15 23:15:28,2017-03-18 01:58:41,1.0,44.05,PR
2cb6eb1b7185064167657fa09f541105,1415.7,4.25,0.0,2.5,2018-02-20 22:32:06,2018-08-03 21:35:53,5.433333333333334,55.73,MG
2cb98e27ce1c18abdb42209b34c382a7,62.49,4.0,0.0,1.0,2018-06-19 14:30:42,2018-06-19 14:30:42,1.0,54.01,SP
2d20f1cd18725c91147da0791d498022,99.8,5.0,0.0,4.0,2018-08-11 14:06:52,2018-08-11 14:06:52,1.0,60.02,PR
2d22fc3089eb907b29ebff50581fb472,317.70000000000005,3.6666666666666665,0.0,2.3333333333333335,2018-04-13 17:26:09,2018-04-29 18:43:21,1.0,52.05,RJ
2d2322d842118867781fc737e96d59a1,178.6,4.909090909090909,0.09090909090909091,1.0909090909090908,2018-06-08 10:35:03,2018-08-25 21:20:50,2.6,56.76,SP
2d2c62bef4c8ba0dd74e0e228e808539,3749.0,4.125,0.125,4.625,2017-11-20 15:08:25,2018-08-23 13:56:50,9.166666666666666,51.61,SP
2d34636518ba88f5349b732fcf8ba2e4,150.0,5.0,0.0,6.0,2018-04-30 20:25:31,2018-04-30 20:25:31,1.0,60.02,SP
2d378dbb39815785238c0139c7647fb7,1154.0,5.0,0.0,5.5,2017-04-13 19:35:02,2017-05-17 09:44:13,1.1,60.19,SC
2d42ebcda99fd55f6f4bc2f1ca035d50,1077.0,4.071428571428571,0.0,1.7857142857142858,2018-06-24 13:21:50,2018-08-08 13:20:45,1.4666666666666666,54.6,GO
2d50d6282f8aa2257819a77bfaa0efe0,3760.38,3.519230769230769,0.11538461538461539,2.8846153846153846,2017-08-31 13:43:07,2018-08-11 14:31:30,11.5,48.27,SP
2d518637f53161b973e01f56ea4bb88e,1219.8899999999999,4.923076923076923,0.0,1.3076923076923077,2018-04-13 14:37:55,2018-07-30 20:33:35,3.6,59.74,SP
2d8cfba3fcd3170555941605edaa196a,90.0,5.0,0.0,1.0,2017-03-15 11:41:46,2017-03-15 11:41:46,1.0,60.01,SP
2d9e8987a2ea5cf88dce330249043ff1,239.8,4.5,0.0,2.0,2018-08-02 13:07:42,2018-08-18 02:42:23,1.0,57.04,SP
2dcf93836ae3ce0d7c93e2f10876467a,1443.8,4.166666666666667,0.16666666666666666,3.3333333333333335,2018-06-23 14:16:49,2018-08-07 20:29:36,1.5,50.24,SP
2dd1fb6f0e42a2243b8a01e40cd41216,845.89,2.6,0.0,5.8,2017-02-20 08:35:25,2017-04-22 14:49:56,2.033333333333333,45.74,PR
2dee2ce60de9709b1a24083217181a1f,7927.5,4.375,0.03571428571428571,3.75,2017-07-18 19:49:49,2018-06-28 14:29:37,11.466666666666667,56.47,MT
2e0dba2da448400b1c11d7b4b22f32a4,235.87,3.769230769230769,0.0,4.153846153846154,2017-02-10 11:11:16,2017-05-21 19:21:32,3.3333333333333335,52.65,SP
2e13c71026e1a39ba5cc1b86dcb679aa,3926.0,4.275862068965517,0.06896551724137931,2.2758620689655173,2017-12-27 17:38:31,2018-08-23 17:29:25,7.933333333333334,54.23,SP
2e1a7d075abe038c1b2743005fe42ff1,1522.5,3.68,0.24,1.92,2017-08-25 15:24:46,2018-08-01 09:43:22,11.333333333333334,45.13,SP
2e1c9f22be269ef4643f826c9e650a52,13540.05,4.060109289617486,0.0967741935483871,2.446236559139785,2017-07-18 13:44:30,2018-08-24 10:16:19,13.366666666666667,53.67,SP
2e2f44824ab87a0cb961f68bf4073e7f,48.0,2.0,0.0,1.0,2018-04-02 21:10:31,2018-04-02 21:10:31,1.0,42.01,PR
2e3be8a987a30d7544dbbda6861cc14e,4430.84,3.0526315789473686,0.05263157894736842,2.9473684210526314,2017-02-07 17:03:30,2018-07-18 21:37:46,17.533333333333335,47.46,MG
2e7ea2aafec5835e781b21d6d1faf1f1,528.4,4.5,0.14285714285714285,1.8571428571428572,2018-07-05 18:35:55,2018-08-23 21:46:53,1.6333333333333333,52.8,SP
2e90cb1677d35cfe24eef47d441b7c87,14202.41,4.05,0.12857142857142856,3.007142857142857,2017-03-08 21:55:07,2018-08-26 17:23:02,17.833333333333332,52.76,SP
2ea0861cc19e94cad86438c984c52da4,165.6,3.3333333333333335,0.0,1.0,2018-05-17 14:33:47,2018-07-17 13:32:49,2.0,50.03,SP
2eb70248d66e0e3ef83659f71b244378,43777.08,2.7162790697674417,0.1324200913242009,3.182648401826484,2018-02-06 14:25:14,2018-07-19 00:41:35,5.4,49.48,SP
2ec6e37d992a95eaddb3369dcbcc76d9,239.70000000000002,1.6666666666666667,0.0,3.3333333333333335,2017-08-18 13:53:01,2017-10-06 15:54:34,1.6333333333333333,40.04,RS
2ee0a0689f2f6a72f35a7cb6033f6e7e,272.0,4.0,0.0,1.25,2017-11-14 20:08:30,2017-11-26 14:31:13,1.0,54.04,SP
2eeb6531ee027a48d401e72bebdd87d3,38.7,4.333333333333333,0.0,1.3333333333333333,2017-02-07 17:16:26,2017-02-14 19:12:38,1.0,56.01,SP
2ef086a599b597572aca4433b7ed6b3d,49.0,5.0,0.0,6.0,2018-01-11 07:27:07,2018-01-11 07:27:07,1.0,60.01,SC
2f09f7d37a97956d11cc1a7cadd5262b,2005.0,3.0833333333333335,0.08333333333333333,2.8333333333333335,2017-02-07 17:18:57,2017-09-23 11:23:43,7.566666666666666,46.33,SP
2f1e7b90e01d9f086cbcb301c0c3d406,59.0,5.0,0.0,1.0,2017-11-27 23:03:26,2017-11-27 23:03:26,1.0,60.01,SC
2f3d8b4c9e2ee165075331fea3f3095a,130.0,5.0,0.0,2.0,2017-10-13 10:57:04,2017-10-13 10:57:04,1.0,60.02,SC
2f4b0d3b9634b647d4edee577d7ebb7e,337.9,4.909090909090909,0.0,1.8181818181818181,2018-01-26 16:15:02,2018-03-10 10:10:19,1.4,59.51,SP
2f4b9d112bfa44a214bc6cef085d17c8,293.99,4.333333333333333,0.0,4.333333333333333,2016-10-07 10:06:58,2017-04-16 20:08:33,6.366666666666666,56.05,ES
2f73e04d12cdf0c945ded66bb3fcf6c7,1359.0,3.3333333333333335,0.0,2.0,2017-02-15 16:27:45,2018-08-19 19:52:18,18.333333333333332,50.22,ES
2f74af7a0ee5636f12c2336f9fffed47,620.6,4.357142857142857,0.0,2.5,2017-06-04 12:09:58,2017-11-20 18:50:52,5.633333333333334,56.24,SP
2f9b7ce230a057a98a9f5df5893ee36c,141.82,4.5,0.0,3.0,2017-05-17 10:45:24,2017-06-18 16:13:28,1.0666666666666667,57.02,SP
2fa13c8bd5705d279f7ed5cc9ec61c68,87.4,5.0,0.0,5.75,2018-04-20 11:25:54,2018-07-10 17:52:57,2.7,60.01,SP
2fb25ab44bdbeae6a4d816e0d0c9d500,683.08,4.8,0.0,4.0,2017-08-18 01:36:03,2018-06-22 21:40:54,10.266666666666667,58.91,RJ
2fdde51ad3e12f297da656d4fbd5d0b5,6252.0,4.7,0.0,7.2,2017-04-17 19:55:27,2017-10-16 17:03:04,6.033333333333333,59.22,SC
2ff6b7bff164ef05590a52734e1296da,1803.59,4.714285714285714,0.0,4.285714285714286,2017-11-01 21:31:57,2018-05-11 09:30:22,6.333333333333333,58.58,PR
2ff97219cb8622eaf3cd89b7d9c09824,4505.8,4.546391752577319,0.061855670103092786,2.329896907216495,2018-02-16 17:17:41,2018-08-25 14:09:50,6.3,56.16,SP
3076499bbc033a927bf4a8a41bcf7fd4,359.33,4.444444444444445,0.0,2.111111111111111,2018-05-03 15:40:43,2018-08-22 11:13:09,3.6666666666666665,56.72,SP
3078096983cf766a32a06257648502d1,8405.41,4.2153846153846155,0.046153846153846156,3.3846153846153846,2017-05-19 08:15:11,2018-05-09 19:32:24,11.833333333333334,55.28,SP
30829ded4523ab9224b93bc49a62c95f,6911.71,3.5806451612903225,0.03225806451612903,2.838709677419355,2018-01-10 10:50:11,2018-08-23 11:30:04,7.5,51.65,RS
3092c0b297aacfb4bb6e056ebe13b9b8,1873.5,3.64,0.0,2.56,2018-01-18 22:44:34,2018-06-29 09:18:48,5.366666666666666,52.15,SP
30a2f535bb48308f991d0b9ad4a8c4bb,4980.8,4.163043478260869,0.03260869565217391,3.630434782608696,2017-02-04 15:05:16,2018-07-27 11:20:08,17.9,54.81,SP
30a81d8cf85fb2ada1b1b094c9583a95,1315.22,4.7727272727272725,0.0,1.6363636363636365,2018-02-22 01:14:05,2018-08-15 10:14:58,5.8,58.85,SP
30c7f28fd3a5897b2c82d152bb760c17,2178.27,1.6666666666666667,0.42857142857142855,2.5714285714285716,2017-04-22 13:55:16,2017-11-28 13:50:19,7.3,27.5,RJ
312ba1d77e9c332ef21f9598b7f64cd7,810.0,2.909090909090909,0.36363636363636365,2.3636363636363638,2018-01-29 11:36:06,2018-07-23 10:53:28,5.8,36.68,SP
31344c16881c08a8a72c6d2eb29918c1,11365.0,4.44,0.06,3.84,2017-01-26 21:58:21,2018-08-20 12:03:54,19.0,56.7,MG
31561f325664a8a7aba4c8d0c3a9b3db,2757.09,4.564102564102564,0.02564102564102564,2.6153846153846154,2018-06-05 22:51:12,2018-08-17 02:52:51,2.4,57.07,SP
318f287a62ab7ac10b703ac37435a231,2624.98,3.84375,0.109375,2.640625,2017-02-08 15:35:42,2018-08-24 16:38:58,18.733333333333334,50.21,SP
31ae0774c17fabd06ff707cc5bde005f,6719.85,4.0,0.09090909090909091,7.090909090909091,2017-05-08 16:25:25,2018-08-25 10:39:56,15.766666666666667,52.37,SP
31be790e64fc99f8ff48ec2bd18a3104,241.39999999999998,4.333333333333333,0.3333333333333333,1.3333333333333333,2018-07-29 23:08:40,2018-08-17 20:53:26,1.0,46.04,SP
31da954dc0855f2495c6310f70a2f931,4583.0,4.233333333333333,0.1,3.466666666666667,2017-09-10 20:50:42,2018-08-20 13:28:21,11.433333333333334,53.15,SP
31e60bf8d103ce47932a85f5562deb16,181.0,5.0,0.0,3.0,2018-07-11 16:07:05,2018-07-11 16:07:05,1.0,60.03,GO
31eec405c9bb71dec8e2629a92e764fa,256.89,4.6,0.0,1.2,2018-06-27 12:28:47,2018-08-10 13:10:40,1.4666666666666666,57.64,ES
323ce52b5b81df2cd804b017b7f09aa7,2554.2,4.310344827586207,0.16666666666666666,3.2,2018-01-26 20:51:44,2018-08-02 12:06:07,6.233333333333333,51.28,SP
324583d68897f5ddbaf38f6248322176,84.0,1.0,0.6666666666666666,1.0,2018-02-21 12:09:19,2018-02-25 13:05:21,1.0,16.01,SP
325f3178fb58e2a9778334621eecdbf9,995.8,4.468085106382978,0.0,1.702127659574468,2017-03-09 10:24:00,2018-01-29 19:18:47,10.866666666666667,56.97,SP
327b89b872c14d1c0be7235ef4871685,1177.0,2.3333333333333335,0.6666666666666666,3.6666666666666665,2017-02-03 01:06:06,2017-03-15 14:28:24,1.3333333333333333,24.19,AM
3289d8c3eef4873f91ce0b1343c0dd58,199.99,5.0,0.0,5.0,2018-05-25 18:44:29,2018-05-25 18:44:29,1.0,60.03,SP
328acb143b4a73aad6bee8e734f5d20d,699.98,4.0,0.0,2.5,2017-02-06 13:51:28,2017-02-10 14:49:23,1.0,54.11,PR
3296662b1331dea51e744505065ae889,517.8,5.0,0.0,1.0,2018-08-27 12:41:49,2018-08-27 12:41:49,1.0,60.08,SP
32b8764b4ef628b53608fc34011fcc13,9143.0,4.256410256410256,0.07692307692307693,4.205128205128205,2018-03-06 22:41:47,2018-08-22 08:33:48,5.6,54.73,SC
32e5635e63cb374eb63afdd242fb6134,1820.0,5.0,0.0,1.0,2017-08-15 21:29:06,2017-08-15 21:29:06,1.0,60.3,RJ
32f1bb9dfa65bc7df5c0d9d95a616be4,276.39,3.4,0.3333333333333333,3.3333333333333335,2018-03-18 23:47:19,2018-08-08 12:09:55,4.733333333333333,40.44,SP
32f83ffe11cd40f7adcf4eef171f52d9,29.99,5.0,0.0,1.0,2017-11-19 13:22:29,2017-11-19 13:22:29,1.0,60.0,RS
32fdd5d44ecb43dfd6a24b9369eca144,479.2,4.375,0.0,1.75,2017-03-22 12:10:36,2017-05-15 13:20:05,1.8,56.33,MG
3338e7a0710a195872be80e0d2423867,45.0,1.0,0.0,1.0,2017-04-08 01:34:18,2017-04-08 01:34:18,1.0,36.01,SP
333c4210e76a1aa2ab817b99437e3ff1,335.0,5.0,0.0,4.0,2018-07-17 19:46:54,2018-08-10 10:31:43,1.0,60.05,SP
3340ef1913fb70d28420f6ceb685c339,6921.13,4.363636363636363,0.09090909090909091,3.409090909090909,2017-01-18 20:14:17,2017-11-23 16:22:37,10.266666666666667,54.59,PR
334cab711dee080b079fa5779b584783,1269.3,4.933333333333334,0.0,3.2333333333333334,2018-04-08 13:05:27,2018-08-09 18:06:43,4.1,59.81,SP
33576ec5412fb5905d876f12f33bfde6,2896.0,4.029411764705882,0.029411764705882353,2.4411764705882355,2017-07-12 23:03:19,2018-06-24 20:40:44,11.533333333333333,53.77,PR
3361277dc30b7cccdb0c286b24219756,3905.05,4.214285714285714,0.11904761904761904,3.8333333333333335,2017-02-11 13:33:12,2018-08-18 18:48:25,18.433333333333334,52.35,PR
3364a91ec4d56c98e44174de954b94f6,3579.94,3.8333333333333335,0.0,7.5,2017-04-29 14:34:26,2017-08-29 09:42:04,4.033333333333333,53.58,RO
33a17d60c64393351ebf1ef860f4e0f2,8282.45,4.625,0.020833333333333332,4.0625,2017-07-08 11:40:20,2018-08-14 19:12:16,13.4,58.48,RS
33a6f4b1e7cdc205511e76ba1b6e0186,10787.949999999999,4.345864661654136,0.015037593984962405,3.1278195488721803,2018-01-26 10:54:11,2018-08-28 14:32:59,7.133333333333334,57.39,SP
33ab10be054370c254ddfcf0a6253422,213.2,5.0,0.0,1.75,2018-06-22 16:04:28,2018-08-28 11:51:45,2.2,60.03,RJ
33ac3e28642ab8bda860a2f693000e78,3834.01,4.216216216216216,0.0,3.3513513513513513,2017-02-09 21:17:20,2018-07-23 11:42:25,17.6,55.92,SP
33c51922b6e3c16b24a8f28e5833c99d,6657.87,4.277777777777778,0.05,4.85,2017-12-02 08:50:05,2018-08-01 08:33:57,8.033333333333333,55.25,PR
33cbbec1e7e1044aaf11d152172c776f,730.67,4.6875,0.0,2.9375,2018-04-03 20:15:00,2018-08-18 13:56:19,4.533333333333333,58.24,RS
33cbda8716511e27e556dff9d8418bf2,507.40000000000003,4.833333333333333,0.0,2.0,2017-03-30 14:48:27,2018-06-05 13:29:17,14.366666666666667,59.08,SC
33d677f27a69b84051204ee4ae76eaca,165.0,4.6,0.0,2.2,2018-03-17 19:07:43,2018-07-20 19:11:27,4.166666666666667,57.63,SC
33dd941c27854f7625b968cc6195a552,6787.5,4.4,0.0,5.4,2018-05-27 16:26:55,2018-08-03 00:45:12,2.2333333333333334,57.51,ES
33fd411ed63a7c2f9005e3f065d9f85d,24.9,4.0,0.0,1.0,2018-04-11 11:52:13,2018-04-11 11:52:13,1.0,54.0,RS
34056b8b55c1775a22af2331670a799c,6455.4,4.0,0.11538461538461539,1.4743589743589745,2017-11-16 13:18:14,2018-08-23 17:19:01,9.333333333333334,51.59,SP
340636a908b13bbe0f4fb63fbe1d0c03,823.2,3.0,0.0,1.5,2018-02-25 14:44:31,2018-05-06 11:40:23,2.3,48.13,SP
343e716476e3748b069f980efbaa294e,922.5999999999999,4.0,0.041666666666666664,1.7083333333333333,2017-04-19 22:03:31,2018-08-10 08:00:25,15.9,52.9,SP
3442033154be05bac582e173ef54fd12,161.0,5.0,0.0,1.0,2018-08-16 21:55:21,2018-08-16 21:55:21,1.0,60.03,SP
344223b2a90784f64136a8a5da012e7f,10.9,2.0,1.0,1.0,2018-01-17 22:10:43,2018-01-17 22:10:43,1.0,12.0,SC
3442f8959a84dea7ee197c632cb2df15,218.70000000000002,3.0,0.3333333333333333,2.6666666666666665,2017-05-05 16:12:29,2017-08-30 11:47:52,3.8666666666666667,38.04,SP
34675b28b826facfde119785bf287dc1,21.99,4.0,0.0,1.0,2017-08-01 22:00:44,2017-08-01 22:00:44,1.0,54.0,PR
3481aa57cd91f9f9d3fa1fa12d9a3bf7,2099.54,4.0344827586206895,0.0,1.6206896551724137,2016-10-04 09:06:10,2017-08-22 11:02:26,10.733333333333333,54.55,SP
3492e68f37fd1df87f4f2f2ea247f445,787.86,3.5555555555555554,0.1111111111111111,1.7777777777777777,2018-05-09 22:09:32,2018-08-08 19:53:48,3.0,48.13,SP
34a557286ead8fe75c989e0afcf7d98c,414.9,4.75,0.0,1.25,2018-05-14 17:20:48,2018-08-18 00:12:08,3.1666666666666665,58.57,SP
34aefe746cd81b7f3b23253ea28bef39,16.0,1.0,0.0,1.0,2017-05-05 03:00:07,2017-05-05 03:00:07,1.0,36.0,PR
34d1ca11b242c0fee2c834ae8d788566,13662.59,4.317073170731708,0.0,3.0238095238095237,2017-03-01 16:21:50,2018-08-07 08:43:58,17.433333333333334,58.14,MG
34f563c82a85b99ae9e6d60db5fc2e28,2332.3,4.625,0.0,3.5,2018-04-13 15:09:55,2018-08-06 20:19:36,3.8333333333333335,58.13,RS
3504c0cb71d7fa48d967e0e4c94d59d9,2548.8,4.431034482758621,0.0,1.8275862068965518,2017-07-05 09:53:02,2017-11-06 13:48:10,4.133333333333334,57.0,SP
35281d148dcf7134bae913c57db4e6da,119.99,5.0,0.0,1.0,2018-07-19 19:38:45,2018-07-19 19:38:45,1.0,60.02,SP
353e21e8bf8de2722b4fae1636664b76,208.0,2.5,0.0,2.0,2018-02-27 07:38:47,2018-06-16 20:14:00,3.6333333333333333,45.03,RS
35857757f553273b1056c1cabdace7fb,569.6,3.5714285714285716,0.42857142857142855,3.2857142857142856,2017-07-24 15:19:05,2018-03-28 00:23:11,8.2,38.66,SP
3586b8580d9c917874e053a1bb37b5ff,1524.7,4.441860465116279,0.046511627906976744,2.2790697674418605,2017-05-05 11:25:20,2018-08-12 23:05:02,15.466666666666667,55.5,SP
35b96509602ec4b7da831b5cd73ff2c2,558.9,4.5,0.0,1.0,2018-05-08 09:35:12,2018-08-03 19:12:10,2.9,57.09,RS
35ef5aa32949680f627efec3c23e705c,361.59999999999997,3.2,0.0,2.0,2017-03-28 09:06:23,2017-07-11 20:54:38,3.5,49.26,SC
35fb511489d9ee3ee27a76debce9df06,414.5,3.5714285714285716,0.14285714285714285,2.142857142857143,2017-02-22 18:45:58,2018-04-09 08:57:49,13.666666666666666,47.21,PR
3606774ec64634822d78dc2db6d37045,299.8,3.0,0.0,5.0,2016-10-04 23:39:01,2017-01-25 15:28:32,3.7333333333333334,48.05,SP
365e445f796710c3431557e85caa25db,1115.0,4.4,0.0,4.2,2017-02-01 16:03:51,2017-06-16 13:35:23,4.466666666666667,56.58,SP
365e4bce19bda0082c3d15d83fdb8bcd,796.4,4.714285714285714,0.0,1.5714285714285714,2018-01-22 13:52:39,2018-06-29 23:18:47,5.266666666666667,58.42,SP
36890be00bbfc1cdb9a4a38a6af05a69,1559.1,4.333333333333333,0.2,2.8,2018-06-04 19:51:43,2018-08-19 16:57:32,2.5,50.25,SP
36a968b544695394e4e9d7572688598f,9721.85,3.6627906976744184,0.040697674418604654,1.9534883720930232,2017-02-22 17:12:07,2018-08-27 16:24:47,18.333333333333332,52.34,SP
36f98ad67cc981f50ce8aed093d5783c,119.4,4.0,0.0,2.5,2018-07-25 11:04:58,2018-08-01 23:43:21,1.0,54.02,PR
37303482a42fb700d8d127e70a9cd6c8,148.89,3.0,0.0,3.5,2017-12-11 14:52:54,2017-12-14 11:51:34,1.0,48.02,SP
373ee4a3a775a733770ca3f790b8b9ac,2265.48,4.04,0.08,1.36,2017-02-06 18:57:19,2018-05-08 14:23:15,15.166666666666666,52.21,RJ
37515688008a7a40ac93e3b2e4ab203f,6127.8,4.098360655737705,0.0975609756097561,1.8414634146341464,2017-07-10 22:08:53,2018-07-16 08:50:17,12.333333333333334,52.66,SP
376a891762bbdecbc02b4b6adec3fdda,6695.73,4.683333333333334,0.03333333333333333,2.566666666666667,2017-05-20 00:26:11,2018-05-02 22:17:41,11.566666666666666,58.19,GO
376d67b61dce0c990155286e7ae486a4,94.0,4.0,0.0,5.0,2018-03-01 15:29:58,2018-03-01 15:29:58,1.0,54.01,SP
3771c85bac139d2344864ede5d9341e3,1548.0,3.696969696969697,0.15151515151515152,3.121212121212121,2017-05-25 16:39:50,2017-12-12 22:53:35,6.7,47.89,SP
377bc18334c78dd2f1535ef22a3ad225,135.98,5.0,0.0,6.0,2018-08-18 20:59:58,2018-08-18 20:59:58,1.0,60.02,PR
3785b653b1b82de85ab47dd139938091,2056.3,4.75,0.0,2.09375,2017-08-24 11:34:24,2018-08-01 22:44:09,11.4,58.84,PR
37be5a7c751166fbc5f8ccba4119e043,58652.13,4.266211604095563,0.026936026936026935,5.451178451178452,2017-05-03 09:01:56,2018-05-21 10:57:22,12.766666666666667,64.38,SP
37ceb404da208418c9032f0674e57804,204.93,1.0,0.0,5.0,2018-05-22 18:50:55,2018-05-22 18:50:55,1.0,36.03,SP
37dd29b36c458d82f74a953c40c43645,4536.99,4.0,0.125,7.375,2017-10-08 16:50:45,2018-05-28 13:37:22,7.7,50.99,SP
38102b031c2a15e54623d711bfc753d3,496.0,3.6666666666666665,0.0,3.4166666666666665,2017-02-09 11:01:14,2018-02-14 10:32:00,12.3,52.08,CE
381c83fdca332ea6afd896da20bf6e4a,7567.8,4.3125,0.0625,3.4375,2017-08-17 08:58:53,2018-08-14 07:04:43,12.033333333333333,55.24,PR
3820c6537b3853be1a0687d5a60807ec,25.0,,0.0,3.0,2017-03-05 01:03:51,2017-03-05 01:03:51,1.0,,SP
382229d1e840115ffe3dbf5ff460e417,4826.84,4.3076923076923075,0.09615384615384616,2.0576923076923075,2018-04-14 22:35:36,2018-08-20 17:34:26,4.233333333333333,53.75,RJ
385799a1cddbd26dfeb9157356a42282,1093.8799999999999,4.166666666666667,0.0,1.25,2017-03-28 16:03:34,2017-09-09 16:16:29,5.5,55.18,SP
38874e327ce94d11390b96eb42d61928,3779.94,4.0,0.16666666666666666,8.5,2016-10-08 10:31:00,2017-10-27 14:24:24,12.8,49.62,SP
389e45560e33d2d0747f949dcddbc08e,39.0,5.0,0.0,3.0,2018-08-16 21:58:25,2018-08-16 21:58:25,1.0,60.01,SP
38af8acfd46ac4a7bf754e8ca6736664,345.0,4.8,0.0,1.2,2017-11-27 23:02:54,2018-02-14 11:15:39,2.6,58.86,SP
38e679b9e0064cd94c6f035707344dae,3907.77,3.966666666666667,0.03225806451612903,3.096774193548387,2016-10-06 18:11:11,2018-01-30 07:15:03,16.0,53.47,PR
38e6dada03429a47197d5d584d793b41,614.56,3.4615384615384617,0.38461538461538464,2.8461538461538463,2017-09-06 19:27:08,2017-10-29 11:59:16,1.7333333333333334,39.33,SP
38f276ca6e7cc95a6d1bb55ac9e5550f,24.99,5.0,0.0,3.0,2017-11-26 18:08:38,2017-11-26 18:08:38,1.0,60.0,SP
3903c788ded8dc03b5ebab37a2f3e9a1,119.97999999999999,4.0,0.2,1.6,2018-05-25 12:51:58,2018-08-05 14:00:06,2.4,48.02,SP
391bbd13b6452244774beff1824006ed,127.8,1.0,0.5,2.5,2018-02-04 14:21:50,2018-03-05 11:05:50,1.0,21.02,SP
391fc6631aebcf3004804e51b40bcf1e,41379.73,3.945226917057903,0.09472049689440994,3.2639751552795033,2016-10-06 00:06:17,2018-08-25 20:13:35,22.933333333333334,57.6,SP
392353362d22cc2c236e1ee81ff19890,288.7,4.6,0.0,4.3,2018-04-13 22:12:39,2018-08-22 21:48:00,4.333333333333333,57.65,SC
392e0502231ae2f8b29994ef6398cd77,1871.7,4.157894736842105,0.1,2.9,2017-01-09 21:40:42,2018-07-17 23:30:05,18.466666666666665,52.25,SP
392f7f2c797e4dc077e4311bde2ab8ce,52.0,5.0,0.0,1.0,2018-08-20 21:10:45,2018-08-21 10:10:40,1.0,60.01,RN
3935fe5fe0f82787a9dcb8deb62be09d,1681.69,3.9411764705882355,0.11764705882352941,4.470588235294118,2018-04-17 09:59:30,2018-08-24 16:08:33,4.3,50.39,SP
3968920b9aa752ab98f7d5888c9252f2,523.3,4.1,0.1,1.6,2018-05-03 19:10:38,2018-08-06 16:19:52,3.1333333333333333,51.68,SP
3969863bb8af7f72580b3b1ffd3a17b3,668.14,4.071428571428571,0.0,2.2857142857142856,2017-11-25 00:32:14,2018-08-14 16:18:52,8.733333333333333,54.54,SP
397c4d0c005b6f41f90098ac724e28cb,8177.0,4.4,0.4,8.2,2018-04-09 21:35:35,2018-08-04 14:32:55,3.8666666666666667,45.74,SP
3985a3c45be355a4c57fde108bfabd1c,434.0,4.1,0.0,2.0,2017-01-27 00:34:10,2017-06-19 15:25:29,4.766666666666667,54.67,RS
3986c0b54f6b748b75e7bd4e092aa3e5,24.99,5.0,0.0,4.0,2018-08-17 19:54:45,2018-08-17 19:54:45,1.0,60.0,PR
398cb257329ef7af7f1943a8974a3cbc,145.9,5.0,0.0,1.0,2018-07-20 09:42:40,2018-07-20 09:42:40,1.0,60.02,BA
39a5005f2605cbdb4f9ac14485cabfd1,501.07,5.0,0.0,1.625,2018-06-27 10:45:14,2018-08-04 13:18:33,1.2666666666666666,60.08,SP
39c763cca83e654764b7a4a650fb9b7c,761.0,3.8181818181818183,0.18181818181818182,2.3636363636363638,2017-09-14 20:57:31,2018-07-27 20:36:45,10.5,47.58,GO
39d54ff918774174706fb065d7f9dc07,1692.59,3.8461538461538463,0.11538461538461539,2.730769230769231,2017-11-25 17:36:18,2018-07-24 09:09:25,8.0,49.89,SP
39d61be7a92eb77b7da367bd4845bc0e,700.59,4.214285714285714,0.0,1.1428571428571428,2018-03-21 20:35:30,2018-08-07 14:24:03,4.6,55.4,SP
39f776d2974049026ff531fc42ef2a3e,1084.04,4.0,0.0,4.0,2018-01-12 18:17:38,2018-04-25 18:57:38,3.433333333333333,54.18,GO
3a1a1fec38dd360f15fc912e821e169d,2233.78,4.055555555555555,0.2222222222222222,2.8333333333333335,2017-10-28 12:12:48,2018-05-05 16:21:56,6.3,48.03,SP
3a3c180dd702a725bd0ba4117689239e,41.9,4.0,0.0,1.0,2018-05-04 20:19:38,2018-05-04 20:19:38,1.0,54.01,PR
3a3e46d10f74d8a6ca76e2b538f106a0,334.9,4.166666666666667,0.16666666666666666,3.0,2018-02-05 16:41:52,2018-07-30 16:52:00,5.833333333333333,50.05,SP
3a4127e1ba7208ea37044c5092aae170,2219.6,3.5,0.0,5.166666666666667,2018-04-19 07:58:35,2018-08-16 19:28:02,3.966666666666667,51.36,SP
3a490ba60afa30ece0e7d50cfe74a4f0,1529.2,4.625,0.0,4.0,2017-04-12 23:50:54,2017-12-18 18:30:40,8.3,58.0,MG
3a52d63a8f9daf5a28f3626d7eb9bd28,35.0,1.0,0.0,5.0,2017-02-01 08:42:43,2017-02-01 08:42:43,1.0,36.01,SP
3a734b715d333a2588a3d54a0c9b8746,2463.52,4.208333333333333,0.041666666666666664,2.7916666666666665,2017-08-04 10:08:27,2018-01-14 20:54:13,5.433333333333334,54.4,SP
3a79f35a2344ede41af21267f61d5ec6,186.0,1.0,0.0,1.0,2017-11-16 13:40:29,2017-11-16 13:40:29,1.0,36.03,SP
3aa3c89ae3cd482385568be76120f63c,29.9,4.0,0.0,1.0,2018-06-07 22:36:29,2018-06-07 22:36:29,1.0,54.0,GO
3ab971ce71839580d2ae5b4e40fe8044,5433.6,3.9,0.07142857142857142,3.0714285714285716,2018-06-03 17:41:43,2018-08-20 14:25:47,2.566666666666667,52.15,SP
3ac588cd562971392504a9e17130c40b,23.8,5.0,0.0,1.0,2018-08-17 21:08:06,2018-08-17 21:08:06,1.0,60.0,SP
3ade81dab5a172b88e1871c28ae05260,5751.6,4.064516129032258,0.125,3.5625,2017-10-06 09:42:10,2018-08-25 12:54:41,10.766666666666667,51.58,SP
3afc536624bc2e65bddfb5db33cc01f3,312.0,3.5,0.16666666666666666,1.3333333333333333,2018-01-23 17:56:14,2018-06-12 10:55:06,4.633333333333334,46.05,MG
3b15288545f8928d3e65a8f949a28291,15327.67,3.8333333333333335,0.08270676691729323,4.654135338345864,2017-03-22 14:09:46,2018-08-13 16:57:13,16.966666666666665,53.02,SP
3b18f9856c6eb2413eafedb58e9eecd9,315.0,5.0,0.0,1.0,2018-04-11 15:33:25,2018-04-11 15:33:25,1.0,60.05,SP
3b872fd4747f01cc56206f2934198618,2866.73,3.9285714285714284,0.14285714285714285,3.4642857142857144,2017-11-27 16:23:47,2018-08-21 14:08:51,8.866666666666667,49.75,SP
3bb32fedaa74e4ad20f4ce067733bd31,103.69999999999999,4.666666666666667,0.0,1.0,2018-08-03 13:32:54,2018-08-05 20:48:32,1.0,58.02,SC
3bb548e3cb7f70f28e3f11ee9dce0e59,7799.92,4.0,0.0,2.388888888888889,2017-03-05 14:10:40,2018-08-09 12:13:17,17.366666666666667,55.27,PR
3bdff180c7e1f6551a643b99c265a120,3188.6,4.0476190476190474,0.0625,1.5625,2017-02-01 17:39:57,2018-04-17 16:37:44,14.633333333333333,52.93,SP
3be5841cdcc46de4ed3f9116f104b2c5,599.6,4.75,0.0,1.25,2017-01-24 21:16:50,2017-02-12 21:41:09,1.0,58.6,SP
3be634553519fb6536a03e1358e9fdc7,5608.21,3.8932038834951457,0.08737864077669903,2.6116504854368934,2017-07-09 11:27:14,2018-08-27 21:36:16,13.8,51.65,SP
3bfad056cf05c00dabe2f895925d83b1,206.64999999999998,1.0,0.0,1.0,2017-12-18 10:39:37,2017-12-18 10:39:37,1.0,36.03,SP
3bfba5a77604f6dfae7e6dd7aaf65821,2095.5,5.0,0.0,3.75,2018-08-09 19:54:54,2018-08-21 20:50:17,1.0,60.34,PR
3c010235b7345c92f125d14ee232a76b,3578.0,4.666666666666667,0.0,2.533333333333333,2018-07-02 13:16:53,2018-08-15 11:37:45,1.4333333333333333,58.58,PR
3c03b12bab54d8b37d79d914bfdb1aa0,4236.34,3.880952380952381,0.16279069767441862,1.9534883720930232,2017-12-23 22:45:28,2018-08-24 11:09:05,8.1,49.09,RJ
3c3017960b2dbd72711a61f0400aab8f,968.8000000000001,4.0,0.0,1.9,2017-01-21 11:43:35,2017-04-05 17:01:38,2.466666666666667,54.16,SC
3c487ae8f8d7542beff5788e2e0aea83,9760.6,3.9411764705882355,0.029411764705882353,6.529411764705882,2017-08-09 15:42:26,2018-08-17 15:27:40,12.4,54.36,DF
3c4e0452bff7a2a788179488d3d77032,4057.1000000000004,3.8157894736842106,0.02564102564102564,2.8461538461538463,2017-12-05 10:08:56,2018-03-23 17:33:12,3.6,52.79,PR
3c7c4a49ec3c6550809089c6a2ca9370,6364.2300000000005,3.372972972972973,0.07027027027027027,1.518918918918919,2017-09-04 12:14:07,2018-08-18 21:48:53,11.6,49.17,SP
3c88ed2e76a2247933a15daa7161eb1c,155.0,5.0,0.0,1.0,2018-02-01 21:45:16,2018-02-01 21:45:16,1.0,60.02,SP
3ca08eeb8d5595949fed424bd3677742,1948.77,4.466666666666667,0.0,3.6666666666666665,2017-05-11 16:20:58,2018-01-08 13:00:00,8.033333333333333,57.12,PR
3cfa1358a6caa965278721344c8d76f2,3140.2799999999997,4.8,0.0,5.8,2018-04-18 13:37:54,2018-06-13 21:59:30,1.8666666666666667,59.31,SP
3d01d1c414c44b5943a09619ff3853cb,402.6,3.8,0.0,3.4,2016-10-05 17:21:29,2017-07-12 20:36:42,9.333333333333334,52.87,SP
3d0cd21d41671c46f82cd11176bf7277,2123.7999999999997,4.903225806451613,0.0,1.3225806451612903,2017-08-08 20:26:31,2018-08-06 14:38:01,12.066666666666666,59.77,SC
3d2400ac620cffa23ac81bd192f7f555,105.0,5.0,0.0,3.0,2018-08-13 13:36:05,2018-08-13 13:36:05,1.0,60.02,SP
3d2531eccfbde1d7c8db7a3a12fb267a,2099.5299999999997,4.222222222222222,0.0,2.5454545454545454,2018-04-24 10:19:45,2018-08-19 18:34:21,3.9,55.68,MG
3d290fe363c60a77498c1126fd3fb8d3,198.98,4.333333333333333,0.0,1.6666666666666667,2017-03-11 21:54:43,2017-06-03 15:23:13,2.7666666666666666,56.03,SP
3d39fbf22a665714baf62fae36029e23,2504.2,4.75,0.0,3.375,2017-01-14 21:28:46,2017-11-25 00:10:03,10.466666666666667,58.91,SP
3d3ccf2b2f8134b10dce9dd446f0e075,608.6,3.3333333333333335,0.3333333333333333,5.0,2018-06-20 21:14:59,2018-08-10 11:48:43,1.6666666666666667,40.1,SP
3d4824f20035949c710eaf111f869d39,1044.89,4.0,0.18181818181818182,3.090909090909091,2018-06-04 19:07:48,2018-08-23 00:20:45,2.6333333333333333,48.72,SP
3d49bfdd1b43a7fe169b3740067acc61,215.0,4.666666666666667,0.0,2.3333333333333335,2018-06-30 01:23:27,2018-08-22 13:57:22,1.7666666666666666,58.03,MG
3d4b1ae7539303b5704493798893e82c,1134.0,4.7,0.0,3.5,2017-12-06 20:43:07,2018-02-28 16:31:53,2.7666666666666666,58.38,SP
3d5d0dc7073a299e31fa718ce1bc00b6,790.7,4.166666666666667,0.125,2.0833333333333335,2018-06-13 15:23:50,2018-08-06 19:55:49,1.8,51.38,RJ
3d621842b2ed28e2b474132480edac3c,928.9100000000001,3.9,0.0,2.6,2017-05-04 16:44:16,2017-11-30 20:18:51,7.0,53.55,SP
3d62f86afa7c73be2628a3be1423f5a0,12.0,4.0,0.0,1.0,2017-12-13 21:25:36,2018-01-09 21:50:02,1.0,54.0,SP
3d68c634a99a1ba46dbca3967a69c623,594.0,5.0,0.0,4.0,2018-07-22 15:43:14,2018-08-02 12:07:27,1.0,60.1,SC
3d700782d7818f2c1e0d7a9e9d75fc00,149.7,3.6666666666666665,0.3333333333333333,2.0,2017-04-23 20:56:12,2017-07-11 14:20:11,2.6,42.02,SP
3d871de0142ce09b7081e2b9d1733cb1,99436.6,4.1173512154233025,0.05726141078838174,2.619917012448133,2017-03-05 12:29:19,2018-08-26 12:28:39,17.933333333333334,69.25,SP
3d8fa2f5b647373c8620330c4e077a9f,3804.71,4.0,0.0196078431372549,3.3333333333333335,2018-04-30 14:17:06,2018-08-15 14:57:55,3.566666666666667,54.03,SP
3da38366e7bd9baf6369071f782ecdf0,59.47,1.0,1.0,1.0,2018-01-04 13:37:09,2018-01-04 13:37:09,1.0,6.01,CE
3db66a856d18a9cba7c9241fc5221c50,10157.5,4.219047619047619,0.10476190476190476,2.8,2017-04-20 17:15:47,2018-08-21 12:20:32,16.233333333333334,53.83,MG
3dbbce181edfaa4a597ec858c382d2ec,848.3,4.35,0.1,2.05,2017-04-17 10:11:29,2017-12-11 19:56:32,7.933333333333334,53.24,PR
3dc69bf2c42f0568a5c4791ec3fd3745,300.0,4.0,0.0,1.0,2017-11-14 06:00:37,2018-02-16 14:01:10,3.1333333333333333,54.05,SP
3ded4e2d5f135cb103e5949d7263d2dd,49.9,5.0,0.0,1.0,2018-02-15 15:37:34,2018-02-15 15:37:34,1.0,60.01,MG
3df020b72d3d44b3af9d110fa3940b65,5439.099999999999,4.027522935779817,0.11009174311926606,2.6788990825688073,2017-07-14 12:40:11,2018-08-19 23:12:41,13.366666666666667,51.75,SP
3dfd3dc96f7f8598eca74e9ac8a2fa31,208.0,4.142857142857143,0.14285714285714285,1.7142857142857142,2017-11-13 12:02:55,2018-06-16 16:39:47,7.166666666666667,50.6,SP
3e35a8bb43569389d3cebef0ce820f69,55.8,5.0,0.0,1.0,2018-04-12 19:47:40,2018-04-12 19:47:40,1.0,60.01,SP
3e46a38ee171c503c3b4a3f23fe3bf0c,59.9,5.0,0.0,3.0,2018-06-22 13:20:40,2018-06-22 13:20:40,1.0,60.01,SP
3e51f9cbe317bc3a88f2c76583811ee4,76.09,5.0,0.0,1.0,2018-08-14 00:22:06,2018-08-14 00:22:06,1.0,60.01,SP
3e8bd881d92466e63ba9e3e809cd3c50,2242.28,4.222222222222222,0.4,2.8,2018-02-16 17:13:02,2018-04-25 20:58:05,2.2666666666666666,43.7,RJ
3ea00e1dea2b0659dbaf654735929220,505.0,4.857142857142857,0.0,1.0,2017-02-22 16:04:36,2018-03-14 23:13:24,12.833333333333334,59.22,PR
3ea08c48e851106d2f584349daba335f,170.0,4.0,0.0,2.0,2018-06-13 21:43:00,2018-06-13 21:43:00,1.0,54.03,MG
3ef37b7ca6dd2b80bd8af81a62504996,700.0,4.5,0.0,4.0,2017-03-02 18:58:10,2017-09-01 16:25:37,6.066666666666666,57.11,SP
3f0e48d209018b466fcd3bb4ccfeb520,5399.0,3.9,0.0,7.3,2017-08-02 14:10:38,2018-01-21 16:56:40,5.733333333333333,54.28,PR
3f2af2670e104d1bcb54022274daeac5,973.6,3.5714285714285716,0.14285714285714285,3.142857142857143,2017-09-29 08:52:58,2018-05-19 23:15:03,7.733333333333333,47.3,PR
3f3486b61f45078d4f31ee5e43d8c5bb,4093.53,4.340909090909091,0.13636363636363635,2.3181818181818183,2017-12-04 19:22:50,2018-08-17 10:48:14,8.5,52.62,SP
3f8034bfc6b8b4135534975d49f04c63,1313.9,3.0625,0.0,5.6875,2017-01-18 10:42:05,2017-05-24 18:32:55,4.2,48.59,PR
3f8247d0f772ffa58560e5c682521ad5,139.9,3.0,0.0,6.0,2017-06-11 05:05:03,2017-06-11 05:05:03,1.0,48.02,SC
3f84fefc07dc159b268d4a77d3e8c425,200.6,5.0,0.0,4.333333333333333,2018-05-07 10:20:46,2018-06-29 23:02:53,1.7666666666666666,60.03,PR
3f995f07c49d0d55a99d5c54957f7d81,4153.7,4.2,0.022222222222222223,2.6222222222222222,2017-04-13 13:13:48,2018-08-20 23:06:39,16.466666666666665,55.21,SP
3f9be91358837bff69df67edfa3e42e8,569.7,4.428571428571429,0.0,2.5714285714285716,2018-03-30 11:29:18,2018-05-12 18:04:04,1.4333333333333333,56.66,PR
3f9c56764fabca627406093dcb3ef0b4,909.3000000000001,4.714285714285714,0.0,2.142857142857143,2018-01-22 09:47:40,2018-04-24 18:02:40,3.066666666666667,58.43,RJ
3fac58ce0ad699020c7944d53c41329c,1244.95,4.5625,0.1875,3.75,2018-05-31 13:16:15,2018-08-20 22:29:55,2.7,51.95,SP
3fadb4cba4c35bce6a7eaf9872d5623a,209.5,3.2,0.0,1.8,2017-04-07 20:18:18,2017-05-31 22:12:33,1.8,49.23,RS
3faf68a3b0af94b10bac70d86077be49,1322.93,4.571428571428571,0.0,5.0,2017-02-04 22:19:45,2017-05-02 06:29:43,2.8666666666666667,57.64,SP
3fd1e727ba94cfe122d165e176ce7967,2946.0,3.775,0.175,1.75,2017-12-01 22:57:13,2018-04-04 08:20:22,4.1,47.88,SP
3fe7120d6257285ac6a3ce7cb071ccec,199.98,3.5,0.0,3.5,2018-01-05 09:35:30,2018-01-10 14:04:29,1.0,51.03,MG
3febca52652e7209509ccfe61cbde40e,84.0,2.0,0.0,1.5,2018-08-07 16:57:23,2018-08-14 15:26:11,1.0,42.01,SP
3fefda3299e6dfaea3466ef346a3571a,209.0,4.0,0.0,1.0,2017-08-11 10:15:22,2017-08-11 10:15:22,1.0,54.03,PR
4003520d80d0bad1d5623f7aa3c63cda,70.0,1.0,0.0,1.0,2017-09-26 20:50:49,2017-09-26 20:50:49,1.0,36.01,RJ
400f221ab83037c0ea78f1267da9624d,865.0,,0.0,9.0,2017-10-11 19:51:04,2017-10-11 19:51:04,1.0,,SP
402916f742e5c740cc751493d9cf5053,1252.0,4.7,0.0,2.8,2018-08-05 20:23:26,2018-08-24 09:26:31,1.0,58.4,MG
403aa86912527d730337ffcb0fb096ab,9234.88,4.090909090909091,0.0,5.5,2017-01-30 13:13:59,2017-11-15 14:31:58,9.633333333333333,56.05,MG
4049512728d969bec69f84088b012416,389.84,5.0,0.0,1.0,2017-04-23 22:08:43,2018-01-31 23:46:01,9.433333333333334,60.06,MG
404e1ba01358af4cd63f679b2c4d1fa1,438.9,5.0,0.0,2.076923076923077,2017-08-21 01:07:46,2018-08-16 12:36:06,12.0,60.07,MG
40536e7ca18e1bce252828e5876466cc,463.96,1.0,0.0,10.0,2017-08-27 15:33:09,2017-09-01 17:22:43,1.0,36.08,SP
406740ee611378a662d274c7d8c43c4a,2302.0,4.25,0.16666666666666666,1.3333333333333333,2018-03-08 17:10:28,2018-04-13 13:04:33,1.1666666666666667,50.88,ES
406822777a0b9eb5c50e442dd4cd3ec5,3897.58,4.313725490196078,0.1346153846153846,2.0384615384615383,2017-10-30 16:01:24,2018-08-23 00:07:26,9.866666666666667,52.48,SP
4091f77d8c768fc3e81c20761471761d,1079.0,2.75,0.25,3.0,2018-01-06 14:14:53,2018-08-07 09:12:17,7.066666666666666,39.18,SP
40d54b51e962dbe09cabbcfd33298dee,7292.25,3.9705882352941178,0.0,3.2941176470588234,2017-07-08 14:21:09,2018-08-25 14:20:27,13.733333333333333,55.02,SP
40db9e9aa57f7bb151bcda6b0f9bdbb7,30714.0,2.0714285714285716,0.0625,7.5,2018-02-09 09:48:04,2018-08-17 16:07:20,6.3,45.58,PE
40ec8ab6cdafbcc4f544da38c67da39a,117.8,5.0,0.0,2.5,2018-08-01 22:00:33,2018-08-10 13:24:35,1.0,60.02,PR
411f3b52d857390502ee4e4d5ceabc2d,1976.05,4.285714285714286,0.1935483870967742,2.3870967741935485,2018-04-09 18:48:29,2018-08-22 01:27:49,4.466666666666667,50.23,SP
4125d9385a25e82d2f72d3a0fd55bc3f,42.9,5.0,0.0,5.0,2018-08-01 16:28:34,2018-08-01 16:28:34,1.0,60.01,SP
412a4720f3e9431b4afa1476a1acddbe,2058.1,4.2727272727272725,0.045454545454545456,1.7727272727272727,2017-09-10 21:12:43,2018-08-13 21:49:33,11.233333333333333,54.61,SP
4170f6a9367e6b5d6401d03ce6d54569,568.78,4.2,0.2,3.6,2017-10-20 16:51:47,2017-12-20 00:40:45,2.0,49.29,DF
417a1e6c7321084d2a0ae0d023cfad93,48.9,5.0,0.0,1.0,2018-01-31 12:13:17,2018-01-31 12:13:17,1.0,60.01,RS
41958cbd3335433c8740300e8cd600d5,32.99,5.0,0.0,1.0,2018-06-04 19:22:19,2018-06-04 19:22:19,1.0,60.0,SP
41ab63a91b8b264e8c8780368bf1dd5b,2571.95,4.230769230769231,0.0,2.5384615384615383,2017-10-05 23:06:13,2018-07-12 09:28:43,9.3,55.8,MG
41b14765bd56c8ad10971074380f9c0c,395.5,4.1,0.0,1.4,2018-03-20 14:33:00,2018-07-29 00:48:48,4.333333333333333,54.66,SP
41b39e28db005d9731d9d485a83b4c38,18690.25,4.066929133858268,0.051181102362204724,3.295275590551181,2017-01-19 15:21:44,2018-08-20 14:19:56,19.233333333333334,55.92,SP
41b86b552e54e3a7009596125aa8b167,1595.3,4.363636363636363,0.0,2.5454545454545454,2017-03-20 18:47:14,2017-04-09 19:12:02,1.0,56.44,SP
41c2bad7229b0c25e6becf179ebf63ff,782.0,4.956521739130435,0.0,2.0869565217391304,2017-11-27 23:23:49,2018-07-20 21:11:30,7.8,59.87,RN
41c9d3997dd3c072c31139dc5bb5761f,998.8,4.333333333333333,0.0,7.666666666666667,2017-01-27 12:31:05,2017-03-05 14:28:33,1.2333333333333334,56.16,MG
41da412d33e8da4f22baf55cb1bde82c,937.9,4.6521739130434785,0.0,2.0869565217391304,2018-01-24 19:13:01,2018-06-20 08:46:31,4.866666666666666,58.07,ES
41e0fa5761c886a630994a55c12087e7,677.4,5.0,0.0,2.0,2018-04-03 16:31:37,2018-06-14 20:24:49,2.4,60.11,SP
4200ddf1967c5e41e48db62bc6d4b5ac,751.6999999999999,4.243243243243243,0.023255813953488372,2.627906976744186,2017-08-20 19:18:04,2018-04-18 14:22:18,8.0,54.88,SP
4221a7df464f1fe2955934e30ff3a5a1,849.5,4.8,0.0,2.2,2018-06-27 20:35:02,2018-08-13 12:29:00,1.5333333333333334,58.94,BA
422be4cc81a457fdb46f47edeb968ae5,239.9,5.0,0.0,6.0,2017-01-26 16:20:32,2017-01-26 16:20:32,1.0,60.04,SP
427165bf50f8ca07efc7bdc2bfcf1688,1603.5,3.2,0.6,3.6,2018-04-05 22:19:06,2018-04-26 18:02:59,1.0,31.46,SP
42b6488f5b8246d9141712abd4b1b693,247.99,4.0,0.0,6.0,2018-04-12 20:51:03,2018-08-14 19:10:40,4.1,54.04,PR
42b729f859728f5079499127a9c2ef37,4184.66,4.348484848484849,0.09701492537313433,2.014925373134328,2018-01-09 22:55:44,2018-08-23 13:23:25,7.5,53.86,SP
42bde9fef835393bb8a8849cb6b7f245,7703.0,4.2,0.025,3.85,2017-07-06 20:25:32,2018-08-19 18:19:11,13.6,55.71,DF
42d4b7e70819438f5ada61c965e92d7e,49.6,1.0,0.0,4.0,2018-03-20 14:07:40,2018-03-20 14:07:40,1.0,36.01,GO
42ef3192a9ff87a22d1867b74b3ee205,1514.0900000000001,4.666666666666667,0.0,1.5,2018-01-02 22:14:43,2018-08-02 19:25:36,7.033333333333333,58.25,SP
42fa4ee7240e9b8eb4576358ec142ba7,3845.7,4.809523809523809,0.0,4.045454545454546,2018-02-04 10:58:23,2018-07-09 11:28:58,5.166666666666667,59.49,RS
42fb44130ac3134cde8e35cf8ec7df25,62.699999999999996,3.6666666666666665,0.0,1.0,2017-02-04 10:12:38,2017-03-23 16:19:43,1.5666666666666667,52.01,SP
430315b7bb4b6e4b3c978f9dfa9b0558,3217.9,4.0476190476190474,0.045454545454545456,3.5,2018-01-09 23:49:14,2018-08-06 10:23:00,6.933333333333334,53.45,SP
4305fe92735c8a43d154ff6dd2b8d927,2885.9,3.9047619047619047,0.0,3.5714285714285716,2017-07-26 17:16:18,2018-08-25 20:26:35,13.166666666666666,53.9,MG
431050a06a317f2b38168dec3dcd2b46,1487.8,4.25,0.0,4.0,2018-04-28 23:02:40,2018-08-06 15:03:43,3.3,55.74,SP
431af27f296bc6519d890aa5a05fdb11,13715.7,3.6893939393939394,0.14285714285714285,3.5338345864661656,2017-04-26 18:11:15,2018-07-31 18:46:13,15.366666666666667,50.09,SP
4324dd16853115efb0fd9d0d131ba6f4,1131.25,4.315789473684211,0.05263157894736842,1.7894736842105263,2017-05-31 08:51:45,2018-03-06 11:51:44,9.3,54.5,SP
432c37c9dfba871172ec162e20118b8c,3071.87,4.2,0.13333333333333333,2.5166666666666666,2017-03-02 14:06:01,2018-04-12 22:26:18,13.533333333333333,51.7,DF
432c67955c0acd1fd6b0b5d678766a71,1151.0,2.3333333333333335,0.0,1.3333333333333333,2016-10-04 16:28:25,2017-02-01 09:24:38,3.966666666666667,44.19,SP
43402bdf22aa2310e8f99e2f94f78628,649.95,2.8,0.0,1.0,2018-05-14 18:13:58,2018-06-28 00:15:39,1.4666666666666666,46.91,SP
4342d4b2ba6b161468c63a7e7cfce593,2997.0,1.25,0.047619047619047616,3.0476190476190474,2017-12-23 14:20:57,2018-07-25 11:21:39,7.1,36.56,RJ
436bf27f2f18474fc6047702e9f8a866,29.9,5.0,0.0,4.0,2017-01-18 12:51:23,2017-01-18 12:51:23,1.0,60.0,SP
4371b634e0efc0e22b09b52907d9d469,8204.0,4.410714285714286,0.07079646017699115,2.2920353982300883,2017-06-16 13:58:31,2018-08-13 18:15:19,14.1,55.68,SP
43753b27d77860f1654aa72e251a7878,23.9,5.0,0.0,5.0,2017-09-08 12:12:48,2017-09-08 12:12:48,1.0,60.0,BA
4391ea5c5990502176a1dcda44a2373d,2349.0,4.8,0.0,7.4,2017-10-15 19:48:23,2018-05-16 10:02:45,7.066666666666666,59.18,RS
439a47cc365d6e3bd526812ea9de3c29,1186.5,4.0,0.15384615384615385,2.230769230769231,2017-08-21 15:37:43,2018-07-05 01:16:37,10.566666666666666,49.58,SP
43a1d4bab73b816e44ef4e4facd9f9b5,189.9,4.0,0.0,1.0,2017-02-20 16:17:04,2017-02-20 16:17:04,1.0,54.03,PR
43a5d4a57af536fddc96d08be3afdfcb,75.0,1.0,0.0,10.0,2017-06-14 20:17:04,2017-06-14 20:17:04,1.0,36.01,MG
43b2c864251aa0ce4030c746984e088a,94.8,3.0,0.0,2.0,2018-07-28 15:35:20,2018-08-23 12:49:42,1.0,48.01,DF
43f8c9950d11ecd03a0304a49e010da6,4469.5599999999995,4.590909090909091,0.06818181818181818,3.227272727272727,2017-07-27 10:31:56,2018-05-29 19:22:17,10.2,56.23,SP
44073f8b7e41514de3b7815dd0237f4f,19212.44,3.732484076433121,0.04430379746835443,3.1645569620253164,2017-02-22 23:49:42,2018-08-08 18:12:16,17.7,54.21,DF
440dd6ab244315c632130ecfb63827b1,14175.6,3.836734693877551,0.12121212121212122,3.4242424242424243,2016-10-04 13:16:57,2018-08-04 14:55:00,22.3,51.7,SP
443d880f15cbd3572885e1d44bf2c478,94.8,2.0,0.0,1.0,2017-07-21 09:28:29,2017-07-21 09:28:29,1.0,42.01,SP
4450bd8327d471c4a11a83d1445b1b62,199.0,5.0,0.0,10.0,2017-04-11 06:33:17,2017-04-11 06:33:17,1.0,60.03,SP
446cc09cdbb130904da114e807dbec40,252.8,4.666666666666667,0.0,1.3333333333333333,2018-03-06 12:22:00,2018-06-04 00:18:20,2.966666666666667,58.04,SP
44717f64ec2a457979cf83c429077666,107.0,5.0,0.0,1.0,2018-08-01 00:48:09,2018-08-18 22:35:00,1.0,60.02,RS
447d377bdb757058acb569025ee18a93,64.99,5.0,0.0,3.0,2018-02-02 18:46:41,2018-02-02 18:46:41,1.0,60.01,RS
44ed138eca6214d572ce1d813fb0049b,129.79,4.666666666666667,0.0,2.3333333333333335,2018-08-08 00:43:30,2018-08-21 09:31:11,1.0,58.02,RS
44f091b5abab8018f682fce8124b85e5,1680.1,2.5,0.3333333333333333,2.1666666666666665,2017-09-11 07:12:41,2017-11-13 11:16:06,2.1,35.27,SP
45213867cefbf2cd4c6177e10216a951,4955.42,3.857142857142857,0.14285714285714285,5.5,2017-01-27 18:16:50,2017-10-11 11:41:40,8.533333333333333,49.67,SP
4559697a8f7e637227c2eeaed843baff,3905.7000000000003,4.088888888888889,0.06666666666666667,2.1777777777777776,2017-02-14 16:20:34,2018-06-27 12:45:26,16.566666666666666,53.17,SP
455befea1bb853c75ccbca94cff26e5c,19.99,3.0,0.0,1.0,2018-06-07 08:36:30,2018-06-07 08:36:30,1.0,48.0,RJ
455c5640e8c5bd1b2ee85c0158f85727,6729.5,4.5,0.0,6.125,2018-02-15 13:43:21,2018-05-14 23:49:10,2.933333333333333,58.1,SC
455f46ef09a9e45667e2981df84b5cc2,59.8,2.5,0.0,2.0,2018-08-07 19:13:51,2018-08-07 21:26:48,1.0,45.01,SP
457fe919b032a3f7dadba6fb92cf7855,1104.89,4.833333333333333,0.16666666666666666,2.5833333333333335,2018-05-02 18:19:06,2018-08-06 14:48:29,3.1666666666666665,54.18,SP
458c6fa920810ce2492da71bc26d9eec,756.76,2.5,0.0,12.5,2017-12-12 12:05:08,2017-12-21 15:09:09,1.0,45.12,SP
458d868c9642f55f18f04e951a3fdde6,2718.0,5.0,0.0,8.5,2017-05-31 18:30:10,2017-08-01 10:25:49,2.033333333333333,60.44,RS
45a3d05fb00435e52a28859dd03703b3,1299.0,5.0,0.0,1.0,2017-02-03 18:08:16,2017-02-03 18:08:16,1.0,60.21,SP
45ba18c210d42734ec52c0c1c574e9ee,5974.9,3.8222222222222224,0.08888888888888889,2.688888888888889,2018-04-03 00:54:42,2018-08-23 19:03:09,4.733333333333333,51.24,SP
45c20d94d9171b0bcfab3c955e47d67b,129.45999999999998,4.5,0.0,2.0,2017-05-05 13:35:44,2017-08-30 17:53:35,3.9,57.02,SP
45d33f715e24d15a6ccf5c17b3a23e3c,4877.21,4.064516129032258,0.06451612903225806,2.6129032258064515,2016-10-03 21:13:36,2018-08-17 08:06:17,22.733333333333334,53.25,SP
461ff5303b6c9c1a4a07f40c5aece516,102.69999999999999,3.6666666666666665,0.0,1.6666666666666667,2018-02-23 11:35:10,2018-07-14 19:34:45,4.7,52.02,PR
466222e777149751370e7e98fb623b0c,87.9,5.0,0.0,10.0,2018-08-06 23:14:27,2018-08-06 23:14:27,1.0,60.01,RJ
4677a5437afda5fa7140b927b07be1cc,3415.7,4.363636363636363,0.09090909090909091,3.090909090909091,2018-04-13 16:52:01,2018-08-09 14:20:29,3.9,54.01,PR
46dc3b2cc0980fb8ec44634e21d2718e,132322.02,4.175724637681159,0.059033989266547404,4.175313059033989,2016-10-04 21:25:32,2018-08-17 22:29:33,22.733333333333334,74.92,RJ
46ef1a25845fc051c2998d878354810c,250.41,4.4,0.2,2.0,2017-09-13 22:26:26,2018-08-17 21:23:04,11.233333333333333,50.44,MG
4736e9d642ef4257cd7622516931eb51,1228.82,4.24,0.0,1.84,2017-11-16 15:50:27,2018-08-25 17:37:28,9.4,55.64,SP
47648caee88ccfe951fbb27fbf7b4cbe,1564.99,3.6666666666666665,0.3333333333333333,8.333333333333334,2018-04-03 09:43:42,2018-05-21 19:01:41,1.6,42.26,SP
478bfe564db21eeb44386606aa30b650,182.70000000000002,4.666666666666667,0.0,3.3333333333333335,2017-10-08 20:24:03,2017-12-27 19:51:59,2.6333333333333333,58.03,MG
47efca563408aae19bb7206c2d969ea9,2522.0,4.083333333333333,0.0,6.5,2018-01-05 08:26:03,2018-08-23 20:49:24,7.666666666666667,54.91,PI
47f55702f598c7c6cc8458b0fbc1c49a,127.5,5.0,0.0,1.0,2017-09-15 09:57:51,2017-10-30 10:46:44,1.5,60.02,MG
48162d548f5b1b11b9d29d1e01f75a61,21360.34,3.795918367346939,0.02040816326530612,4.153061224489796,2017-01-26 11:09:00,2018-08-17 12:16:27,18.933333333333334,55.66,SP
4830e40640734fc1c52cd21127c341d4,9947.45,4.099099099099099,0.06278026905829596,2.1390134529147984,2017-07-25 17:24:33,2018-08-27 17:32:01,13.266666666666667,54.34,SP
48328ec9a579151d9cc6a86d4a59336c,1099.0,2.0,0.0,1.0,2017-09-19 14:23:31,2017-09-19 14:23:31,1.0,42.18,RS
483ca627d131e18f988349b1655c0acd,264.0,5.0,0.0,6.0,2018-03-27 16:37:34,2018-03-27 16:37:34,1.0,60.04,SP
48436dade18ac8b2bce089ec2a041202,12816.81,3.95,0.0625,2.64375,2017-03-15 09:19:06,2018-08-18 21:19:10,17.366666666666667,53.92,SP
485452467ff670447e84a8370c3fc898,175.7,4.666666666666667,0.0,5.0,2018-02-02 14:32:10,2018-03-01 22:20:35,1.0,58.03,SC
4867209cb29b56b92893d7bde3ce8012,150.0,4.0,0.0,1.0,2018-06-16 16:05:44,2018-06-16 16:05:44,1.0,54.02,SP
4869f7a5dfa277a7dca6462dcf3b52b2,237867.23,4.106960950764007,0.12225969645868466,4.010118043844857,2017-03-07 12:43:03,2018-08-24 19:42:51,17.833333333333332,89.87,SP
48985c61529077fa4f1e38bcff0f2ed3,879.3000000000001,4.428571428571429,0.0,2.2857142857142856,2017-01-31 08:37:02,2017-08-01 13:29:51,6.066666666666666,56.71,RS
48b6c3f4c6a93171da04b75313f2130f,290.26,5.0,0.0,2.5,2018-03-09 18:08:44,2018-04-25 12:58:56,1.5333333333333334,60.05,SP
48bad451945f5227341793478d6353ea,307.0,4.0,0.3333333333333333,1.6666666666666667,2017-02-16 19:36:07,2017-12-26 12:19:08,10.4,44.05,SP
48e5ee06fb2dc74df1c711a9b6dfac2a,57.0,5.0,0.0,10.0,2018-02-03 13:49:34,2018-02-03 13:49:34,1.0,60.01,MG
48e954b2da4f6a750c844173b347ed40,397.79999999999995,4.166666666666667,0.0,2.6666666666666665,2018-04-09 21:04:43,2018-05-07 14:28:20,1.0,55.06,RS
48efc9d94a9834137efd9ea76b065a38,345.6,5.0,0.0,1.0,2016-12-23 23:16:47,2017-01-26 10:00:37,1.1,60.06,PR
48fb026ed7455a42f5d3e9390ed5088e,628.61,2.5,0.0,3.0833333333333335,2017-05-24 12:42:59,2017-12-04 10:09:35,6.433333333333334,45.1,RJ
49067458c68f7701fd334ce326accbe0,1077.1,3.3684210526315788,0.07894736842105263,1.8421052631578947,2017-09-27 16:49:41,2018-08-17 20:47:06,10.8,48.02,MG
4917cee8d902e13428c3ec4b1ca6f315,5719.9,4.205882352941177,0.02857142857142857,3.142857142857143,2017-05-21 10:32:54,2018-08-17 01:48:47,15.066666666666666,55.31,SC
491a5ada3aa1678414e990262c4bbdc1,2840.0,3.0,0.0,5.5,2017-03-06 20:51:57,2017-04-05 09:55:00,1.0,48.46,SP
49383af7ab774e4e8f3000f49c83dc4b,660.0,4.583333333333333,0.0,2.25,2018-04-27 19:48:04,2018-08-20 23:18:27,3.8333333333333335,57.61,SP
4965a7002cca77301c82d3f91b82e1a9,8.49,5.0,0.0,1.0,2018-04-21 09:36:56,2018-04-21 09:36:56,1.0,60.0,SP
497709c2976a8fa308730a2dec5b0726,76.0,5.0,0.0,1.0,2018-07-19 19:22:05,2018-07-19 19:22:05,1.0,60.01,SP
4978a02ea9c8be7a9b5480680f40334e,2356.61,3.5789473684210527,0.0,3.0,2018-03-21 14:03:09,2018-08-05 11:58:34,4.533333333333333,51.86,SP
499185655c29ecfdbfe776ef7cf875b5,89.0,4.0,0.0,6.0,2018-06-02 13:29:22,2018-06-02 13:29:22,1.0,54.01,RS
4992e76a42cb3aad7a7047e0d3d7e729,2528.2,3.9156626506024095,0.060240963855421686,2.602409638554217,2017-05-12 14:58:01,2018-08-13 20:53:44,15.266666666666667,52.1,SP
499ec63c58e51296c9cf57edcfe1c8a8,365.0,4.8,0.0,1.4,2018-04-11 16:15:39,2018-06-03 19:20:42,1.7666666666666666,58.86,SP
49cdc90518a4f82676b38b3c1aa43ff6,1539.5,3.8,0.0,2.4,2018-06-11 11:10:56,2018-08-28 17:39:38,2.6,53.05,SP
49e7217cfe4e427191c378ec626d8737,3002.7,3.9285714285714284,0.0,4.357142857142857,2017-05-20 15:56:32,2018-05-27 20:45:09,12.4,54.06,MG
49f8d2ea7b718d0ce587d34207caf2b4,149.9,5.0,0.0,3.0,2018-08-23 20:34:07,2018-08-23 20:34:07,1.0,60.02,SP
4a1917ef994878940e1fb03eeb787ad7,768.0,2.6666666666666665,0.0,1.0,2018-06-19 16:41:53,2018-07-26 10:31:00,1.2,46.13,DF
4a1f694197d05fe70026b016a7316b41,907.77,4.391304347826087,0.043478260869565216,1.9565217391304348,2018-02-17 01:22:20,2018-08-12 20:10:32,5.866666666666666,55.19,SP
4a23adac87cf538689fa600d976f78b2,405.0,4.333333333333333,0.0,5.0,2018-08-18 11:49:40,2018-08-22 13:02:19,1.0,56.07,SP
4a3ca9315b744ce9f8e9374361493884,215825.77000000002,3.8016917293233083,0.10394431554524362,3.895127610208817,2017-01-08 09:35:14,2018-08-27 10:46:11,19.866666666666667,84.98,SP
4a3ccda38b2129705f3fb522db62ca31,19352.19,3.783132530120482,0.08433734939759036,3.3132530120481927,2017-09-13 15:07:45,2018-08-19 14:51:36,11.3,53.33,SP
4a5b36211b1f51bf7eaa5c10a57fa483,139.19,5.0,0.0,1.0,2018-08-05 21:20:52,2018-08-05 21:20:52,1.0,60.02,RJ
4a82168aaef173cbb6e46ae88728f919,512.0,4.0,0.0,5.25,2018-07-13 15:26:30,2018-08-07 13:32:25,1.0,54.08,PR
4a82c4af97ffc0fb2dc26bfdc03b1842,143.7,5.0,0.0,2.0,2017-05-30 19:12:37,2017-08-15 14:31:33,2.533333333333333,60.02,MG
4aba391bc3b88717ce08eb11e44937b2,7714.87,3.935483870967742,0.12903225806451613,3.6129032258064515,2017-02-02 01:00:37,2018-08-04 10:49:08,18.266666666666666,51.0,BA
4aba6a02a788d3ec81c03137144d9a80,89.9,5.0,0.0,10.0,2018-01-16 14:09:55,2018-01-16 14:09:55,1.0,60.01,SC
4b0fdb526525f9890eb145bf1534640e,2546.9,3.9047619047619047,0.0,3.9523809523809526,2018-02-25 15:14:28,2018-08-22 15:53:04,5.933333333333334,53.84,SP
4b1eaadf791bdbbad8c4a35b65236d52,1929.69,2.0,0.1111111111111111,4.444444444444445,2016-10-04 09:16:33,2017-03-18 16:32:13,5.5,38.98,SP
4b39558c138930b9e5489c93b6df5fe3,1096.7,4.6,0.0,6.6,2017-11-15 00:16:15,2018-01-14 16:43:17,2.0,57.78,SE
4b5f66b7adcf57f1ecc0d3c07dd6b177,6381.78,4.081081081081081,0.02631578947368421,4.421052631578948,2017-03-21 16:03:34,2018-07-25 16:11:44,16.366666666666667,54.74,PR
4b90495391ac0bd181a80a459df1e718,248.0,4.0,0.0,3.0,2016-10-05 22:24:40,2016-10-05 22:24:40,1.0,54.04,RS
4b9750c8ad28220fe6702d4ecb7c898f,16300.5,4.321739130434783,0.07391304347826087,1.982608695652174,2017-10-12 12:42:46,2018-08-27 12:11:07,10.6,56.38,SP
4b98b0428fc1932cc2514ef9ce2505e6,741.27,2.6,0.2,6.0,2017-09-11 11:28:21,2017-11-16 17:01:40,2.2,39.72,SP
4ba52dfeba874da5b9ee7b17c7494f04,1463.0,4.363636363636363,0.09090909090909091,3.5454545454545454,2017-07-31 15:18:44,2017-10-23 18:48:32,2.8,53.69,SP
4bc3d93e4a5f88a598d3d8ce4ae510b3,169.0,1.0,0.0,2.0,2018-07-08 13:34:57,2018-07-08 13:34:57,1.0,36.03,SP
4bcec44888b30ba9001234c534716d3f,168.0,4.666666666666667,0.0,1.1666666666666667,2018-01-06 11:57:52,2018-07-18 15:22:25,6.433333333333334,58.03,SP
4bde6149c15cf7e177b36fa060dd6de8,159.8,5.0,0.0,2.0,2016-10-07 11:33:35,2016-10-10 11:22:36,1.0,60.03,RS
4be2e7f96b4fd749d52dff41f80e39dd,267.0,1.0,0.0,1.0,2016-10-05 22:44:13,2016-10-05 22:44:13,1.0,36.04,AC
4be6b962d83299498bae2190f95d6566,543.6999999999999,4.166666666666667,0.07692307692307693,1.6923076923076923,2018-03-07 16:53:53,2018-08-12 16:08:03,5.233333333333333,52.78,SP
4be9ae93c4fc0f41713d71a4194ee1b3,109.9,5.0,0.0,3.0,2018-08-17 17:26:08,2018-08-17 17:26:08,1.0,60.02,MG
4bf2f4ee540798a61f9636d12cd9cc80,4995.56,4.166666666666667,0.03333333333333333,3.433333333333333,2017-03-29 10:31:33,2018-08-09 09:12:58,16.566666666666666,54.82,SP
4bf658053d453036c70976bccb2c31b2,1742.99,4.5,0.0,5.5,2017-04-15 12:11:01,2017-05-18 12:26:29,1.1,57.28,SP
4bfc7a4a1cf8d4d2121c27422d9e50b5,8124.4,4.225,0.025,3.925,2018-03-25 20:34:15,2018-08-22 19:14:34,4.966666666666667,55.93,SP
4c03b9dd4c11ee2cb35c96c49efc9420,6667.5,4.061224489795919,0.02,4.14,2017-05-04 08:41:54,2017-10-06 19:35:38,5.166666666666667,54.86,SP
4c18691b6037662be2df78a765d98ab5,3220.52,3.838235294117647,0.07352941176470588,2.235294117647059,2018-02-25 18:55:59,2018-08-28 10:57:13,6.1,51.35,SP
4c1c7281388a33dd06daac44f9fadbd1,188.32,4.8,0.0,2.2,2018-04-04 09:12:02,2018-06-20 19:31:47,2.566666666666667,58.83,SP
4c2b230173bb36f9b240f2b8ac11786e,14688.07,3.758720930232558,0.08908045977011494,1.4166666666666667,2017-02-14 14:24:24,2018-08-20 21:37:48,18.4,52.28,SP
4c498c7345e89aebad651544829beca0,4819.76,4.291666666666667,0.125,2.5208333333333335,2017-12-02 18:06:27,2018-08-16 10:32:24,8.533333333333333,52.79,SP
4c4d546adf3c3868fe19c9ec6e9ffda9,111.69999999999999,3.6666666666666665,0.0,2.6666666666666665,2018-06-07 09:19:48,2018-08-16 15:54:42,2.3333333333333335,52.02,PR
4c60877808f4318ef1107fbeb8f89afa,118.0,4.0,0.0,3.5,2017-12-01 18:40:44,2018-01-16 14:33:54,1.5,54.02,SP
4c61e37f664c3c88aff092aa5ac779d7,788.3100000000001,4.0,0.375,1.375,2018-03-10 18:18:20,2018-04-17 11:12:01,1.2333333333333334,42.88,RJ
4c8545742faaf58fafd5fd14d25d75cf,3020.0,4.5,0.0,7.5,2018-03-15 22:07:54,2018-05-19 18:08:37,2.1333333333333333,57.49,SP
4c8b8048e33af2bf94f2eb547746a916,2020.73,3.111111111111111,0.1111111111111111,2.740740740740741,2017-08-22 16:50:10,2018-08-24 21:17:00,12.233333333333333,45.66,SP
4cc43a222a0f94910728b62b97a8c5f8,108.5,3.0,0.0,1.0,2018-01-31 14:13:06,2018-01-31 14:13:06,1.0,48.02,SP
4cc4fd4fdd406a85bbdc1f824b731bd7,539.98,5.0,0.0,10.0,2018-02-26 12:08:58,2018-02-26 12:08:58,1.0,60.09,PR
4ce6e5f6c52515177e18c1c9361d8677,226.6,3.0,0.0,5.0,2018-07-16 22:08:56,2018-07-16 22:08:56,1.0,48.04,SP
4ce8b55b4bfa4659184e7becc1fba3f2,199.0,3.0,0.0,3.0,2018-04-23 13:47:32,2018-04-29 19:19:56,1.0,48.03,PR
4cf490a58259286ada5ba8525ba9e84a,1254.2,3.125,0.0,3.875,2017-03-14 13:06:10,2017-11-23 12:17:53,8.433333333333334,48.95,SP
4d0041cdbe51b4617d95c70b19decc74,5235.200000000001,4.5,0.0,6.0,2018-05-10 21:50:13,2018-07-31 09:52:59,2.7,57.86,MG
4d232b78ab7ef10393dc3807d827bc0d,1475.0,4.4,0.0,4.8,2018-07-22 14:07:35,2018-08-15 20:14:22,1.0,56.64,MG
4d600e08ecbe08258c79e536c5a42fee,4465.34,4.0,0.0,5.25,2016-10-06 07:53:10,2017-03-15 19:08:27,5.333333333333333,54.73,PR
4d6d651bd7684af3fffabd5f08d12e5a,45470.9,4.172330097087379,0.053268765133171914,2.3801452784503634,2017-04-25 11:30:33,2018-08-23 17:09:58,16.166666666666668,60.87,SP
4d6fb82c629c7a5028bfd973c07b05e0,278.0,2.0,0.0,6.5,2017-02-22 19:36:22,2017-02-28 21:49:29,1.0,42.04,MG
4d8809767a5bafe22909c77951fb6b41,50.0,5.0,0.0,1.0,2017-10-25 17:17:47,2017-10-25 17:17:47,1.0,60.01,SP
4d9fea3499bdc22aa4da4e339365f215,192.54000000000002,5.0,0.0,4.5,2018-02-17 16:39:44,2018-07-04 16:17:34,4.533333333333333,60.03,SP
4da0e408c99d2fdc2126dc9fce518060,3473.1,4.523809523809524,0.0,2.0476190476190474,2017-01-14 15:42:20,2018-08-13 18:42:05,19.2,57.71,PR
4dab98ca6cd6d3df586203cefd28a042,154.9,5.0,0.0,1.0,2018-03-05 13:28:54,2018-03-05 13:28:54,1.0,60.02,RS
4dbd95a08b31ede5c82d3f861cb1ce1a,1304.67,3.5,0.0,2.3333333333333335,2017-05-21 11:56:58,2017-11-14 16:47:06,5.9,51.21,PR
4dc2e811a1760953cb7c6a590b498943,175.0,5.0,0.0,10.0,2018-08-20 22:32:41,2018-08-20 22:32:41,1.0,60.03,SP
4dc646b9b9e8e411ef48ba000ea3ac6f,289.7,2.4,0.2,1.6,2018-02-03 18:28:57,2018-08-16 16:49:11,6.433333333333334,38.45,SP
4ddeb3e828550cddc8d45c8bc36ab2d1,152.0,5.0,0.0,1.0,2017-03-15 12:19:23,2017-03-15 12:19:23,1.0,60.02,SP
4de6e4ba574aa9dfdc824bc44dc47fdd,479.1,4.066666666666666,0.06666666666666667,1.8,2018-01-09 06:37:43,2018-07-05 10:50:12,5.9,52.48,PR
4deebb3199eeafb282ae33229144f94b,779.7,3.4,0.4,1.6,2018-01-14 18:19:35,2018-07-28 13:14:25,6.466666666666667,38.53,SP
4e06067cc08b3f41d837768d392c3ee3,981.7099999999999,4.191489361702128,0.0425531914893617,1.9574468085106382,2017-07-16 15:27:12,2018-08-04 19:38:07,12.8,54.03,MG
4e0d109ccfba9a1151c103049880c857,279.89,3.0,0.0,5.5,2017-11-24 02:25:07,2018-05-31 17:29:44,6.266666666666667,48.05,RJ
4e17c65a516f69d023a2ae78b84f28d6,7639.26,4.081081081081081,0.10810810810810811,3.1621621621621623,2017-03-13 23:46:04,2018-08-26 19:22:51,17.666666666666668,52.49,SP
4e2627090e6e5b9fabba883a37897683,199.5,1.0,0.0,1.8,2018-01-14 21:52:31,2018-02-26 21:40:14,1.4,36.03,MG
4e326052e5dbba8adcd512f3450a307e,570.0,1.6666666666666667,0.0,1.0,2018-01-31 16:24:50,2018-02-25 11:56:11,1.0,40.09,SP
4e42581f08e8cfc7c090f930bac4552a,465.0,1.0,0.4,1.2,2017-11-24 18:11:33,2017-12-07 10:29:18,1.0,24.08,SP
4e480be820e37de1444325ff358c9296,430.3,5.0,0.0,10.0,2018-07-11 20:01:00,2018-07-11 20:01:00,1.0,60.07,MG
4e5725ba188db8252977a4f0227bd462,1989.59,3.5,0.2692307692307692,1.6538461538461537,2018-02-20 18:27:39,2018-05-25 23:56:57,3.1333333333333333,43.25,SP
4e6015589b781adaa5ce7f1892d06bb1,684.0,3.6666666666666665,0.0,5.666666666666667,2017-10-12 19:42:09,2018-01-24 11:06:18,3.433333333333333,52.11,SP
4e7c18b98d84e05cbae3ff0ff03846c2,9705.9,4.163043478260869,0.043010752688172046,3.3763440860215055,2017-02-04 20:09:10,2018-07-12 16:53:30,17.4,55.27,SP
4e85b538b0dad58852641540686d0e14,384.15999999999997,3.6666666666666665,0.6666666666666666,1.0,2017-07-27 08:45:34,2018-06-25 14:34:45,11.1,32.06,SP
4e8dacf3d38f281ae26c3e0321d92d88,2644.95,2.466666666666667,0.13333333333333333,3.2666666666666666,2017-01-27 14:59:18,2017-06-05 12:13:39,4.266666666666667,41.23,SP
4e922959ae960d389249c378d1c939f5,48190.07,3.9054621848739495,0.1101871101871102,2.30977130977131,2016-10-10 17:49:21,2018-08-28 19:44:25,22.9,58.01,SP
4e92348462c75b6c842b994ce84a0ed4,69.9,5.0,0.0,1.0,2018-07-03 22:20:41,2018-07-03 22:20:41,1.0,60.01,RS
4ea2f12dbe91deeacd2c1e74f069a6e6,210.2,4.833333333333333,0.0,1.3333333333333333,2017-09-05 21:20:12,2018-04-08 23:24:30,7.166666666666667,59.03,SP
4eb61f060e7dcc1d5a80d806c35cc541,1313.0,3.875,0.0,3.125,2018-03-23 13:10:56,2018-08-23 00:46:54,5.066666666666666,53.46,SP
4ebdc7e6cd6102a022dadc49156d4ea8,1029.1,3.948717948717949,0.02564102564102564,1.8974358974358974,2017-02-22 10:39:37,2018-07-19 19:38:57,17.066666666666666,53.09,SP
4eeb99008a0f59d2c7759c59f9a346eb,1282.0,4.5,0.0,5.5,2018-04-23 10:39:30,2018-06-18 14:07:12,1.8666666666666667,57.21,SP
4ef4c39cf3c24f326434cf0b2e48046a,891.0,3.5555555555555554,0.1111111111111111,1.2222222222222223,2018-01-18 19:22:23,2018-08-23 09:53:04,7.2,48.15,SP
4f0d637c1197fd65405ebd755ac9f86b,199.8,5.0,0.0,2.5,2018-05-30 21:48:24,2018-06-20 20:30:31,1.0,60.03,SP
4f1f1c8666cdb6442f775c4e8caed465,944.98,5.0,0.0,3.5,2018-07-25 22:39:01,2018-08-01 14:04:51,1.0,60.15,MG
4f40d2ed38d1cc945364a7cd202a82c7,319.9,1.0,0.0,1.0,2017-11-25 15:23:14,2017-11-25 15:23:14,1.0,36.05,SP
4fae87d32467e18eb46e4a76a0a0b9ce,100.9,5.0,0.0,2.0,2018-08-17 21:45:54,2018-08-17 21:45:54,1.0,60.02,RS
4fb41dff7c50136976d1a5cf004a42e2,1230.0,4.0,0.3333333333333333,12.666666666666666,2017-11-27 20:01:56,2018-02-02 21:38:36,2.2333333333333334,44.2,BA
4fe2f67634d00c021aa01f96b6f2d68e,86.8,5.0,0.0,2.0,2018-08-11 19:27:59,2018-08-16 20:58:56,1.0,60.01,PR
5011f0d93373a4c5753adf58ca77af8d,1029.32,3.5652173913043477,0.17391304347826086,1.9565217391304348,2017-08-16 11:32:22,2018-05-14 14:34:52,9.033333333333333,46.34,SP
503c1de08ae81a2d86f17951b204db55,4906.99,4.409090909090909,0.09090909090909091,3.6818181818181817,2017-06-28 15:23:34,2018-07-26 09:26:38,13.066666666666666,54.53,SP
5058e8c1e82653974541e83690655b4a,10082.81,3.064935064935065,0.12658227848101267,2.911392405063291,2017-10-16 17:57:03,2018-08-03 18:54:39,9.7,46.24,SP
5075aaa8404020ae6aa8bf4792099b41,1932.79,3.7222222222222223,0.0,5.0,2017-03-16 10:22:52,2018-01-13 19:23:28,10.1,52.65,MG
50770d25768b0486d89be26afca3108f,171.76999999999998,4.0,0.16666666666666666,1.3333333333333333,2017-12-12 19:09:19,2018-07-18 12:16:33,7.233333333333333,49.03,SP
508808d438fe2ff972ed13bb8f4a82e2,314.81,4.384615384615385,0.0,2.4615384615384617,2018-08-04 21:13:47,2018-08-27 22:34:17,1.0,56.36,SP
50a7e551a7b3f8d37cd6e32d8bfbe5ea,140.0,5.0,0.0,6.0,2018-07-24 22:15:53,2018-07-24 22:15:53,1.0,60.02,SP
50bf89f1349bc0409a268c3a49678009,179.9,5.0,0.0,10.0,2018-07-02 00:11:34,2018-07-02 00:11:34,1.0,60.03,SP
50c361bcf670d16f6df4d52de3dff924,35.0,1.0,0.0,2.0,2018-02-13 21:48:17,2018-02-13 21:48:17,1.0,36.01,SP
50c9975695009e5e6473912e83a6d1da,4065.2,4.0,0.1,2.642857142857143,2017-02-05 15:53:52,2018-07-23 17:14:32,17.766666666666666,51.66,MG
51209b446b2073894bdc0face6c73ffc,359.6,4.0,0.0,4.0,2018-06-13 17:05:52,2018-07-19 11:52:13,1.1666666666666667,54.06,ES
512d298ac2a96d1931b6bd30aa21f61d,7401.94,4.25,0.0,3.0,2018-01-17 09:54:55,2018-08-17 17:25:51,7.066666666666666,56.71,RJ
513a54369b6a8a6602fcb0e129c6d78d,47.8,4.5,0.0,1.0,2018-08-18 00:16:00,2018-08-26 12:06:17,1.0,57.01,SP
5145090ab595c0d0b8557199f5701fbf,1459.6,4.25,0.0,4.75,2018-03-15 16:04:46,2018-06-09 21:53:29,2.8666666666666667,55.74,PR
5151aea44289d6c6b090ee31c2132508,1315.3,1.8333333333333333,0.0,4.428571428571429,2017-02-17 15:29:41,2017-02-20 13:50:49,1.0,41.21,SP
515d781150feed28a6ac091bb0e3cb8c,1002.35,4.166666666666667,0.0,4.666666666666667,2016-10-07 21:50:26,2017-05-11 15:19:44,7.166666666666667,55.16,MS
5160d23075764e18e07c1f4a87fad743,2429.0,4.461538461538462,0.02564102564102564,3.5384615384615383,2017-08-14 18:37:59,2017-12-05 09:35:38,3.7333333333333334,56.4,SP
516e7738bd8f735ac19a010ee5450d8d,6762.89,4.558139534883721,0.046511627906976744,2.953488372093023,2018-05-11 18:34:36,2018-08-24 19:51:08,3.5,57.06,RJ
51702dc2a3e106c76dbff722b5bf0726,2705.1,4.357142857142857,0.0,2.5714285714285716,2017-02-23 23:49:22,2018-04-29 12:20:23,14.3,56.58,SP
5194c22ed1f616ec0c0f33c571542879,245.6,4.25,0.0,1.5,2018-06-21 13:37:25,2018-08-05 15:48:29,1.5,55.54,MG
519a7aa428f18d125a283cf8c014fdd6,79.69999999999999,4.0,0.0,1.0,2018-07-07 16:56:54,2018-07-30 21:54:00,1.0,54.01,SC
51a04a8a6bdcb23deccc82b0b80742cf,335.98,1.0,1.0,3.0,2017-11-14 12:04:09,2017-11-14 12:04:09,1.0,6.05,SP
51e0557bc7b86de13e946c60ee91ce39,45.8,5.0,0.0,3.0,2017-05-14 01:23:01,2017-05-14 01:23:01,1.0,60.01,MG
51e4e89242cbb846c2deff3dc015650e,950.38,4.555555555555555,0.0,1.7222222222222223,2018-04-04 16:32:31,2018-08-20 17:16:49,4.6,57.49,RS
51ed72984a04e5dd35c2b27e77179038,1294.3,3.5714285714285716,0.14285714285714285,3.0,2017-11-11 19:29:52,2018-04-21 18:38:11,5.333333333333333,47.35,SP
51f108f62cb87d61918159902c8f8583,303.73,4.333333333333333,0.0,1.6666666666666667,2018-07-24 12:22:38,2018-08-19 08:24:27,1.0,56.05,PR
5206cc4bc2297c833e6061c49bf9c43f,35.0,1.0,0.0,3.0,2016-10-08 12:13:38,2016-10-08 12:13:38,1.0,36.01,SP
52092ddbd3a58c450a4459bf051b2287,351.7,4.333333333333333,0.0,2.6666666666666665,2017-11-11 11:22:49,2018-03-27 15:40:33,4.533333333333333,56.06,SP
520b493b57809f446cb0a233bb3e25c7,3811.9,4.36,0.02666666666666667,3.026666666666667,2017-03-10 20:04:32,2017-12-19 11:08:36,9.433333333333334,55.98,SP
522620dcb18a6b31cd7bdf73665113a9,59332.08,3.8743169398907105,0.09574468085106383,3.49468085106383,2016-10-03 09:44:50,2018-08-04 22:58:06,22.333333333333332,60.07,PR
5236605f4d4b0b3e4df85b850393fca0,265.3,4.8,0.2,1.2,2017-08-09 13:04:46,2018-08-04 18:22:26,12.0,52.84,SP
52454f90d4c30c016768db02f88c1a74,80.5,3.6,0.0,1.0,2018-05-14 21:28:52,2018-07-13 14:38:35,1.9666666666666666,51.61,SP
52562a9f449c3dc3d53f5f5b9ed74903,3266.6,4.785714285714286,0.0,3.4285714285714284,2017-04-27 22:05:13,2018-04-14 14:59:46,11.7,59.25,RN
525e75a6fb1454a2325ab1734bcec221,657.0699999999999,3.727272727272727,0.0,1.6363636363636365,2017-04-13 10:14:47,2017-10-02 12:47:00,5.733333333333333,52.47,SP
5275ca25d0358ca73864e0ae41be1320,409.6,4.75,0.5,2.0,2018-07-23 09:33:10,2018-08-07 20:21:41,1.0,43.57,SP
527801b552d0077ffd170872eb49683b,18856.399999999998,4.421052631578948,0.125,3.90625,2017-10-05 20:25:27,2018-08-24 20:22:30,10.733333333333333,55.86,SP
52831e5990d0771cb4951d6f12928167,65.0,3.0,0.0,1.0,2018-08-06 16:31:57,2018-08-06 16:31:57,1.0,48.01,SP
528bcf6680c36dddf07620bd35b33a6f,969.98,4.5,0.5,7.0,2017-06-11 21:57:20,2017-10-17 01:08:50,4.233333333333333,42.16,SP
528ce32f560edd11add4169f6a5b65be,59.8,5.0,0.0,5.5,2017-05-02 10:01:50,2017-07-20 09:58:18,2.6,60.01,SP
52956b80ae65fda598f06f6b9943e7a9,792.0,4.0,0.3333333333333333,7.0,2018-05-07 21:04:51,2018-05-31 16:24:49,1.0,44.13,PR
52a50b42accf164f9f019941e5759d9b,139.96,4.75,0.25,1.25,2018-08-02 19:52:43,2018-08-22 12:32:55,1.0,51.02,SP
52a52b9f656520e99716f5bc40f661c8,783.1,4.125,0.0,2.375,2018-04-29 18:49:23,2018-07-28 13:11:22,2.966666666666667,54.88,SP
52ac6f920b7280e4c6d30dd94de6259b,5657.3,3.2857142857142856,0.0,5.714285714285714,2017-02-28 11:27:39,2018-05-23 08:20:07,14.933333333333334,50.64,PR
52b53f7061969fe471d119b6195da864,90.0,5.0,0.0,1.0,2017-08-28 13:15:21,2017-08-28 13:15:21,1.0,60.01,SP
52bb00821bcdd358a5a5a27e1f6be5a1,390.8,4.666666666666667,0.0,2.6666666666666665,2018-01-17 20:41:09,2018-04-11 17:20:17,2.7666666666666666,58.06,SP
52d76513f0c4d97f3b99570e2c94ee31,8153.1,3.88,0.03571428571428571,5.785714285714286,2017-07-14 17:24:44,2018-08-16 14:34:23,13.233333333333333,53.54,RS
52f0fe436a347ddad7ed5f9aa4e27eaa,1497.3600000000001,3.3333333333333335,0.16666666666666666,2.7083333333333335,2018-01-06 15:42:24,2018-05-18 11:23:17,4.366666666666666,45.24,SP
52f6f9f13ba19504c02781132a049e75,398.0,2.0,0.0,1.0,2017-03-25 09:08:41,2017-03-25 09:08:41,1.0,42.06,PR
52f976b17ea7f2f087f56dcc419328f6,7630.0,3.6666666666666665,0.0,8.0,2017-10-05 10:28:57,2018-07-23 20:37:29,9.7,53.25,PR
52f9db5cfb423382a2fa5c9e39303202,1317.3600000000001,4.166666666666667,0.0,1.5416666666666667,2017-11-06 20:40:57,2018-08-02 16:45:33,8.933333333333334,55.21,SP
5305693ffae2d3463377b1f6fe67b15a,93.56,5.0,0.0,6.0,2018-01-02 10:35:07,2018-01-02 10:35:07,1.0,60.01,SP
53088c75f948b48a7ece173ac17f0c12,261.70000000000005,5.0,0.0,2.6666666666666665,2018-05-22 21:45:29,2018-08-07 17:16:46,2.533333333333333,60.04,RS
530ec6109d11eaaf87999465c6afee01,13636.6,3.9911504424778763,0.008849557522123894,2.3628318584070795,2017-05-24 12:17:36,2018-08-23 15:50:07,15.2,55.91,PR
53243585a1d6dc2643021fd1853d8905,244627.55,4.071264367816092,0.036613272311212815,4.649885583524028,2017-08-28 18:29:21,2018-08-21 09:52:32,11.9,93.33,BA
53336f97ddbe53e2a617d07b17447b95,599.5,5.0,0.0,6.0,2017-10-04 09:13:51,2017-10-04 09:13:51,1.0,60.1,SP
533d46c1b06970e99f09523a61df4972,159.98,4.5,0.0,1.0,2018-02-01 19:36:03,2018-02-04 18:39:24,1.0,57.03,SP
5343d0649eca2a983820bfe93fc4d17e,11095.83,3.542372881355932,0.09836065573770492,2.6639344262295084,2017-12-18 19:26:02,2018-07-29 19:42:00,7.433333333333334,50.12,SP
534a01cc6df1e034e05c32028a291fa2,235.59,4.4,0.0,2.0,2017-08-16 19:24:28,2017-10-23 11:33:12,2.2333333333333334,56.44,SP
535bf14f36346c7f59d87cece104d70c,50.0,4.0,1.0,1.0,2018-08-19 11:28:30,2018-08-19 11:28:30,1.0,24.01,RJ
537eb890efff034a88679788b647c564,4889.099999999999,4.128491620111732,0.0670391061452514,1.8156424581005586,2017-07-17 16:21:05,2018-08-28 21:56:12,13.566666666666666,53.56,RJ
538caafddff204241cecbf3a02e6b3cf,148.3,2.5555555555555554,0.4444444444444444,1.0,2017-05-16 11:42:33,2018-07-12 11:24:13,14.033333333333333,32.02,SP
539ed9e19811677513447759be5eccfc,32.83,3.0,0.0,1.5,2018-06-16 18:52:33,2018-08-26 11:44:34,2.3333333333333335,48.0,MG
53b0300ca793f9834cd69c0678d35ee8,1662.15,5.0,0.0,5.3,2017-11-18 16:05:19,2018-07-30 12:08:24,8.433333333333334,60.27,SP
53d00c40e32aeb924a84ce72b1af869d,2165.85,4.352941176470588,0.23529411764705882,3.823529411764706,2018-01-04 22:09:33,2018-08-04 19:54:42,7.033333333333333,49.41,SP
53e4c6e0f4312d4d2107a8c9cddf45cd,32049.68,4.066666666666666,0.04847396768402154,3.104129263913824,2017-02-21 19:06:14,2018-08-27 17:10:36,18.366666666666667,58.19,SP
54065e9aef7e9e9c2dc23b7594db021a,8003.0,3.857142857142857,0.0,5.285714285714286,2017-03-03 17:42:10,2018-03-05 14:25:21,12.2,54.45,RJ
5415337f1863452476d42d9f14a16a61,44.9,3.0,0.0,4.0,2018-08-04 18:07:07,2018-08-04 18:07:07,1.0,48.01,MG
54219883e72aad869adfb2a54b7bfa0f,6750.0,3.2,0.0,7.8,2017-11-03 12:26:01,2018-07-10 17:16:33,8.3,50.3,SP
542917da124346b47ea1ac79a93ce454,1341.9,4.190476190476191,0.047619047619047616,2.619047619047619,2017-03-04 16:27:08,2017-08-07 14:14:22,5.166666666666667,53.93,PR
5444b12c82f21c923f2639ebc722c1ea,169.9,4.0,0.0,5.0,2017-04-25 01:25:34,2017-04-25 01:25:34,1.0,54.03,SP
544863df86ed3b78a04e0820d41430ee,23.9,5.0,0.0,1.0,2018-07-02 10:21:35,2018-07-02 10:21:35,1.0,60.0,ES
54583ab379489add547fe47b628db589,2240.0,4.8,0.0,3.5,2018-07-23 18:18:54,2018-08-28 15:58:28,1.1666666666666667,59.17,SP
54965bbe3e4f07ae045b90b0b8541f52,11221.2,2.9397590361445785,0.3068181818181818,3.647727272727273,2017-10-18 21:56:13,2018-07-03 19:59:42,8.566666666666666,40.27,PR
54a1852d1b8f10312c55e906355666ee,18270.3,4.350230414746544,0.10091743119266056,1.963302752293578,2017-01-12 12:01:14,2018-08-21 19:49:42,19.533333333333335,56.06,SP
54aa8463e87776b5612f4bdc4bd5d4de,649.3,3.857142857142857,0.0,3.2857142857142856,2016-10-07 10:57:46,2017-02-21 10:53:34,4.533333333333333,53.25,MG
54c04bdb5ec46762f8f08c7e8f86ed4a,3281.66,4.315789473684211,0.10526315789473684,3.5789473684210527,2018-02-06 15:10:03,2018-08-09 10:00:38,6.1,53.27,SC
55029529919c0123526150bd26ca8f20,453.95,4.714285714285714,0.0,1.2857142857142858,2018-06-13 13:31:02,2018-08-13 15:07:30,2.033333333333333,58.36,MG
553a440137d6e0cf776aee0bb83ac9f5,144.8,1.0,0.5,1.5,2018-05-11 15:20:39,2018-05-29 14:29:23,1.0,21.02,SP
5563732abe64c3036cb97ad924128dd1,404.0,4.666666666666667,0.0,7.666666666666667,2017-06-25 22:59:52,2017-12-20 09:56:32,5.9,58.07,SP
5566627eab3fe93fd6ee08798226101a,85.5,4.4,0.0,1.4,2017-04-13 00:27:41,2018-01-22 10:33:42,9.466666666666667,56.41,PR
556a6409838156ea299c9d1f9e2dde43,1362.8,3.25,0.0,2.75,2018-06-19 10:11:16,2018-08-11 23:28:46,1.7666666666666666,49.72,PR
557f22c76691849db52d2abccf0015d0,935.8499999999999,3.142857142857143,0.0,2.533333333333333,2017-05-08 13:45:25,2017-09-12 23:58:05,4.233333333333333,49.01,GO
5587130f9850696ed7fafbc91c2cee44,69.8,5.0,0.0,2.0,2018-07-13 17:55:51,2018-08-07 09:25:23,1.0,60.01,SP
559d56f3b8f0bc2e5a9a62fe2ce2a39f,385.0,2.5,0.5,3.5,2018-08-05 09:19:13,2018-08-05 23:10:33,1.0,30.06,SC
55a5b51f93f2b70ea513f5a047b0262a,4102.0,4.5,0.07142857142857142,2.5,2017-04-04 16:33:35,2017-10-06 10:36:09,6.133333333333334,55.53,MG
55bb6fe5bebe5012e2d7d9928e1128ff,1913.62,3.6470588235294117,0.17647058823529413,2.1176470588235294,2018-01-20 21:20:55,2018-07-30 13:35:11,6.333333333333333,46.9,SP
55c26bcb609f480eb7868594245febb5,664.4000000000001,4.0,0.0,5.333333333333333,2018-04-09 13:11:49,2018-08-09 11:44:40,4.033333333333333,54.11,SP
55c96925041a14097b6a7825554f4ad5,294.8,3.2,0.2,5.5,2017-03-23 19:12:49,2018-01-15 16:52:44,9.9,43.25,SP
55d3daac7c404d59e51c2aa2f4dc5a23,4480.6,3.9285714285714284,0.0,1.6785714285714286,2017-05-31 07:40:50,2018-08-17 11:17:42,14.766666666666667,54.3,SP
55dedd83e501d8248880557d9073cbfd,1055.3,4.888888888888889,0.0,2.5555555555555554,2018-08-10 22:50:14,2018-08-28 19:31:41,1.0,59.51,RJ
55f7a3319d80f7fdf078b8f03e6725fe,3013.78,3.772727272727273,0.09090909090909091,1.9090909090909092,2018-07-02 19:54:04,2018-08-22 21:06:11,1.7,50.4,SP
562f8cfc51f265411f487d07e9c40e7f,766.9200000000001,4.538461538461538,0.15384615384615385,2.230769230769231,2017-10-18 12:20:20,2018-05-07 18:58:49,6.7,52.74,MG
562fc2f2c2863ab7e79a9e4388a58a14,8814.199999999999,4.235074626865671,0.03333333333333333,2.5925925925925926,2018-01-15 18:33:21,2018-08-21 09:42:29,7.233333333333333,55.85,SP
5656537e588803a555b8eb41f07a944b,8165.29,3.8020833333333335,0.078125,1.6927083333333333,2016-10-06 13:07:13,2018-08-23 14:56:46,22.866666666666667,51.8,DF
5659d77e8d90378e39b960ad5956f64e,182.48000000000002,2.5,0.5,2.5,2017-09-12 18:03:22,2018-03-24 16:46:37,6.4,30.03,SP
56642bcb79900e777d68e91915cb4267,3705.64,3.789473684210526,0.15789473684210525,2.6842105263157894,2016-10-10 16:39:37,2018-07-26 12:56:16,21.766666666666666,48.61,SP
5670f4db5b62c43d542e1b2d56b0cf7c,6630.09,4.409090909090909,0.045454545454545456,4.7272727272727275,2018-04-23 19:03:35,2018-08-17 11:51:36,3.8333333333333335,56.17,SP
56a8b450e802502ba53a9885ee38e29f,62.45,1.0,0.0,6.0,2017-07-06 09:57:31,2017-07-06 09:57:31,1.0,36.01,SP
56db5c0782e8f7ddc9343f9576ff6d16,734.8,3.0,0.0,1.0,2017-01-27 22:01:41,2018-08-07 20:45:25,18.533333333333335,48.12,SC
56e361f411e38dcef17cdc2a3d99628b,1298.0,4.5,0.1,1.0,2018-07-02 16:39:17,2018-08-23 14:41:37,1.7,54.21,SP
56f413900b5166ab4d730e9ac0b12cb0,151.79,4.666666666666667,0.0,4.0,2017-06-28 06:52:27,2017-07-12 18:33:35,1.0,58.02,SP
570d4583587a5fe2d47c7be89b91ad27,125.25,5.0,0.0,2.5,2017-06-30 20:48:51,2017-07-05 21:55:49,1.0,60.02,SP
5721089ba9214e80074f27d5a03fc0eb,245.92999999999998,5.0,0.0,4.428571428571429,2017-11-02 11:01:12,2018-01-30 15:24:11,2.966666666666667,60.04,SP
5733d806668f8712c24b9abaefbfa642,243.8,5.0,0.0,6.5,2018-01-26 14:21:17,2018-04-26 00:13:51,2.966666666666667,60.04,SP
5741dc2bf5044c34d0698681c5081bed,89.69999999999999,5.0,0.0,1.6666666666666667,2018-05-28 10:54:51,2018-07-16 22:56:18,1.6333333333333333,60.01,SP
575df70bde3f9f2b30bf8d2e9910d725,5559.95,4.142857142857143,0.05714285714285714,3.5428571428571427,2016-10-06 15:19:40,2018-08-14 19:32:48,22.566666666666666,54.05,SP
577719699805dd125d5b6fdde5943bba,1077.8000000000002,4.375,0.125,2.125,2018-04-19 17:28:29,2018-08-21 21:30:35,4.133333333333334,52.68,RS
578460d8319c51dab351cd9db95eadfe,235.0,3.0,0.0,1.0,2017-08-21 15:01:40,2017-08-21 15:01:40,1.0,48.04,GO
578fa3a9cb6b6dceab39231ad59cdaca,150.0,3.6666666666666665,0.3333333333333333,1.3333333333333333,2017-09-16 10:56:48,2018-04-30 22:39:58,7.533333333333333,42.02,CE
5795aebfe331fbcd02a2c4b679fb7952,1280.0,3.8333333333333335,0.0,2.8333333333333335,2018-02-11 15:26:46,2018-08-20 11:59:20,6.3,53.21,SC
579891617139df7d8671d373f0669622,280.3,4.5,0.25,1.25,2017-06-07 20:09:55,2018-07-02 08:00:35,12.966666666666667,49.55,RJ
57a834594e1e9e9219603bfec184eadc,139.0,5.0,0.0,3.0,2018-06-03 14:21:44,2018-06-03 14:21:44,1.0,60.02,RS
57c764b4a836300be881e2ff86e449f9,2454.3,3.869565217391304,0.0851063829787234,1.3829787234042554,2017-02-02 09:23:41,2018-08-22 17:14:06,18.866666666666667,51.06,SP
57d2ba47f7a3209aa347532ae75c1165,318.0,4.0,0.0,4.5,2018-06-21 22:32:27,2018-07-18 11:23:07,1.0,54.05,SC
57df9869a600bd6b7c405f2a862eccfb,125.0,4.4,0.0,2.8,2018-04-12 21:38:02,2018-08-14 18:05:19,4.1,56.42,MG
57e632711dec9ec14ca7546769483e7e,6439.96,4.424242424242424,0.0,2.757575757575758,2017-02-05 23:17:55,2018-08-08 12:17:57,18.266666666666666,57.6,SC
57fe6232e67823593374a2281d7a8af8,178.68,4.75,0.0,1.5,2017-03-05 22:11:02,2017-12-01 08:46:08,9.0,58.53,SP
582d4f8675b945722eda7c0cb61ba4c7,4702.96,4.112676056338028,0.014084507042253521,2.0985915492957745,2017-01-20 12:04:03,2018-08-03 19:21:12,18.666666666666668,55.02,SP
585175ec331ea177fa47199e39a6170a,3549.0,5.0,0.0,1.0,2017-02-21 18:35:38,2017-02-21 18:35:38,1.0,60.58,MG
586a871d4f1221763fddb6ceefdeb95e,198.0,1.0,1.0,1.0,2017-01-26 23:20:31,2017-01-26 23:20:31,1.0,6.03,RS
5882820ef11c4c068eea0677a7a879b4,9981.3,4.133333333333334,0.0625,5.4375,2017-04-04 09:36:12,2018-07-20 10:32:03,15.733333333333333,54.56,RS
5882f40daf39bc2a465e0cb453ddc222,640.0,2.0,0.0,10.0,2017-10-13 17:28:07,2017-10-13 17:28:07,1.0,42.1,SP
58b98ccb79873e04eac4357cacc590d9,23.0,1.0,0.0,3.0,2018-08-04 10:54:42,2018-08-04 10:54:42,1.0,36.0,SP
58c851d1a3c7cd3da329eb59453fed44,268.99,5.0,0.0,2.0,2018-08-10 16:25:13,2018-08-21 20:57:32,1.0,60.04,SP
58e4b302b54937e55a678c4d15111da4,279.79,2.3333333333333335,0.0,3.6666666666666665,2017-01-26 11:09:11,2017-06-26 18:15:22,5.033333333333333,44.05,PR
58f1a6197ed863543e0136bdedb3fce2,6833.0,4.155555555555556,0.022222222222222223,3.3555555555555556,2018-05-10 20:49:54,2018-08-18 21:16:18,3.3333333333333335,55.38,MG
59417c56835dd8e2e72f91f809cd4092,40458.0,4.157894736842105,0.0,6.2631578947368425,2017-01-25 20:11:36,2017-10-02 17:32:29,8.3,61.56,SP
594f9aaa48e5bf431f011ddc5669b0d5,3633.4,4.523809523809524,0.023809523809523808,2.5238095238095237,2018-04-26 08:51:45,2018-08-27 23:31:47,4.1,57.02,MG
5962468f885ea01a1b6a97a218797b0a,791.0,3.75,0.0,3.7777777777777777,2017-07-01 16:58:53,2017-12-25 18:36:16,5.9,52.63,PR
596849622429351f47b32e6cae1055ff,1129.6000000000001,4.071428571428571,0.0,3.2666666666666666,2018-06-04 14:51:21,2018-08-21 20:32:25,2.6,54.61,SP
5996cddab893a4652a15592fb58ab8db,810.0,5.0,0.0,10.0,2018-07-04 12:08:27,2018-07-04 12:08:27,1.0,60.13,SP
59b22a78efb79a4797979612b885db36,28825.5,3.9416058394160585,0.12318840579710146,3.601449275362319,2017-07-17 10:29:13,2018-08-24 10:25:51,13.4,54.67,MG
59bbc819b99a733f02f0d6b49d1c253d,139.8,5.0,0.0,1.0,2018-05-08 20:24:56,2018-06-26 23:09:41,1.6333333333333333,60.02,SP
59cd88080b93f3c18508673122d26169,425.53,4.769230769230769,0.23076923076923078,1.6153846153846154,2017-07-26 16:02:36,2017-12-09 11:52:32,4.5,51.76,SP
59cea8e446d3834393058e7e0666b6fb,946.5,4.636363636363637,0.0,1.8181818181818181,2018-06-16 16:17:45,2018-08-16 14:23:18,2.0,57.97,PR
59de1d4c8c057c2a53acd4ca66531af2,135.0,5.0,0.0,2.0,2017-11-10 07:56:18,2017-11-10 07:56:18,1.0,60.02,PR
59fb871bf6f4522a87ba567b42dafecf,22657.5,4.246268656716418,0.05925925925925926,3.651851851851852,2016-10-06 10:13:53,2018-04-11 23:34:10,18.4,57.4,SP
5a05a16bb50629ee31afab8a6d4c2674,794.3,4.0,0.06666666666666667,3.0,2018-03-06 17:45:41,2018-07-02 17:52:02,3.933333333333333,52.13,RS
5a32c398a06c345440bf2a683b017ad3,79.8,3.0,0.0,3.0,2017-12-31 12:12:02,2018-03-14 21:29:52,2.433333333333333,48.01,RJ
5a413ade68e8f8d93071a7f52a64cb9e,778.9,4.642857142857143,0.14285714285714285,1.4285714285714286,2018-08-08 07:11:24,2018-08-29 08:25:34,1.0,53.7,SP
5a4236931428800e9d9cc04af0987118,44.97,5.0,0.0,3.0,2018-07-17 15:23:54,2018-07-17 15:23:54,1.0,60.01,SP
5a425cc503b39b262a847fd6212bf53b,1360.5900000000001,4.214285714285714,0.06666666666666667,3.4,2018-04-27 23:54:06,2018-08-20 13:56:52,3.8,53.51,PR
5a6a02f419701fc8c605af71d4fc57a4,600.5,4.818181818181818,0.09090909090909091,1.7272727272727273,2018-05-14 21:43:39,2018-08-24 23:42:21,3.4,56.28,SP
5a8e7d5003a1f221f9e1d6e411de7c23,11231.8,4.176795580110498,0.06043956043956044,3.21978021978022,2016-10-04 22:03:46,2018-08-24 16:26:08,22.933333333333334,55.08,SP
5a93f3ab0ef4c84ed5e1b5dbf23978bc,2361.06,4.733333333333333,0.022222222222222223,1.8666666666666667,2017-05-09 08:38:27,2018-03-03 19:10:32,9.933333333333334,58.12,SP
5a9b3bcab695173c820e53934574ae80,139.0,5.0,0.0,2.0,2018-07-27 16:36:49,2018-07-27 16:36:49,1.0,60.02,SP
5a9c0859cb00fd8aa4db443837f0a700,208.0,4.5,0.0,2.5,2018-07-09 17:28:54,2018-07-11 19:44:12,1.0,57.03,SC
5aaa890629f83706d8d9bfecd8377c1c,48.9,1.0,0.0,1.0,2017-09-15 13:24:29,2017-09-15 13:24:29,1.0,36.01,RJ
5ab05b6d86d417796c69ffd6774ec832,1886.1000000000001,3.6666666666666665,0.08333333333333333,2.75,2017-01-20 21:20:07,2018-08-26 12:38:57,19.4,49.81,SP
5abb8ea023c77787f2c15da891c8d384,2241.0,3.923076923076923,0.23076923076923078,3.923076923076923,2017-02-17 17:37:52,2017-12-02 21:01:30,9.6,46.98,SC
5acd070dd3fe441bbb2ec1f1ede515ee,764.17,2.75,0.375,1.25,2017-11-24 16:24:26,2018-02-25 14:01:00,3.066666666666667,35.37,SP
5b07547f10dd980738a1a27f685af669,1134.6000000000001,4.5,0.14285714285714285,2.142857142857143,2018-08-01 10:27:42,2018-08-24 10:46:25,1.0,52.9,SP
5b0cc932433fa5184b5b94bfe6bcc256,2577.8,2.4482758620689653,0.13793103448275862,2.0,2018-06-20 15:02:35,2018-08-05 21:34:54,1.5333333333333334,40.97,SP
5b179e9e8cc7ab6fd113a46ca584da81,5473.3,3.5405405405405403,0.07894736842105263,4.473684210526316,2016-10-04 09:59:03,2017-09-13 16:51:13,11.466666666666667,49.77,SP
5b2e94f2c22b39ccc24d34ad0f669672,949.78,4.9,0.1,2.6,2018-05-02 14:36:01,2018-08-07 15:10:27,3.2333333333333334,56.55,SP
5b33b527da3c5b969cc99dc435cad09a,1872.79,4.117647058823529,0.058823529411764705,3.6470588235294117,2017-01-29 00:31:42,2018-08-11 18:52:49,18.633333333333333,53.25,PR
5b35136197710e16ac5e7b7c2bd4ea85,3544.0,2.8181818181818183,0.2727272727272727,5.818181818181818,2017-08-16 12:02:50,2018-03-31 12:04:24,7.566666666666666,39.31,RJ
5b51032eddd242adc84c38acab88f23d,3280.0,3.7857142857142856,0.0,6.071428571428571,2017-10-30 15:35:32,2018-06-16 21:40:32,7.633333333333334,53.25,MG
5b581417df4480f632484ba681e53944,2678.9,3.9523809523809526,0.19047619047619047,2.9523809523809526,2017-07-19 23:37:44,2018-02-03 13:37:35,6.6,48.44,SC
5b664594895aefb418afaee6d40a9a23,1086.6,3.75,0.0,2.8333333333333335,2017-01-15 10:14:31,2018-08-05 15:20:44,18.9,52.68,RJ
5b67882648febfb6e1225e6ad7164f6b,7100.46,4.0606060606060606,0.030303030303030304,2.5454545454545454,2017-07-09 18:30:33,2018-08-10 19:41:30,13.233333333333333,54.62,PR
5b8154610ebb21fb90eb587365e673df,10152.52,4.209302325581396,0.13953488372093023,3.627906976744186,2017-07-10 17:44:35,2018-07-28 17:56:15,12.766666666666667,52.73,SP
5b85809efd0d0e4dea1a9544e1280ed9,1804.6000000000001,4.357142857142857,0.0,4.785714285714286,2018-05-16 23:08:51,2018-08-20 14:02:55,3.1666666666666665,56.44,SP
5b925e1d006e9476d738aa200751b73b,8623.5,4.617647058823529,0.058823529411764705,2.7941176470588234,2017-10-06 11:52:25,2018-08-20 18:43:09,10.6,57.35,SP
5b92bfa4120daa27c574daa2e386c693,14.0,3.0,0.0,1.0,2017-02-20 08:30:20,2017-02-20 08:30:20,1.0,48.0,SP
5b97c06a046398e7005b2b7c0d707a92,1519.96,3.25,0.5,6.75,2017-05-27 00:14:22,2017-07-27 12:29:26,2.033333333333333,34.75,MG
5bba18b40e8c973b0f32e748004775b0,739.98,5.0,0.0,10.0,2016-10-10 13:57:41,2016-10-10 13:57:41,1.0,60.12,SP
5bc237df65098fe211bb4818f4d26d78,126.80000000000001,4.5,0.0,1.0,2017-02-09 13:21:46,2017-09-15 19:24:57,7.266666666666667,57.02,MG
5bc24d989e71e93c33e50a7782431b0e,3148.0,4.352941176470588,0.0,5.0588235294117645,2018-05-02 14:07:29,2018-08-21 18:52:27,3.7,56.63,MG
5bc55dbe2f12b6af6d83ed46023e0dc8,2992.1,2.3333333333333335,0.19047619047619047,2.3333333333333335,2018-02-21 10:03:23,2018-08-13 20:22:33,5.766666666666667,38.77,MG
5bf397d04035b5f45cc41e82ec106803,1525.0,4.25,0.0,6.25,2018-05-08 22:04:11,2018-07-02 16:45:00,1.8,55.75,SP
5bffbafbb22daf6d3bfc216a46db8708,5239.7,4.695652173913044,0.0,4.3478260869565215,2017-02-25 14:34:40,2017-06-25 23:06:20,4.0,59.03,RJ
5c030029b5916fed0986310385ec9009,4423.4,4.909090909090909,0.0,5.090909090909091,2018-06-13 11:43:43,2018-08-20 14:44:08,2.2666666666666666,60.18,SC
5c243662ce92d84573bfaff24c3e3700,33388.92,4.128712871287129,0.029411764705882353,5.529411764705882,2017-01-28 23:45:53,2018-02-09 23:05:25,12.533333333333333,59.35,SP
5c3460cd3e8a984382ae254e7dd20d9f,775.76,4.7,0.0,1.9,2018-02-23 21:00:11,2018-08-16 15:40:31,5.766666666666667,58.33,SP
5c603ffb38cbbf25a0e0698941324143,348.8,1.0,0.0,10.0,2017-01-23 02:54:13,2017-01-25 10:11:38,1.0,36.06,MG
5c6d4016c2a288f074fa0848a2b653d2,3227.0,4.083333333333333,0.08333333333333333,2.6666666666666665,2017-09-27 19:12:25,2018-08-20 09:09:53,10.866666666666667,52.53,SP
5c853bb56f70f4d14218944bae111d7a,291.11,4.076923076923077,0.0,1.8846153846153846,2017-02-22 17:54:36,2018-08-22 21:25:12,18.2,54.51,SP
5ca5d579b5857ee8709479b1047cecc3,509.88,1.0,0.6666666666666666,1.3333333333333333,2018-01-13 17:32:09,2018-03-22 22:43:50,2.2666666666666666,16.08,SP
5cbbd5a299cab112b7bf23862255e43e,3241.66,4.446808510638298,0.0,1.8936170212765957,2017-09-14 22:29:52,2018-08-16 15:45:56,11.166666666666666,57.21,PR
5cf13accae3222c70a9cac40818ae839,15095.800000000001,4.45398773006135,0.03048780487804878,2.707317073170732,2017-01-16 16:41:18,2018-08-23 20:38:24,19.466666666666665,58.28,MG
5cf1ec37aea089f45110c70653a166ab,50.0,3.6666666666666665,0.0,1.0,2017-04-01 11:23:53,2017-12-13 16:58:37,8.533333333333333,52.01,SP
5d0363b33554b373851fc1622e4d5f3c,6765.59,4.051020408163265,0.08163265306122448,2.2857142857142856,2017-11-07 19:31:50,2018-08-21 19:44:49,9.566666666666666,52.96,SP
5d043cd5512d4bd2f88e5ccdd5736c38,650.0,2.0,0.0,1.0,2017-03-11 19:12:49,2017-03-11 19:12:49,1.0,42.11,SP
5d378b73ab7dd6f0418d743e5dcb0bd1,15232.0,3.875,0.125,6.625,2017-10-09 12:55:44,2017-11-14 21:07:55,1.2,51.99,SP
5d3bb11474a06bdc23fb9e89f1164ee0,3654.6,3.9375,0.03125,3.3125,2017-07-05 21:58:22,2018-08-13 15:36:49,13.433333333333334,53.28,SP
5d505d2298ad549e4e4e835562fa0c1e,249.8,5.0,0.0,2.5,2017-03-15 14:17:51,2017-04-01 18:01:02,1.0,60.04,SP
5d76d80a2f5f39c891b996a1bf4c9853,1238.5,4.833333333333333,0.0,3.3333333333333335,2018-07-25 13:18:32,2018-08-18 14:48:50,1.0,59.2,SP
5d9dc90a686a8fddacffab6bab5653a3,3761.94,4.166666666666667,0.08333333333333333,2.3333333333333335,2017-10-01 10:11:40,2018-08-15 17:00:49,10.6,53.11,SP
5d9f3746e112e696f98ea22c56b3e912,1322.64,5.0,0.0,10.0,2018-07-24 17:36:19,2018-07-24 17:36:19,1.0,60.22,SP
5db42a6cd9bf1bf0d3aab9582767f168,200.0,5.0,0.0,2.0,2018-05-05 20:10:05,2018-05-05 20:10:05,1.0,60.03,ES
5dc203c7b84a0e71e878a179de05fb9a,421.9,4.0,0.0,1.8,2018-05-28 20:43:51,2018-08-07 14:32:23,2.3333333333333335,54.07,SP
5dc4bdaf869e8c77c648078cbe8d59c2,292.99,1.0,0.0,6.0,2017-09-16 21:43:02,2017-09-16 21:43:02,1.0,36.05,SC
5dceca129747e92ff8ef7a997dc4f8ca,120619.33,3.9750692520775623,0.07397260273972603,4.23013698630137,2017-01-27 13:37:09,2018-06-25 22:59:03,17.133333333333333,71.35,SP
5de1c80811ce7007f62f00d971236c09,76.8,5.0,0.0,1.0,2018-07-03 15:09:35,2018-07-30 20:23:57,1.0,60.01,SC
5debea795b07621e1f90532e18f96145,1883.78,4.2727272727272725,0.0,2.0303030303030303,2017-10-21 11:29:06,2018-08-15 07:41:09,9.9,55.94,PR
5def4c3732941a971cba8fdee992ede1,134.8,4.5,0.0,2.6666666666666665,2018-08-02 12:07:17,2018-08-28 18:49:20,1.0,57.02,SP
5e063e85d44b0f5c3e6ec3131103a57e,22.9,5.0,0.0,1.0,2018-07-12 10:13:37,2018-07-12 10:13:37,1.0,60.0,SP
5e105f5c9f63f5f1fd75d6cb942e55b1,1471.9,4.5,0.125,4.625,2018-05-20 11:35:23,2018-08-25 11:42:43,3.2333333333333334,53.49,SP
5e106d93b717c2682b9383da480364a1,445.9,5.0,0.0,6.0,2017-04-20 11:42:01,2017-04-20 11:42:01,1.0,60.07,PR
5e25c632f9db6cfb8bc100421c2737b6,259.0,5.0,0.0,4.0,2018-06-12 21:32:28,2018-06-12 21:32:28,1.0,60.04,SC
5e49e3a44bdeb5aab2684258bbd4f525,507.0,4.666666666666667,0.3333333333333333,1.3333333333333333,2017-12-14 11:30:41,2018-03-15 14:54:00,3.033333333333333,48.08,SC
5e9f5bd34e0830569f05c9d4f56e04a8,239.98,4.5,0.0,4.5,2018-07-12 16:56:22,2018-07-14 20:48:14,1.0,57.04,RS
5ee7fd217d08dfe5d3e2f51f96a12c9a,1612.5,3.8333333333333335,0.16666666666666666,2.4166666666666665,2017-06-17 23:06:16,2018-08-21 09:28:11,14.3,48.26,SP
5eeb9c756d9780b96283e5a2ac6da334,3422.0,4.25,0.16666666666666666,3.25,2017-10-10 08:27:25,2018-07-18 16:43:02,9.366666666666667,51.06,SP
5ef131ac72773e5b3f6c0d63cf424657,671.76,4.071428571428571,0.0,1.5,2018-07-03 22:53:10,2018-08-25 16:48:02,1.7333333333333334,54.54,SP
5f0057b677eb963672bf05dfa3f16c34,312.88,4.2,0.0,2.6,2016-10-07 21:19:32,2017-02-19 22:31:47,4.5,55.25,SP
5f06030071324cc52bf0304014ac7234,783.96,4.0,0.0,5.0,2017-08-20 17:34:32,2017-08-26 11:01:38,1.0,54.13,SP
5f1dc28029d2c244352a68107ec2b542,2847.1,4.443037974683544,0.075,2.475,2017-01-17 12:15:42,2018-06-15 12:52:05,17.133333333333333,54.87,SP
5f2684dab12e59f83bef73ae57724e45,9650.27,3.8375,0.05,3.4,2016-10-04 20:41:45,2018-08-29 12:25:59,23.1,53.1,SP
5f26c1408a65b42a7224cd463bdf3292,1139.8,4.8,0.0,2.9,2018-06-28 18:11:28,2018-08-26 19:45:32,1.9666666666666666,58.99,PR
5f3ae9136c875522250f8184f253413a,1172.95,4.586956521739131,0.06382978723404255,1.4680851063829787,2018-01-15 12:02:56,2018-08-22 10:56:54,7.266666666666667,55.8,SP
5f57db27027655e6c6a391601daa0258,98.0,5.0,0.0,10.0,2018-08-14 10:41:49,2018-08-14 10:41:49,1.0,60.02,ES
5f5a58930c3c35f3b5af264f34fb8c85,699.0,5.0,0.0,2.5,2018-06-25 09:19:01,2018-07-19 12:04:10,1.0,60.11,SP
5f5b43b2bffa8656e4bc6efeb13cc649,3677.2,4.448275862068965,0.034482758620689655,2.4827586206896552,2017-11-25 23:53:16,2018-06-18 17:35:29,6.8,56.26,SP
5f67c6082caacb26e431a7b17940cece,1662.6,3.5714285714285716,0.2857142857142857,2.2857142857142856,2018-02-14 10:07:30,2018-08-06 22:01:08,5.766666666666667,43.13,PR
5f7300535881cef3b625fd683cf7d145,764.95,4.285714285714286,0.0,2.5,2017-10-15 23:06:38,2018-07-22 21:51:37,9.3,55.84,RS
5fd924b4836098a5be0ecf81ba054ce0,1658.8,3.7777777777777777,0.0,2.888888888888889,2017-01-17 20:38:15,2017-03-01 08:28:57,1.4,52.94,SP
602044f2c16190c2c6e45eb35c2e21cb,3919.13,2.9322033898305087,0.25,3.55,2017-10-20 10:00:43,2018-08-23 12:32:01,10.233333333333333,40.73,SP
6025c79c035c3d772133b8b8238463b2,989.74,5.0,0.0,9.5,2018-07-18 16:51:01,2018-08-06 21:19:27,1.0,60.16,PR
6039e27294dc75811c0d8a39069f52c0,15570.3,3.8860759493670884,0.25316455696202533,3.392405063291139,2017-02-27 16:01:28,2018-08-22 22:04:26,18.033333333333335,48.27,SP
60562ab00b8054280520d390c8c0045c,2943.0,4.764705882352941,0.0,4.352941176470588,2017-10-18 08:46:18,2018-08-03 18:20:50,9.633333333333333,59.07,SP
6061155addc1e54b4cfb51c1c2a32ad8,15909.4,4.714285714285714,0.02857142857142857,3.085714285714286,2018-06-01 01:20:55,2018-08-26 07:38:38,2.8666666666666667,60.03,SP
606ce7768feac12c5e8bd58db8b08f0f,2916.6,4.8,0.0,2.6,2018-04-24 19:18:38,2018-08-07 23:19:34,3.5,59.28,SP
609e1a9a6c2539919b8205cf7c4e6ff0,6972.43,3.546153846153846,0.021739130434782608,3.782608695652174,2018-01-27 11:28:32,2018-08-24 00:35:51,6.933333333333334,51.76,SC
60ad151920c4f6f3ebbe8cfdf6166779,130.0,1.0,0.0,2.5,2017-05-09 12:57:11,2017-05-13 20:06:13,1.0,36.02,SP
60da8bfa7eebe230b7d66ac4082d79b3,86.6,4.333333333333333,0.3333333333333333,1.0,2018-08-02 18:50:46,2018-08-18 13:37:04,1.0,46.01,SP
610f72e407cdd7caaa2f8167b0163fd8,13585.16,3.7058823529411766,0.11764705882352941,4.647058823529412,2018-04-03 00:05:04,2018-08-25 20:59:18,4.8,50.93,SP
612170e34b97004b3ba37eae81836b4c,25284.91,4.444444444444445,0.017094017094017096,3.094017094017094,2018-06-11 14:32:25,2018-08-22 10:02:13,2.3666666666666667,60.29,RS
612a743d294c27884fb7b80d2b19ba35,3057.7000000000003,4.333333333333333,0.0,4.0,2017-01-25 12:49:36,2018-08-15 14:50:52,18.9,56.5,PR
615005a3ef192c00c6f0e977cee3d2bc,286.5,3.909090909090909,0.18181818181818182,2.090909090909091,2017-08-17 12:46:48,2017-12-23 03:16:21,4.233333333333333,48.05,SP
615c3462099ffa940d37b17dfda19594,229.0,5.0,0.0,2.0,2018-06-21 12:07:18,2018-07-31 23:06:21,1.3333333333333333,60.04,RJ
6179a28a13a726c29b3bf54c070dccab,600.0,3.0,0.0,5.5,2017-07-06 17:11:14,2017-08-29 09:16:06,1.7666666666666666,48.1,MG
6187a137b2af59dfdbad8d9f8c373c14,74.8,3.0,0.0,3.5,2017-11-28 21:53:19,2018-01-06 18:54:39,1.2666666666666666,48.01,SP
61b18775be84fb700a6b2d0ba097bf66,429.3,4.714285714285714,0.0,2.0,2018-04-16 20:07:20,2018-08-21 19:20:14,4.2,58.36,SP
61b893c57e33626afb104d4112b1be76,74.99,1.0,0.0,8.0,2017-03-23 17:21:23,2017-03-23 17:21:23,1.0,36.01,MG
61c36f0fc4a47f9532e5512b66668e62,750.0,1.0,0.0,8.0,2018-03-30 09:27:22,2018-03-30 09:27:22,1.0,36.12,SP
61f159ef6da2d441951d2c0efa719362,154.97,1.0,0.0,3.0,2016-10-05 17:21:29,2017-01-24 21:24:34,3.7,36.02,ES
620c87c171fb2a6dd6e8bb4dec959fc6,119489.2,4.221542227662178,0.09386281588447654,3.677496991576414,2016-10-04 13:15:46,2018-08-24 11:14:21,22.933333333333334,72.05,RJ
6219ba2359cfb97f2e38fd4c321eb309,487.5,3.4,0.5,2.8333333333333335,2017-09-19 12:20:28,2018-06-29 11:02:18,9.4,35.48,SP
6235903333ba7de1928c869e268e5964,94.06,5.0,0.0,4.0,2018-05-13 18:19:47,2018-05-13 18:19:47,1.0,60.01,SC
623ad9d0c1e14bb5464a8c72bff7b4af,95.0,4.0,0.0,1.0,2018-05-13 20:05:37,2018-05-13 20:05:37,1.0,54.01,MG
624f4ece8da4aafb77699233d480f8ef,9205.0,4.185185185185185,0.07272727272727272,3.6363636363636362,2016-10-04 10:16:04,2018-08-19 10:47:22,22.8,54.43,SP
626ab1cd96932367f0eeec2e47046c12,1310.0,4.666666666666667,0.0,4.333333333333333,2018-01-16 11:20:57,2018-07-28 16:45:10,6.433333333333334,58.21,SP
62760d278921b5f352461620d68a9cee,397.0,3.6666666666666665,0.3333333333333333,4.333333333333333,2017-02-06 12:55:28,2017-02-15 09:41:08,1.0,42.06,SP
6288c69c4ce638e59925e59193f98b16,4922.27,4.0,0.043478260869565216,3.130434782608696,2017-03-16 13:08:11,2018-08-03 23:17:41,16.833333333333332,53.5,SP
62c50c1af4dfdc4149d25c5222043d39,2785.7200000000003,3.263157894736842,0.0,4.368421052631579,2016-10-05 11:08:46,2017-09-21 17:03:07,11.7,50.03,SP
62d977e2b2aee830de3e039a28490d12,399.8,1.0,0.0,1.5,2018-01-03 11:20:29,2018-01-05 17:34:54,1.0,36.06,PR
62de60d81c55c29d76a6bce418b31cef,103.0,4.0,0.0,1.0,2018-08-05 20:01:32,2018-08-05 20:01:32,1.0,54.02,SP
630008e0f062605a415d694489f6f82e,105.15,3.0,0.0,1.0,2018-07-23 09:52:09,2018-07-30 17:24:54,1.0,48.02,SP
63191ead8d3b2f937cd1996fdcbbad20,367.0,5.0,0.0,1.0,2018-08-10 16:24:47,2018-08-10 16:24:47,1.0,60.06,SP
63272377184e969942f7fff221be858d,149.7,5.0,0.0,4.5,2017-05-18 11:19:11,2017-05-18 22:42:50,1.0,60.02,SP
6338ea67c41078a46ad99cc009654956,2286.09,4.609756097560975,0.0,2.4545454545454546,2017-02-02 17:56:17,2018-08-16 22:28:49,18.666666666666668,58.03,RS
633ecdf879b94b5337cca303328e4a25,1037.6000000000001,1.8,0.6666666666666666,4.0,2017-09-15 11:59:48,2017-09-22 18:11:44,1.0,20.97,SP
634964b17796e64304cadf1ad3050fb7,40201.5,3.8805970149253732,0.09523809523809523,2.181547619047619,2017-11-12 21:31:27,2018-08-18 15:27:43,9.266666666666667,57.0,RJ
63704069d9bd3a75c1cf59babe56004a,59.3,1.0,1.0,1.0,2018-06-08 12:00:50,2018-06-08 12:00:50,1.0,6.01,SP
638cba8be1fb599bbb76fd6948351eb3,628.1999999999999,4.642857142857143,0.0,1.5357142857142858,2017-05-07 17:57:19,2017-09-28 15:30:58,4.766666666666667,57.96,SP
63a79f5a7eb5cb48a7e5787b141c7993,815.1,4.545454545454546,0.0,3.3636363636363638,2018-04-11 12:14:12,2018-07-16 12:34:46,3.2,57.41,MG
63b464dbf392c7b80d12d932fa7cafed,8809.0,3.764705882352941,0.0392156862745098,2.823529411764706,2017-02-01 15:47:22,2018-01-28 22:03:43,12.033333333333333,52.85,SP
63b9ae557efed31d1f7687917d248a8d,139.5,4.428571428571429,0.0,1.4285714285714286,2016-10-05 11:44:41,2017-02-13 19:14:05,4.366666666666666,56.59,SP
63bc58679c44e8a998792119fd7ad23e,19.9,1.0,0.0,2.0,2017-02-15 14:38:14,2017-02-15 14:38:14,1.0,36.0,SP
63ffcb71394dd8ea3872ed9ffda17c74,399.0,3.176470588235294,0.058823529411764705,1.7647058823529411,2017-02-05 13:58:46,2017-07-30 10:07:29,5.8,47.36,RJ
640e21a7d01df7614a3b4923e990d40c,7625.28,4.268115942028985,0.06521739130434782,3.289855072463768,2018-03-17 19:47:48,2018-08-25 20:27:21,5.366666666666666,54.9,SP
6426d21aca402a131fc0a5d0960a3c90,1389.34,4.1923076923076925,0.038461538461538464,2.3846153846153846,2017-05-15 21:42:34,2017-10-02 21:37:12,4.633333333333334,54.23,SP
643214e62b870443ccbe55ab29a4dccf,3421.83,4.430555555555555,0.125,1.6388888888888888,2017-09-30 21:44:37,2018-08-22 11:39:52,10.833333333333334,53.39,SP
643c01d7c56a724bec0454f4780e8a3e,205.55,4.5,0.0,3.0,2018-04-05 11:51:59,2018-05-15 14:57:12,1.3333333333333333,57.03,SC
6481e96574816ead57975da2c0f6d80d,4122.9,4.350877192982456,0.017543859649122806,2.210526315789474,2017-12-29 16:31:00,2018-07-28 13:11:22,7.0,56.25,SP
64b87978a11c1ea7501a89eabe8c2c1a,489.92999999999995,2.0,0.0,1.8571428571428572,2017-01-26 22:52:01,2017-02-09 11:41:40,1.0,42.08,SP
64c9a1db4e73e19aaafd3286dc448c96,439.0,5.0,0.0,8.0,2018-08-18 14:03:10,2018-08-18 14:03:10,1.0,60.07,PR
64cc804291f90c81f02bfc2bb58ff55a,517.6,5.0,0.0,6.0,2018-04-15 00:08:41,2018-07-18 16:51:45,3.1333333333333333,60.08,PR
651530bf5c607240ccdd89a30c9c9712,199.9,4.0,0.0,6.0,2018-08-09 18:09:53,2018-08-09 18:09:53,1.0,54.03,BA
651fe66032c9520ee5587f694908040d,464.0,4.0,0.0,3.142857142857143,2018-07-16 08:52:35,2018-08-21 21:32:17,1.2,54.08,RS
6524b847b982cd56bb5d4b02b776ee42,779.8,4.0,1.0,1.0,2018-02-14 11:42:55,2018-02-14 11:42:55,1.0,24.13,SP
6548c2550b6e2d8f18053216e1c7b6f3,217.7,5.0,0.0,1.4,2018-06-26 11:17:35,2018-08-22 17:58:13,1.9,60.04,SP
655220df33262c7e0c4949a147366f94,2245.0,4.2,0.13333333333333333,4.466666666666667,2018-01-13 12:49:45,2018-05-14 11:43:07,4.0,51.57,SP
6560211a19b47992c3666cc44a7e94c0,128880.81,3.9095215537659875,0.06103286384976526,2.5577464788732396,2017-02-17 07:39:19,2018-08-29 09:14:11,18.6,72.7,SP
6561d6bf844e464b4019442692b40e02,41.9,5.0,0.0,2.0,2018-08-28 09:26:43,2018-08-28 09:26:43,1.0,60.01,SP
6562efe88ce0826a4ca4f189f03b4b84,1255.7,4.043478260869565,0.08695652173913043,4.260869565217392,2017-03-14 08:47:46,2018-01-08 12:25:43,10.0,51.86,PR
656591be56071d4c9ef4e5fee78a578a,1702.0,4.636363636363637,0.2727272727272727,3.909090909090909,2017-03-06 13:59:02,2017-05-07 12:50:03,2.033333333333333,49.91,SP
6576fd3e23c88f0e5d4d23f39bba0542,14.5,1.0,0.0,1.0,2017-03-02 01:33:22,2017-03-02 01:33:22,1.0,36.0,SP
657969cca82e884d272385ec0ef06edd,174.6,4.75,0.0,1.0,2018-05-01 10:10:41,2018-07-31 17:45:44,3.033333333333333,58.53,RS
659e8466eb3ff1b0e8740d74fb7bbedd,1486.8,4.5,0.0,3.9285714285714284,2017-05-18 04:17:44,2018-05-06 19:27:01,11.766666666666667,57.24,BA
65a7c0788e4d632ccb5e1b594b87f0bb,343.9,4.384615384615385,0.0,2.5384615384615383,2017-08-15 21:20:12,2017-12-22 14:45:15,4.266666666666667,56.36,SP
65b081a070633e057c462abdd6fb9dd8,2081.07,4.2272727272727275,0.0,2.772727272727273,2017-10-26 12:25:47,2018-05-07 17:39:18,6.433333333333334,55.7,GO
65c255b299faf2d12050937cc219c46c,132.3,4.333333333333333,0.0,1.0,2017-07-26 10:16:50,2017-08-31 17:20:46,1.2,56.02,SP
65febd49fd28ec955651299159b1f527,4961.64,4.065217391304348,0.043478260869565216,2.9347826086956523,2018-04-17 10:14:25,2018-08-22 14:00:26,4.233333333333333,53.9,SP
6601ee6383e7f452be71929f8de48bbb,153.6,4.0,0.0,3.0,2017-10-27 17:21:53,2017-11-08 07:29:07,1.0,54.02,SP
6614814a00d344b846ae209f95ee7e3f,39.0,1.0,0.0,1.0,2017-06-08 23:17:57,2017-06-08 23:17:57,1.0,36.01,SP
661ad5fcc28cdfb8bcadb12bb2272475,209.92999999999998,5.0,0.0,2.7142857142857144,2018-01-15 10:56:46,2018-07-17 17:28:51,6.1,60.03,SC
6624bc09786f0e41ae48dfc5eeb1a9e2,89.54,5.0,0.0,3.0,2017-03-05 22:38:18,2017-03-05 22:38:18,1.0,60.01,MG
6650fcccd8cd2f7e55ffa524f30c4c59,529.7,2.6666666666666665,0.0,1.3333333333333333,2017-09-05 18:26:23,2017-11-08 12:38:38,2.1,46.09,SP
666658b8da8370f30e1f89893b1de5e6,298.0,5.0,0.0,1.0,2018-03-13 10:58:09,2018-03-13 10:58:09,1.0,60.05,SP
668bf321538e5072858eaef6087ce027,19.9,5.0,0.0,2.0,2018-02-26 09:47:55,2018-02-26 09:47:55,1.0,60.0,PR
66922902710d126a0e7d26b0e3805106,15033.3,4.462962962962963,0.06748466257668712,2.165644171779141,2017-05-14 21:11:45,2018-08-21 21:44:04,15.466666666666667,57.21,MG
669ae81880e08f269a64487cfb287169,13514.87,4.111111111111111,0.03684210526315789,2.0,2017-01-20 14:30:03,2018-08-08 12:55:10,18.8,55.77,SC
66d5ae34537110d3affc56174dad2b2f,33.81,1.0,0.0,1.0,2018-07-08 18:44:18,2018-07-08 18:44:18,1.0,36.0,SP
66dc1b1632bd6a3e508510c5b3492107,4169.79,3.2888888888888888,0.022222222222222223,2.2666666666666666,2017-07-19 17:27:37,2018-08-12 11:16:23,12.933333333333334,49.75,SP
66e0557ecc2b4dbea057e93f215f68d8,13687.0,3.9411764705882355,0.2647058823529412,4.088235294117647,2017-05-24 18:43:12,2018-02-12 22:58:08,8.8,47.94,SP
66fd84ee7528c0c0de85d0f44a73d5ab,1528.01,2.8181818181818183,0.09090909090909091,3.5454545454545454,2017-03-22 14:05:51,2017-07-28 10:24:45,4.233333333333333,44.43,RS
670a9dda115b5a88b18cfadee8de2332,918.9000000000001,4.454545454545454,0.0,2.4545454545454546,2017-08-29 20:13:34,2018-08-16 16:28:13,11.7,56.88,SP
670c26e0f1bf8d0576271d5cfaec6d2b,6341.6,4.310344827586207,0.04597701149425287,1.896551724137931,2017-11-04 18:20:58,2018-08-01 10:17:18,8.966666666666667,55.52,PR
671585f5a2af58b6e276bc01003c0d2b,1244.0,4.703703703703703,0.0,1.9259259259259258,2018-07-27 21:43:27,2018-08-25 23:39:08,1.0,58.43,PR
67225bff54a172ff67579aaf583efd78,1238.0,4.5,0.125,3.75,2017-09-15 10:34:54,2018-02-03 19:28:45,4.7,53.45,PA
674207551483fec113276b67b0d871ff,119.9,5.0,0.0,6.0,2018-07-05 16:36:38,2018-07-05 16:36:38,1.0,60.02,SP
6750d71153f00fc58829af2a8ef1bcf1,3762.0,4.25,0.0,4.875,2017-03-28 15:29:43,2017-08-08 23:13:27,4.433333333333334,56.11,RJ
67883baaae6134ee81b271a542613728,8167.9,4.105263157894737,0.15789473684210525,4.631578947368421,2018-07-17 13:21:24,2018-08-22 11:39:32,1.1666666666666667,51.23,SP
679769a98cfcc6da877c8486ff1c13f3,7029.0,4.571428571428571,0.0,5.190476190476191,2017-03-01 12:40:04,2018-08-27 15:03:18,18.133333333333333,58.58,MG
67bf6941ba2f1fa1d02c375766bc3e53,5884.0,3.9565217391304346,0.08695652173913043,5.565217391304348,2017-09-17 20:41:21,2018-08-29 14:18:23,11.5,52.09,PR
67e43d802fde8cfd3f9580124f8167d1,36.0,1.0,0.0,1.0,2017-02-03 11:31:48,2017-02-20 19:58:47,1.0,36.01,SP
6806dad1da97bfb5a9038eac6881f706,1621.0,3.9375,0.0625,2.4375,2017-12-28 18:59:26,2018-08-22 18:32:39,7.866666666666666,52.01,PR
681fce914360217db47784ae28905a96,4127.33,3.869565217391304,0.125,4.458333333333333,2017-10-20 11:05:57,2018-07-30 18:54:21,9.433333333333334,50.14,PR
6824a69c9ea0313eba299dd4a2dba09a,666.9,4.714285714285714,0.0,3.857142857142857,2018-07-24 14:23:37,2018-08-20 15:12:42,1.0,58.39,MG
685b870da5b52a710782c9c0fefbeb5b,627.0,2.0,1.0,4.0,2017-12-09 13:51:24,2018-03-01 16:36:58,2.7333333333333334,12.1,SP
6860153b69cc696d5dcfe1cdaaafcf62,3843.6,4.166666666666667,0.08235294117647059,2.3294117647058825,2017-11-21 15:13:52,2018-08-24 00:07:22,9.166666666666666,53.16,SP
6861de0f40cacb0602e473c51639f980,674.0,2.625,0.125,1.875,2017-11-18 10:53:18,2018-07-04 17:37:50,7.6,42.11,PR
686886775c8f6b1191c7b953fb52708c,189.0,5.0,0.0,4.0,2018-06-26 05:48:19,2018-06-26 05:48:19,1.0,60.03,SP
6879c4d287a8dd06b11f54ea8f78e4da,527.67,4.333333333333333,0.0,1.5,2018-06-13 23:58:54,2018-08-14 23:53:56,2.033333333333333,56.09,SP
688756f717c462a206ad854c5027a64a,6178.51,3.782178217821782,0.08653846153846154,2.451923076923077,2018-04-10 16:07:47,2018-08-22 09:01:17,4.433333333333334,51.11,SP
68ca56ce86830f3d31b1b7ec6a54da3e,719.59,3.8333333333333335,0.0,3.6666666666666665,2018-07-11 18:16:29,2018-08-10 18:10:00,1.0,53.12,PR
68f86ba270525243e68ae74044f992b9,966.3,4.357142857142857,0.07142857142857142,2.2142857142857144,2017-08-21 16:49:22,2018-08-10 15:14:50,11.766666666666667,54.16,RJ
6902157ee16728322d61a1321fa79e58,159.8,3.0,0.0,1.0,2017-09-21 22:46:26,2017-10-07 19:27:08,1.0,48.03,SP
693660429f9dc4ff704eb3d88dad54d7,124.0,4.0,0.0,1.0,2018-07-22 17:24:17,2018-07-23 17:01:07,1.0,54.02,SP
695051e2981c8b19e77cafe450d5bdf3,169.76,5.0,0.0,1.0,2017-12-08 12:19:26,2017-12-08 12:19:26,1.0,60.03,SP
6973a06f484aacf400ece213dbf3d946,11270.32,3.5384615384615383,0.16101694915254236,2.0847457627118646,2018-01-22 15:14:12,2018-07-03 23:02:29,5.4,48.24,SP
698624c6632eeba1774924dbea24c700,19.9,5.0,0.0,1.0,2018-04-05 20:23:53,2018-04-05 20:23:53,1.0,60.0,SP
6989574bd97d9773f10d232b6c07da59,2478.3999999999996,4.857142857142857,0.0,4.428571428571429,2017-03-22 23:17:07,2018-07-25 13:09:24,16.3,59.55,PR
698f5fa55a5f73d0740e9d9a773e8093,120.0,4.833333333333333,0.0,1.0,2018-06-12 17:26:43,2018-06-20 08:57:50,1.0,59.02,RJ
69a43819c758c65a5befb0b471c954d7,299.85,4.0,0.0,5.333333333333333,2017-06-15 11:48:29,2017-09-16 20:40:17,3.1,54.05,PR
69b5eaa096c3f9d1e5c398c597f567d6,938.0,5.0,0.0,8.0,2018-08-15 22:27:30,2018-08-25 10:41:50,1.0,60.15,SP
6a0cbc8af2e8abd1bdfb777943d174c6,4009.05,4.085714285714285,0.08333333333333333,2.75,2017-05-08 18:46:53,2018-07-04 15:45:43,14.033333333333333,52.67,SP
6a3139c7bf09ece22a4713d956acbe5e,61.9,5.0,0.0,5.0,2018-07-23 21:47:34,2018-07-23 21:47:34,1.0,60.01,SP
6a38087bc8ad4f89ff453561005f6dea,1833.43,4.409090909090909,0.0,4.090909090909091,2018-05-18 10:34:41,2018-08-17 12:56:21,3.033333333333333,56.75,GO
6a51fc556dab5f766ced6fbc860bc613,7577.67,3.9393939393939394,0.06060606060606061,3.787878787878788,2017-04-08 19:06:55,2018-08-21 12:46:29,16.633333333333333,53.06,SP
6a53b90c3ad9e0b56d9fe5c69165fff5,139.78,3.5,0.0,3.0,2018-05-16 19:57:22,2018-08-03 00:15:35,2.6,51.02,PR
6a8a889bde935bafa76d7848782dfaf9,860.8199999999999,3.933333333333333,0.06666666666666667,1.6333333333333333,2018-03-21 14:04:40,2018-06-04 07:25:50,2.466666666666667,51.74,SP
6a8b085f816a1f75f92dbac6eb545f8f,6080.47,4.117647058823529,0.08823529411764706,1.8014705882352942,2017-07-29 17:28:18,2018-08-23 12:04:18,12.966666666666667,53.05,SP
6aa3928696eab49a19a466e665a649fd,2075.0,4.545454545454546,0.045454545454545456,3.727272727272727,2018-03-10 12:41:26,2018-08-17 22:23:06,5.333333333333333,56.25,RJ
6b15924333bd1a741595fe981ea04822,668.12,4.608695652173913,0.08695652173913043,1.3043478260869565,2017-02-01 11:13:37,2017-07-05 00:35:30,5.1,55.15,SP
6b1c4d4d9ccf0be3d8544eb0e71e5318,1699.0,5.0,0.0,1.0,2018-03-21 14:29:14,2018-03-21 14:29:14,1.0,60.28,RS
6b243f80ed07b10f0e8aa0f21a205f3c,6305.0,4.033333333333333,0.03333333333333333,2.6555555555555554,2017-07-18 12:35:54,2018-08-23 03:31:57,13.333333333333334,54.23,PR
6b2612338467c08c9b25f0cc55b1578d,92.9,4.0,0.0,1.0,2017-02-12 20:42:26,2017-02-12 20:42:26,1.0,54.01,PR
6b333a05bf188ef3e1f1662a86bd9855,10397.78,4.642857142857143,0.03571428571428571,1.5714285714285714,2018-01-27 20:49:20,2018-08-10 15:03:30,6.466666666666667,58.49,DF
6b3bd31ad8fcda4b2635ec9f3ff2ecdf,4464.8,3.8222222222222224,0.08888888888888889,2.022222222222222,2018-03-24 14:57:23,2018-08-10 21:12:29,4.633333333333334,51.0,RJ
6b536a23086fba0d58c08d68814397f6,2068.8,3.9130434782608696,0.08695652173913043,1.6521739130434783,2017-10-25 14:35:46,2018-07-28 23:06:54,9.2,51.21,RJ
6b803197e03abd5056b4313306b4f29d,407.0,4.833333333333333,0.0,2.25,2018-02-06 23:23:59,2018-08-20 21:11:22,6.466666666666667,59.07,SP
6b89abe95848c850399130d149a39b63,1135.2,4.375,0.0,3.25,2018-02-15 23:30:37,2018-04-13 15:55:02,1.8666666666666667,56.44,GO
6b90f847357d8981edd79a1eb1bf0acb,3509.6800000000003,4.372549019607843,0.0392156862745098,2.0588235294117645,2018-06-07 14:18:38,2018-08-29 11:06:11,2.7333333333333334,55.63,SP
6b9b80d53ba3676eafe60268a810b5a1,882.7,3.9,0.0,4.2,2017-02-01 08:42:45,2017-08-28 20:36:01,6.933333333333334,53.54,SP
6ba4733aa33f6386e9fb0c0fd3993b38,184.69,4.75,0.0,2.25,2018-04-16 21:43:52,2018-08-17 10:32:19,4.066666666666666,58.53,RS
6bb0724edf0b62fb91ac404873a97241,3859.0,4.529411764705882,0.15789473684210525,4.052631578947368,2017-02-20 00:34:48,2018-04-01 21:51:22,13.5,53.07,SP
6bb62a4912377c7bfe7cb17b406bc7e6,739.52,4.5,0.0,4.0,2018-07-30 15:26:34,2018-08-14 06:30:49,1.0,57.12,SP
6bb66d9870c2e01c05655c7ed0e7ee13,269.0,3.6666666666666665,0.0,1.0,2018-07-25 17:09:53,2018-07-29 06:13:03,1.0,52.04,SP
6bbcb8924baf70b7fe2fe2097e8cd407,2382.5,4.545454545454546,0.0,3.272727272727273,2017-11-13 12:19:18,2018-08-09 20:07:20,8.966666666666667,57.66,SC
6bcb2352a2a0c38b845f598298ab9d26,31.8,3.0,0.0,2.5,2017-06-16 17:30:04,2017-09-29 00:54:27,3.466666666666667,48.0,PR
6bd503a8230299c9316fb0f726933927,324.28999999999996,4.6,0.2,3.2,2018-07-13 18:59:31,2018-08-17 15:11:32,1.1333333333333333,51.65,GO
6bd69102ab48df500790a8cecfc285c2,8070.0,3.0,0.2,6.4,2017-06-26 13:44:08,2018-05-10 14:00:13,10.6,43.32,SP
6bef34c5be6f2bbd70aa5165f6df94b1,1198.0,2.0,0.0,2.5,2018-07-14 16:12:14,2018-07-31 23:31:44,1.0,42.2,SC
6c12e40690c335dbc2f68a4134d30dc1,9139.2,4.0625,0.0,2.7222222222222223,2017-02-20 13:35:27,2018-08-06 09:57:33,17.7,55.87,PR
6c177e38df6d3f34182b1f1d427231bf,8620.89,4.051724137931035,0.034482758620689655,3.1724137931034484,2017-02-06 16:00:46,2018-08-21 13:32:24,18.666666666666668,54.68,PR
6c17baf138731a4aaacc3210adf2037b,538.8,5.0,0.0,4.8,2018-08-06 15:08:47,2018-08-20 23:20:11,1.0,60.09,SP
6c1b6d0c604b776f844125f911eb7377,443.06,3.4,0.0,1.4,2017-02-01 15:42:59,2017-03-12 21:28:55,1.3,50.47,SP
6c6cc59a5c00cacc5054ca06d65cc282,1107.0,5.0,0.0,10.0,2018-08-11 12:14:35,2018-08-11 12:14:35,1.0,60.18,RS
6c6e3d67f969468f3bfd33f827a31222,224.0,4.833333333333333,0.0,2.8333333333333335,2018-03-11 22:56:57,2018-08-09 18:55:30,5.0,59.04,PR
6c77cd583b36a13aacccf2b3ee23e233,18.9,5.0,0.0,3.0,2018-08-23 21:45:16,2018-08-23 21:45:16,1.0,60.0,SP
6c7d50c24b3ccd2fd83b44d8bb34e073,9307.2,4.388059701492537,0.014705882352941176,2.8455882352941178,2017-07-09 21:20:45,2018-08-17 07:32:27,13.433333333333334,57.41,SP
6c9875b2f94ba781186f0c1aed8d1687,25.0,5.0,0.0,1.0,2017-05-21 18:55:49,2017-08-13 10:33:17,2.7666666666666666,60.0,SP
6c99c983ce3b6ba0ab813e6790e81691,588.95,3.8,0.0,1.4,2018-05-31 22:54:21,2018-08-07 11:15:11,2.2333333333333334,52.9,MG
6cd68b3ed6d59aaa9fece558ad360c0a,11919.37,4.485207100591716,0.01775147928994083,2.5562130177514795,2017-01-26 17:40:03,2018-04-23 22:25:36,15.066666666666666,58.33,MG
6cf476a4ca74498db55cbccdaa9dcfb6,939.9300000000001,2.7142857142857144,0.42857142857142855,2.857142857142857,2016-10-06 08:28:19,2017-05-31 19:02:28,7.9,33.58,SP
6d04126aba80df143fd038e711b8fd96,89.99,1.0,1.0,12.0,2017-09-08 14:49:36,2017-09-08 14:49:36,1.0,6.01,RJ
6d1b9c9579132c87d2703ec38c30f2c5,299.69,4.5,0.0,4.5,2017-02-21 21:19:19,2017-07-01 12:32:51,4.3,57.05,PR
6d22a1fcebb6dd08c9cd90b92a93e8d0,758.6,4.357142857142857,0.0,2.7142857142857144,2017-08-27 23:06:38,2018-01-26 14:27:45,5.033333333333333,56.27,SC
6d2f2e3b539480db1e0842b3a4e32e6e,305.96,4.333333333333333,0.0,7.833333333333333,2017-06-09 14:43:13,2017-06-22 22:22:55,1.0,56.05,SP
6d66611d7c44cc30ce351abc49a68421,13976.7,3.911602209944751,0.06557377049180328,3.185792349726776,2017-02-02 07:05:42,2018-08-25 11:43:42,18.966666666666665,53.79,SP
6d7f8d9d594e28796b6b3205b00f459c,417.9,3.6666666666666665,0.0,4.333333333333333,2017-05-11 15:40:17,2017-07-14 12:28:30,2.1,52.07,PR
6d803cb79cc31c41c4c789a75933b3c7,8926.2,4.2898550724637685,0.057971014492753624,2.7971014492753623,2017-07-25 00:16:20,2018-06-06 15:11:41,10.533333333333333,55.46,SP
6d988d6174a2c27441597174f8905515,387.77,4.25,0.08333333333333333,1.9166666666666667,2017-04-02 15:41:12,2018-08-09 15:39:32,16.433333333333334,53.06,PR
6da1992f915d77be95d7fa48b36904af,290.0,3.8,0.0,1.4,2017-04-27 16:24:28,2017-08-03 11:13:41,3.2333333333333334,52.85,SP
6dc9bec584588412a6a338830946a3e4,560.0,1.5,0.0,8.5,2017-02-03 20:08:53,2017-02-17 13:53:06,1.0,39.09,SP
6dd7dce75cd55c1ce255dc38d9f0cd46,75.0,4.0,0.0,1.0,2017-12-17 14:44:48,2017-12-17 14:44:48,1.0,54.01,SC
6ddc28b61be28373b4503a1f61cf98a9,2112.7,4.153846153846154,0.07692307692307693,1.7692307692307692,2018-06-14 17:31:48,2018-08-15 18:14:08,2.066666666666667,52.96,SP
6df688df543f90e9b38f4319e75a9d88,2016.56,4.5344827586206895,0.0,2.5,2017-01-31 13:01:10,2017-11-22 09:09:01,9.8,57.54,MG
6e0908ef4d4efadbc3cc2b74ea477cb0,636.25,4.083333333333333,0.08333333333333333,2.3333333333333335,2017-02-05 17:06:00,2017-09-01 16:11:40,6.9,52.1,RJ
6e13dd869aa7185f601c941423abcc8f,522.0,4.833333333333333,0.0,1.5,2018-04-07 18:30:52,2018-07-17 16:29:37,3.3333333333333335,59.08,SP
6e1862e15f33d9994bc25922a85e1efc,732.49,4.666666666666667,0.0,1.0,2018-06-08 09:47:41,2018-08-21 15:44:52,2.466666666666667,58.12,SP
6e2d3e2dc84fb30f6078f39dd3bddd6f,219.0,1.0,0.0,3.0,2017-10-29 16:25:52,2017-10-29 16:25:52,1.0,36.04,PR
6e386f64c84e482f0b9abf960797ee1b,12938.3,4.607142857142857,0.1,4.266666666666667,2018-03-25 23:20:35,2018-08-17 00:56:07,4.8,56.76,SP
6e4a902d1054e4e17aa6eab87fac1c75,586.57,4.25,0.25,2.25,2018-08-06 23:49:14,2018-08-21 21:15:52,1.0,48.1,SP
6e4f5ff6b086632ba8dcb558fb10249e,838.9,3.4,0.0,5.2,2018-02-27 01:52:55,2018-07-19 14:17:07,4.733333333333333,50.54,RS
6e85dc5ecd97a61094b89b046a509d8e,169.9,1.0,0.0,3.0,2017-05-14 00:32:26,2017-05-14 00:32:26,1.0,36.03,SP
6e864f5c4669eff3d98140a07cc50202,740.59,4.461538461538462,0.07692307692307693,2.3076923076923075,2017-08-02 13:12:25,2018-05-30 14:51:11,10.033333333333333,54.58,SP
6eb94e1466490d327a09abf8f3552a50,1511.95,4.444444444444445,0.1,5.0,2018-04-23 17:27:41,2018-08-23 13:05:40,4.033333333333333,53.91,SP
6ebf4eceee4dd9847201c82e77ef8123,59.9,5.0,0.0,7.0,2018-04-04 23:21:54,2018-04-04 23:21:54,1.0,60.01,RJ
6ec1a01e866584bb679eb9b098345919,4301.9,4.161290322580645,0.21212121212121213,3.1515151515151514,2017-07-06 16:18:52,2018-08-24 11:54:56,13.766666666666667,49.31,SP
6edacfd9f9074789dad6d62ba7950b9c,13957.7,4.379310344827586,0.05150214592274678,2.313304721030043,2017-01-17 14:57:29,2018-08-27 20:31:22,19.566666666666666,57.01,SP
6ee85be3693ed79a8e80718743d80655,484.5,1.9230769230769231,0.15384615384615385,1.6923076923076923,2017-01-19 11:26:57,2017-05-23 17:14:58,4.133333333333334,37.0,SP
6eeed17989b0ae47c9f11ece6f38ea90,557.0,3.6666666666666665,0.0,7.333333333333333,2018-07-03 18:58:41,2018-08-27 21:28:43,1.8333333333333333,52.09,SP
6f1a1263039c76e68f40a8e536b1da6a,256.39,2.142857142857143,0.14285714285714285,2.7142857142857144,2017-09-17 23:54:20,2018-01-15 15:18:27,3.966666666666667,38.61,SP
6f229cc508fc6915ed5c499efd93baa4,2654.8,4.428571428571429,0.14285714285714285,2.2857142857142856,2017-08-11 13:26:28,2018-08-11 18:52:46,12.166666666666666,52.72,RJ
6f835fd4be26989b1b064399da346143,197.8,5.0,0.0,3.0,2018-05-26 08:26:02,2018-06-18 22:59:35,1.0,60.03,PR
6f83d9e4da896daae20b9b6b2d3ff8d2,765.19,4.363636363636363,0.0,4.363636363636363,2018-03-22 10:15:19,2018-07-31 17:24:44,4.366666666666666,56.31,PR
6f892e20a171e98efe17fdb971ff319b,6438.700000000001,3.730769230769231,0.07547169811320754,3.5849056603773586,2017-07-27 16:40:14,2017-12-17 01:25:39,4.733333333333333,51.17,SP
6fa9202c10491e472dffd59a3e82b2a3,7014.24,4.333333333333333,0.0,1.0,2018-07-30 10:04:21,2018-08-13 14:07:50,1.0,57.15,SP
6fc26fe110feebd80a433e1f012a84f9,4330.84,4.014084507042254,0.06666666666666667,3.4133333333333336,2017-01-29 04:52:16,2018-08-17 16:22:48,18.833333333333332,52.79,SP
6fd52c528dcb38be2eea044946b811f8,8018.8099999999995,3.5294117647058822,0.10112359550561797,2.606741573033708,2017-08-18 16:58:56,2018-08-11 23:56:26,11.933333333333334,49.45,SP
7008613ea464bad5cb9b83456e1e6a8f,7870.5,4.280254777070064,0.0379746835443038,2.462025316455696,2016-10-09 22:36:49,2018-08-21 16:08:39,22.666666666666668,55.83,SC
700f03c207639c22d933381ff60b35c2,1569.8400000000001,4.2,0.4,7.6,2016-10-07 21:30:12,2017-11-29 17:43:31,13.9,43.46,SP
70125af26c2d6d4ef401a1d02ae7701f,371.2,4.625,0.5,4.125,2018-07-03 16:23:42,2018-08-18 16:43:27,1.5333333333333334,42.81,GO
70126eecc6aa1274392a1743866e9678,97.39999999999999,5.0,0.0,1.0,2018-06-25 21:19:06,2018-07-25 10:27:00,1.0,60.02,SP
701938c450705b8ae65fc923b70f35c7,12191.22,3.7767857142857144,0.05263157894736842,5.087719298245614,2017-01-27 19:04:57,2018-04-01 21:48:34,14.3,53.07,SP
702835e4b785b67a084280efca355756,7.6,5.0,0.0,1.0,2017-02-13 16:18:07,2017-02-13 16:18:07,1.0,60.0,MG
7040e82f899a04d1b434b795a43b4617,10477.4,3.5185185185185186,0.08536585365853659,1.7073170731707317,2017-09-12 22:20:18,2018-08-28 09:18:03,11.633333333333333,50.26,SP
70849ca4f400aaabb62cb7462a6f1428,949.47,4.384615384615385,0.15384615384615385,1.3846153846153846,2017-12-14 18:10:22,2018-08-18 23:19:12,8.233333333333333,51.85,MG
709e16e2b25c7474d980076c6bfc4806,5548.7,4.5058823529411764,0.023529411764705882,2.7058823529411766,2017-10-14 14:08:47,2018-08-26 08:40:36,10.5,57.24,SP
70a12e78e608ac31179aea7f8422044b,32374.23,3.782857142857143,0.10227272727272728,2.375,2017-01-17 16:25:29,2018-08-20 20:10:03,19.333333333333332,54.92,SP
70b52a4cfc823994561b00bad161b4ed,585.0,4.5,0.0,2.6,2017-02-21 16:17:51,2018-07-18 13:50:09,17.033333333333335,57.1,SP
70bf57d811208f8923b41bbd499a67a4,780.8000000000001,4.142857142857143,0.0,3.857142857142857,2018-06-26 20:41:56,2018-08-27 17:24:25,2.033333333333333,54.98,SP
70c0fda4c313d87115644d39e62eec60,25.99,5.0,0.0,1.0,2018-08-04 15:27:00,2018-08-04 15:27:00,1.0,60.0,PE
70c27847eca8195c983ed7e798c56743,12706.28,4.242718446601942,0.08737864077669903,2.5436893203883497,2018-04-03 09:02:42,2018-08-22 21:34:37,4.7,54.91,RJ
70c4eedec9cb4a85cda2f3f9673557b4,479.8,5.0,0.0,2.0,2017-06-05 16:37:47,2017-08-21 10:59:48,2.533333333333333,60.08,SP
70ee69419916dc13e3aed619061f996c,45.0,3.0,0.0,5.0,2017-08-07 10:50:46,2017-08-07 10:50:46,1.0,48.01,SP
70eea00b476a314817cefde4aad4f89a,32712.55,4.3478260869565215,0.06837606837606838,3.888888888888889,2017-02-09 15:32:27,2018-08-22 20:43:48,18.633333333333333,59.38,SP
70f7e8018e3d46c748c92f026aa2585a,239.8,5.0,0.0,10.0,2018-08-16 15:59:15,2018-08-16 15:59:15,1.0,60.04,SP
70f84699be677ec988d1fa824aef7d90,1588.3,4.6,0.0,2.0,2017-04-11 14:43:04,2018-07-18 21:15:01,15.433333333333334,57.86,MG
71039d19d4303bf9054d69e9a9236699,3537.2,3.6842105263157894,0.2631578947368421,2.4473684210526314,2017-10-07 21:41:11,2018-08-03 13:46:47,9.966666666666667,44.79,SP
710e3548e02bc1d2831dfc4f1b5b14d4,24579.09,3.4055944055944054,0.041666666666666664,3.451388888888889,2016-10-07 10:18:50,2018-08-16 09:22:47,22.566666666666666,53.2,PR
71271995e85f5b8530be99ed54a91b89,776.0,2.5,0.125,2.75,2017-11-23 11:16:22,2018-07-11 09:55:49,7.633333333333334,41.38,RS
712e6ed8aa4aa1fa65dab41fed5737e4,40824.0,3.4444444444444446,0.1978021978021978,6.241758241758242,2017-02-08 12:01:45,2018-05-18 18:17:35,15.466666666666667,51.41,SC
712efd3b68f9686dc856b84abd0f21ae,139.0,4.0,0.0,3.0,2018-07-30 12:41:54,2018-07-30 12:41:54,1.0,54.02,PR
7139dc5186aa238b006e066d8fbab2e4,1712.0,4.086956521739131,0.125,2.375,2018-01-29 11:30:46,2018-08-02 12:05:29,6.166666666666667,51.05,SP
713e3a23ca5e47786eb6f0d99f94cfac,1126.0,4.75,0.0,2.5,2018-02-06 13:32:02,2018-06-03 20:17:27,3.9,58.68,PR
7142540dd4c91e2237acb7e911c4eba2,38817.06,4.0466472303206995,0.07803468208092486,2.658959537572254,2017-03-10 11:30:03,2018-08-17 10:23:01,17.466666666666665,58.29,SP
714b9a1332840f257b49f476bea4e341,1499.94,3.3333333333333335,0.3333333333333333,1.3333333333333333,2018-01-08 11:48:47,2018-03-24 15:11:38,2.5,40.24,SP
71592660bbcb6a4664e97b6f8b68babc,2027.18,4.428571428571429,0.0,6.285714285714286,2018-02-16 19:32:22,2018-07-31 20:47:41,5.5,56.9,SP
71593c7413973a1e160057b80d4958f6,1018.3,4.529411764705882,0.0,1.1764705882352942,2018-08-03 13:19:41,2018-08-16 10:46:39,1.0,57.34,SP
715bbd5ba4e6b74cb0d2f29eb45058b0,5488.3,4.413333333333333,0.06666666666666667,2.533333333333333,2017-09-10 00:34:50,2018-08-19 15:25:29,11.433333333333334,55.38,SP
7178e1eaa97257d8b6d4b80efd77a025,167.9,5.0,0.0,5.0,2017-09-05 16:18:47,2017-09-05 16:18:47,1.0,60.03,SP
7178f9f4dd81dcef02f62acdf8151e01,37810.68,3.9954954954954953,0.04484304932735426,2.896860986547085,2017-03-21 22:01:26,2018-08-17 11:27:54,17.1,58.81,SC
717b78b0950b51ed00b1471d858b0edc,138.6,4.0,0.2,1.6,2018-01-21 23:47:05,2018-07-02 21:06:36,5.366666666666666,48.02,SP
718539d38d07dd351c76db862760e2e2,1338.89,4.3478260869565215,0.0,1.9565217391304348,2017-04-26 11:19:47,2018-02-22 17:09:58,10.066666666666666,56.31,SP
71dc18fd8cbf5fd77f45dd8b427abb34,1080.0,5.0,0.0,5.777777777777778,2017-02-14 12:56:01,2017-12-13 23:56:00,10.066666666666666,60.18,PR
7202e2ba20579a9bd1acb29e61fe71f6,13114.0,3.9152542372881354,0.05,2.933333333333333,2017-07-22 13:08:11,2018-08-21 20:36:22,13.166666666666666,54.14,SP
720e6cf846ea7572cbb66b743fb91e6c,54.0,5.0,0.0,1.0,2017-03-18 12:23:46,2017-03-18 12:23:46,1.0,60.01,SP
7210cd29727d674c00741e5e387b3ccd,729.0899999999999,3.6923076923076925,0.3076923076923077,3.5384615384615383,2018-06-10 13:08:26,2018-08-20 14:31:33,2.3666666666666667,43.04,SP
72146da5774cabf2632faedcae097a76,215.93,4.428571428571429,0.14285714285714285,4.571428571428571,2018-02-06 12:10:35,2018-05-10 17:04:17,3.1,52.32,PR
7238a95bb63ef7e498389fb863b834a1,2265.7,4.733333333333333,0.06666666666666667,3.0,2018-04-27 14:01:01,2018-08-16 15:13:00,3.7,56.77,SP
7238f877570096ae403c51898fa64566,1200.0,5.0,0.0,3.6666666666666665,2018-04-11 19:11:36,2018-05-29 15:28:44,1.5666666666666667,60.2,SP
723a46b89fd5c3ed78ccdf039e33ac63,66.64,4.0,0.0,7.0,2018-05-28 23:06:44,2018-05-28 23:06:44,1.0,54.01,RS
723cd880edaacdb998898b67c8f9da30,2136.5299999999997,4.166666666666667,0.08333333333333333,4.166666666666667,2018-03-27 12:41:26,2018-08-20 14:00:12,4.866666666666666,52.85,SP
72431a818f97fe6ab9c81eee3e297e54,229.9,5.0,0.0,8.0,2018-04-13 11:22:56,2018-04-13 11:22:56,1.0,60.04,SP
725af026f869236a8dd0ceb98564d156,1177.71,3.125,0.0,4.375,2017-10-22 11:20:45,2018-08-03 18:52:57,9.5,48.94,MG
725c32fa80c2faacc4fc88450d27314e,8076.860000000001,4.537634408602151,0.010526315789473684,2.9157894736842107,2017-01-17 12:42:06,2018-08-12 09:20:39,19.033333333333335,58.23,SP
7299e27ed73d2ad986de7f7c77d919fa,36686.37,4.433962264150943,0.04582210242587601,2.393530997304582,2017-03-09 11:09:46,2018-08-21 14:20:40,17.666666666666668,61.23,MG
729b2d09b2a0bdab221076327f13d050,1882.09,4.5396825396825395,0.06349206349206349,2.1746031746031744,2017-11-14 17:32:32,2018-08-21 12:27:17,9.3,55.64,SP
729f06993dac8e860d4f02d7088ca48a,20944.78,4.3076923076923075,0.09322033898305085,3.864406779661017,2017-03-24 10:57:40,2018-08-27 19:39:33,17.366666666666667,56.47,SP
72bc2cce903c872fe376a8faaa81d237,2149.2,4.444444444444445,0.0,2.388888888888889,2017-09-19 23:12:15,2018-08-21 22:45:58,11.166666666666666,57.02,SP
72c38a04bd6a1c3dbc5298425a0db86d,647.3,3.8,0.0,2.0,2018-05-13 22:30:46,2018-07-05 10:00:59,1.7333333333333334,52.91,PR
72c5da29406b4234927b81855e7b64f6,11798.69,4.129032258064516,0.03225806451612903,4.451612903225806,2018-04-07 17:15:59,2018-08-26 20:32:14,4.7,55.74,SP
72c73be2b085b9d57650dd53eb2004c9,29.4,5.0,0.0,4.0,2017-07-24 11:29:43,2017-07-24 11:29:43,1.0,60.0,SP
730937bf88cb151eb2eb849f642fc213,2821.2,4.423076923076923,0.038461538461538464,2.8461538461538463,2018-04-05 16:12:14,2018-08-19 10:36:45,4.5,55.85,SP
7315baebc0572ff220d226283dc66728,49.849999999999994,4.0,0.0,2.0,2017-04-26 13:17:05,2017-06-28 09:51:56,2.066666666666667,54.01,SP
731ef20c231d9a7103a425e83fd91271,1692.0,3.6666666666666665,0.0,1.3333333333333333,2017-10-28 16:27:50,2017-10-28 20:52:15,1.0,52.28,SC
734def04b237117a09321dd6d8f3f2a2,1252.43,5.0,0.0,6.5,2018-04-08 22:50:52,2018-06-21 04:46:11,2.433333333333333,60.2,SP
7354220fb240bde543b3c40c060d41e7,790.0,4.555555555555555,0.0,2.6666666666666665,2018-01-04 13:40:05,2018-07-25 04:34:42,6.7,57.46,DF
7357b52d27cbaa90f81a96cbc1279396,1564.28,4.285714285714286,0.07142857142857142,2.142857142857143,2018-05-15 18:17:45,2018-08-22 21:33:00,3.3,53.83,MG
739c7d7be81f63812dea0d1b1451c651,77.5,4.0,0.0,2.5,2018-05-16 13:11:47,2018-06-04 11:52:25,1.0,54.01,PB
73a63f72308aa20a46f4b1632018f196,9606.8,4.05,0.0,6.414634146341464,2017-03-18 22:33:43,2018-08-01 14:47:50,16.666666666666668,55.87,PR
73b8eb4a9a729d4019b24ed1be748cbf,692.41,4.375,0.0,2.375,2018-06-18 10:32:17,2018-08-07 14:24:49,1.6666666666666667,56.36,SP
73da1880b39c71de2b262bc7720c1494,398.0,5.0,0.0,1.0,2017-07-26 11:19:21,2018-01-09 12:25:33,5.566666666666666,60.06,SP
740205fedfe4e90ca6857bc77db0f2b4,229.9,5.0,0.0,8.0,2017-02-17 03:09:22,2017-02-17 03:09:22,1.0,60.04,SP
7402d13c03a7e91366337cd1de471144,528.38,3.5,0.0,3.25,2017-09-19 16:56:43,2018-08-17 11:18:22,11.033333333333333,51.09,PR
741f8c587cb4248ebc5b779a0e8e0e51,89.95,4.0,0.2,1.4,2018-07-12 19:37:30,2018-08-12 10:49:23,1.0,48.01,SP
744dac408745240a2c2528fb1b6028f3,23096.6,4.494252873563219,0.011494252873563218,5.735632183908046,2017-04-22 21:39:15,2018-08-14 18:33:48,15.933333333333334,60.4,PR
74636e24f01da9268b0ed88dacd8513e,776.0,4.0,0.25,5.5,2018-04-25 14:50:27,2018-08-14 07:54:20,3.6666666666666665,46.63,SP
747c1cdcd1737dcfbd1547f6eb6f2cf3,369.1,1.75,0.0,1.0,2017-09-17 18:20:45,2018-01-27 11:28:32,4.366666666666666,40.56,SP
747e73c01a4593d4cf60dcf970fd2689,2217.99,4.333333333333333,0.0,5.666666666666667,2018-03-01 08:17:59,2018-04-26 10:53:16,1.8666666666666667,56.36,PE
74871d19219c7d518d0090283e03c137,550.04,5.0,0.0,1.1428571428571428,2018-04-05 16:56:38,2018-08-21 19:11:28,4.6,60.09,SP
7494d0dcba8551df6cf37f1b905dc2f7,45.9,3.0,0.0,1.0,2018-05-03 00:03:53,2018-05-03 00:03:53,1.0,48.01,SP
749e7cdabbaf72f16677859e27874ba5,41.9,1.0,0.0,3.0,2017-09-03 17:20:56,2017-09-03 17:20:56,1.0,36.01,SP
74a9b9bddf14ece02beb81f52c41a88d,95.0,3.5,0.0,8.5,2017-11-27 12:25:21,2018-02-07 20:57:16,2.4,51.01,SP
74bafed391319577bce6f4d2acc0589a,2196.0,2.25,0.0,3.25,2017-09-16 22:28:50,2018-04-16 20:20:19,7.033333333333333,43.86,SP
74c7dec0a384d8a05950e629bd23bde9,207.67,3.8333333333333335,0.0,1.0,2017-07-05 17:24:19,2017-10-01 14:46:59,2.9,53.03,SP
750303a20e9c56b2a6bc45cdce0b897d,9592.0,4.287878787878788,0.030303030303030304,2.6363636363636362,2017-09-06 21:43:47,2018-08-24 17:53:18,11.7,56.39,GO
751bdc4d83a466c7206cd42e8f426b03,7516.75,3.4358974358974357,0.0125,2.7,2017-05-18 11:36:28,2018-07-26 12:43:57,14.466666666666667,51.47,SP
751e274377499a8503fd6243ad9c56f6,218.0,5.0,0.0,10.0,2018-08-20 22:06:10,2018-08-20 22:06:10,1.0,60.04,SP
75745ef7bc7d4f3ea3380f6f5303f514,228.4,5.0,0.0,4.0,2017-03-01 16:41:19,2017-04-07 09:50:35,1.2,60.04,DF
7586919161935337bf6b6d7ff5779648,1664.71,3.1666666666666665,0.1111111111111111,2.0555555555555554,2017-06-30 09:06:16,2018-03-20 11:03:07,8.766666666666667,45.94,RJ
75a4764c108403a7a0575140cb22287c,716.9,4.777777777777778,0.0,2.888888888888889,2017-12-12 08:14:21,2018-04-10 08:47:23,3.966666666666667,58.78,RS
75d34ebb1bd0bd7dde40dd507b8169c3,19258.13,3.7586206896551726,0.2413793103448276,3.3908045977011496,2017-01-11 15:18:25,2018-02-05 13:50:59,12.966666666666667,48.46,BA
75fbb52eda0cbc24f479d3b2fbfa8d3e,1170.79,4.340909090909091,0.044444444444444446,1.511111111111111,2017-01-31 10:48:02,2018-06-16 17:34:31,16.7,54.9,GO
75fdd0a732287f9497b179f6bd445d32,59.9,5.0,0.0,1.0,2017-09-19 00:19:17,2017-09-19 00:19:17,1.0,60.01,SP
761681a821d8275bc79f552116d06869,354.92,5.0,0.0,2.6666666666666665,2018-04-23 19:27:59,2018-07-25 12:02:27,3.066666666666667,60.06,SP
762ed976527cddf02787edba70fffa2a,179.8,2.25,0.0,1.0,2017-11-24 22:46:29,2017-12-12 11:15:32,1.0,43.53,PR
762fafdaa57a532ee0119731697579dd,206.7,5.0,0.0,3.8,2018-06-08 02:18:40,2018-08-11 11:01:19,2.1333333333333333,60.03,SP
76623fde66e6b63b59440fd34160512d,65.4,4.0,0.0,2.3333333333333335,2017-09-02 12:03:14,2018-01-08 15:05:57,4.266666666666667,54.01,SP
7681ef142fd2c19048da7430856b5588,32237.81,4.116883116883117,0.11392405063291139,4.075949367088608,2018-02-09 21:38:59,2018-08-22 16:21:33,6.433333333333334,56.55,SP
76833248bbc0e65a0293ec62023e4396,2399.98,5.0,0.0,10.0,2017-10-06 10:22:39,2017-11-17 10:22:53,1.4,60.39,SP
768a86e36ad6aae3d03ee3c6433d61df,587.46,4.647058823529412,0.17647058823529413,1.6470588235294117,2018-06-19 11:51:55,2018-08-23 20:27:42,2.1666666666666665,52.68,SP
768de2a4fc06aacecb9a586ccc30746a,580.3,4.529411764705882,0.0,1.9411764705882353,2017-08-08 21:31:55,2018-05-18 10:33:52,9.4,57.27,DF
76c47a299e4a8fe992316a85865acbe9,1024.46,4.8,0.2,4.6,2017-06-22 11:14:21,2018-06-17 21:01:50,12.0,52.97,SP
76d336555bb25f3165d2f0d6da719c40,330.0,2.0,0.0,6.0,2017-02-03 19:52:09,2017-02-16 12:33:56,1.0,42.05,SP
76d5af76d0271110f9af36c92573f765,33589.8,4.109090909090909,0.0783132530120482,3.536144578313253,2016-10-04 21:35:54,2018-08-01 16:57:20,22.166666666666668,57.8,SP
76d64c4aca3a7baf218bf93ef7fa768d,18051.399999999998,4.109589041095891,0.0273972602739726,4.123287671232877,2017-05-25 08:39:38,2018-08-26 13:53:04,15.266666666666667,56.79,PR
76de363de16dacc923eec8daf91df504,610.0,3.0,0.0,2.0,2017-09-22 10:58:10,2018-03-21 15:56:34,6.0,48.1,SC
76ea5315acb3f5f7ade3cd261faf922a,1087.06,4.266666666666667,0.06666666666666667,2.466666666666667,2018-05-18 09:49:56,2018-08-19 11:28:18,3.1,53.78,SP
77128dec4bec4878c37ab7d6169d6f26,6.5,5.0,0.0,1.0,2017-03-15 20:14:39,2017-03-15 20:14:39,1.0,60.0,SP
7722b1df1b0e383e000397b2c11e3e19,7298.57,4.193333333333333,0.026490066225165563,2.4304635761589406,2017-01-19 13:06:45,2018-08-27 16:57:10,19.5,55.56,SP
77530e9772f57a62c906e1c21538ab82,49136.2,4.072319201995012,0.11166253101736973,3.292803970223325,2016-10-04 11:03:14,2018-08-25 22:41:57,23.0,59.12,PR
77714512e8d4dda9c234da8e3faf16e4,243.39999999999998,4.0,0.0,2.6666666666666665,2018-07-27 09:58:16,2018-08-15 17:34:38,1.0,54.04,SP
777a0c55737f34ffeb78010f7542ab41,452.5,4.333333333333333,0.0,2.3333333333333335,2018-06-27 09:02:19,2018-08-20 17:59:47,1.8,56.07,SP
778323240ce2830d68aab11794e00bfb,189.98000000000002,4.333333333333333,0.0,1.6666666666666667,2018-06-25 11:31:42,2018-07-30 09:18:59,1.1333333333333333,56.03,SP
77a515caa36327151d1cc6c32a9f00e1,2217.39,4.423076923076923,0.11538461538461539,1.9230769230769231,2018-02-28 23:30:36,2018-08-23 15:58:16,5.833333333333333,53.44,SP
77dcbb67ccb3659bd58eaf5661560a30,1944.0,1.0,0.0,1.6666666666666667,2017-02-01 23:33:26,2017-02-14 14:28:17,1.0,36.32,RS
77e4abfd739aed9c46480f90f81c0eb4,3736.99,4.777777777777778,0.0,3.611111111111111,2018-01-30 17:55:06,2018-08-14 14:42:14,6.5,59.28,DF
77fccaae319668a8ab6cd0fd16aec48c,1667.0,4.333333333333333,0.0,3.6666666666666665,2018-05-13 16:45:22,2018-07-30 15:38:45,2.566666666666667,56.27,RJ
7813ea3ebd9411dc600b4dd01f7a97b9,1859.4,3.8,0.1,3.0,2017-08-03 17:22:24,2018-06-07 12:57:35,10.233333333333333,50.1,SP
7816cd9c5b1238e320545f5bf7eb80e8,489.0,4.0,0.0,5.0,2018-05-24 21:30:11,2018-05-24 21:30:11,1.0,54.08,SP
781a66c0d89e30814d49fe8b5e14cd07,115.0,1.0,1.0,2.0,2017-11-15 12:41:09,2017-11-15 12:41:09,1.0,6.02,SP
782f78b632a43875dd5b53e3e49c9564,146.01,3.6666666666666665,0.0,4.0,2017-06-19 16:56:09,2017-08-05 16:11:14,1.5333333333333334,52.02,SP
784ba75dd9d20200c4caed3d7a77141a,8321.119999999999,3.64,0.08,3.08,2017-03-29 07:03:56,2018-01-24 09:34:27,10.033333333333333,50.8,SP
78744a20ee2f80ba64f6804c25def2b8,2715.0,4.166666666666667,0.16666666666666666,4.833333333333333,2017-09-10 19:53:37,2018-08-19 15:27:35,11.4,50.44,PE
78813699ffac347fe27dba345a5f1551,304.84,5.0,0.0,5.5,2018-06-24 21:10:34,2018-06-24 21:10:34,1.0,60.05,RS
788e857f317e53de488d393e65a80f45,1210.0,4.909090909090909,0.0,2.727272727272727,2018-05-28 16:37:29,2018-08-22 11:16:54,2.8333333333333335,59.65,SP
788f22bafdd7ab0e1e79f19db72f16a4,125.80000000000001,4.5,0.0,2.5,2018-08-16 15:46:02,2018-08-21 22:02:04,1.0,57.02,SP
78a4d36f65a019172c6154468831a69f,1545.5,4.285714285714286,0.14285714285714285,5.285714285714286,2017-10-20 00:43:54,2017-12-08 16:15:26,1.6333333333333333,51.68,SP
78ba5933c21686d1c2f64669c8c459e7,933.1,4.444444444444445,0.0,1.0,2017-03-20 13:55:36,2017-05-16 10:49:26,1.8666666666666667,56.82,SP
78c99c6dff4eeae5be99bf635ed21e3f,2030.88,4.333333333333333,0.1282051282051282,2.9743589743589745,2017-02-08 10:18:09,2017-08-18 11:21:40,6.366666666666666,52.49,SP
78ef7e885d17f35e2382a47aae8b8cce,388.0,4.666666666666667,0.0,3.6666666666666665,2017-02-15 15:54:35,2017-07-28 10:05:46,5.4,58.06,RS
7901646fdd36a55f564ffaf2dbccaaf7,11857.08,4.444444444444445,0.14814814814814814,5.148148148148148,2017-03-02 13:52:03,2018-08-23 00:13:49,17.933333333333334,54.16,RJ
791cfcfe22fe4a771ece27f90017da92,596.26,1.5,0.5,2.5,2017-06-12 14:07:14,2017-09-25 11:11:34,3.466666666666667,24.1,SP
79565f7d5603b24ddf07ade262547f2f,385.0,4.0,0.25,1.5,2017-02-07 10:07:01,2017-05-24 22:42:55,3.533333333333333,46.56,SP
7957cac1a02f45d0a4a7e45626382ec2,343.0,4.0,0.0,6.0,2017-09-08 10:09:43,2017-09-08 10:09:43,1.0,54.06,PR
7963e546f34e098b578f9ad102494601,60.99,5.0,0.0,1.0,2017-11-05 18:19:24,2017-11-05 18:19:24,1.0,60.01,SP
7994081388d55b9cf976c050653dd359,1020.0,1.6666666666666667,0.0,1.0,2017-02-09 14:29:29,2017-11-10 14:03:51,9.1,40.17,SP
7994b065a7ffb14e71c6312cf87b9de2,538.8,5.0,0.0,2.0,2018-06-05 20:41:45,2018-08-04 00:42:23,1.9666666666666666,60.09,ES
79a679c36c08d606b3fd47ead9de109b,935.0,2.7142857142857144,0.14285714285714285,2.4285714285714284,2018-03-02 12:01:02,2018-05-03 17:57:35,2.066666666666667,42.15,SP
79b93a308a97792cf53ac75f46da00b5,99.9,5.0,0.0,10.0,2017-07-23 10:07:01,2017-07-23 10:07:01,1.0,60.02,RJ
79ebd9a61bac3eaf882805ed4ecfa12a,15582.29,3.972972972972973,0.05405405405405406,2.9864864864864864,2017-10-10 23:13:16,2018-08-18 22:51:17,10.366666666666667,54.76,PR
79ed755314cfe6df0daef2c6cd3022cd,4037.4,4.708333333333333,0.0,4.230769230769231,2017-02-24 09:06:40,2018-08-08 20:06:57,17.666666666666668,58.91,SP
79ee721b6f766066a80264402548d359,538.0,1.0,0.0,2.0,2017-02-01 15:21:50,2017-02-13 18:32:55,1.0,36.09,SP
7a073a40a9d3f1fee8bc45670ea1e909,95.0,1.0,0.0,1.0,2016-10-09 12:34:53,2016-10-09 12:34:53,1.0,36.01,PR
7a188843479798ca813108fa7b959286,149.7,1.0,0.0,1.0,2017-11-20 11:45:27,2017-11-20 11:45:27,1.0,36.02,SP
7a241947449cc45dbfda4f9d0798d9d0,8363.6,3.6216216216216215,0.05333333333333334,3.6133333333333333,2017-03-10 10:24:46,2018-08-09 17:18:57,17.233333333333334,51.5,MG
7a2d2949aea47fab95fd98d6c9f618b1,1638.99,4.25,0.0,2.0,2017-02-04 23:28:25,2018-06-25 20:15:05,16.833333333333332,55.77,PR
7a425d299613df3e613bcf9d2eaf5c49,1363.8,4.157894736842105,0.05263157894736842,2.6842105263157894,2017-11-09 18:22:26,2018-08-01 23:12:08,8.833333333333334,53.59,RJ
7a67c85e85bb2ce8582c35f2203ad736,150749.79,4.226537216828479,0.05622489959839357,2.955020080321285,2017-01-27 12:15:07,2018-08-21 01:30:48,19.0,78.32,SP
7a704e63bb29c446869efde5d57524c8,94.49,5.0,0.0,2.0,2018-01-25 14:19:53,2018-01-25 14:19:53,1.0,60.01,PR
7a91bf945c6fae0779f1c61ce97fe45c,969.4000000000001,4.0,0.16666666666666666,3.3333333333333335,2017-07-17 00:25:55,2017-11-20 22:03:16,4.2,49.16,RJ
7a9c12e235c36247c3c81f50d6ea9cea,1148.88,4.666666666666667,0.0,5.5,2017-03-31 23:54:45,2017-05-04 19:13:41,1.1,58.19,SP
7aa4334be125fcdd2ba64b3180029f14,17080.48,4.067193675889328,0.13333333333333333,2.6823529411764704,2017-02-28 10:08:49,2017-12-12 14:44:42,9.566666666666666,53.2,SP
7aa538dd6e114e503a2e6154ea352253,1016.6800000000001,4.4,0.0,2.8,2018-04-23 17:55:31,2018-08-17 15:45:42,3.8333333333333335,56.57,SP
7ab0dd5487bab2dc835337b244f689fb,12.5,5.0,0.0,2.0,2017-04-05 17:58:30,2017-04-05 17:58:30,1.0,60.0,SP
7ad32824caee82087b3e2e5f33b1bf32,22583.1,3.7814207650273226,0.12365591397849462,4.247311827956989,2018-01-26 15:36:01,2018-08-27 20:47:15,7.1,52.67,SP
7ad41305e96a6cab8294cd65891e9a86,180.0,5.0,0.0,1.5,2018-06-05 00:38:47,2018-06-12 20:54:25,1.0,60.03,SP
7adbd3210a7b3cc2235e225eef33574d,131.9,4.666666666666667,0.0,2.0,2018-06-30 21:39:57,2018-08-14 19:39:04,1.4666666666666666,58.02,SP
7ade73f1b9b4e965f9009a4c3a7e2c15,2130.0,4.8,0.0,2.2580645161290325,2018-04-13 14:54:22,2018-08-11 13:27:25,3.966666666666667,59.15,SP
7b07b3c7487f0ea825fc6df75abd658b,9966.59,4.35,0.04,2.34,2017-01-25 15:32:48,2018-08-24 10:48:37,19.166666666666668,56.53,SP
7b0df942f46435babab05d49b744b2c4,34380.71,4.586956521739131,0.0625,3.1666666666666665,2017-02-03 10:09:40,2018-06-25 08:27:27,16.866666666666667,61.27,SP
7b1222c3624aa89b9558b50a2594188c,10103.52,4.454545454545454,0.13636363636363635,5.045454545454546,2017-02-18 20:50:28,2018-06-26 14:07:10,16.4,54.29,SP
7b3447b497e55af8c15fc7bd89d7b81a,49.9,5.0,0.0,1.0,2017-11-17 19:53:15,2017-11-17 19:53:15,1.0,60.01,SP
7b3f6ce5c6c22e9b96e7581ebf0df6e1,29.8,3.0,0.0,1.0,2017-12-09 19:07:28,2017-12-09 19:07:28,1.0,48.0,SP
7b7ed56ae755e2880f2b69632e839c1e,321.5,4.2,0.2,3.8,2018-08-07 08:05:25,2018-08-15 19:33:04,1.0,49.25,GO
7b7f91e98f8c6def45a1407923304402,417.47,3.5,0.07142857142857142,2.642857142857143,2018-04-15 22:34:55,2018-07-22 00:22:32,3.2333333333333334,48.92,SP
7b8e8ec35bad4b0ef7e3963650b0a87b,2244.2799999999997,4.8,0.2,3.0,2018-04-02 10:44:37,2018-07-26 14:16:04,3.8333333333333335,53.17,SC
7b98de631987e26dd6d803490c43a13c,634.2,4.625,0.0,3.625,2018-05-22 15:14:41,2018-08-02 12:07:34,2.3666666666666667,57.85,PR
7bac63f6603d382cc8d0832eb6c100a8,9606.95,4.090909090909091,0.22727272727272727,4.681818181818182,2017-11-04 09:09:12,2018-08-03 15:28:52,9.066666666666666,49.3,SP
7bb8fac2913a6064ec412e583c6d8b4d,109.0,5.0,0.0,6.0,2018-02-02 13:40:38,2018-02-02 13:40:38,1.0,60.02,SP
7bcd7c5f8631701474db233ccf1c094b,666.0,3.6363636363636362,0.09090909090909091,2.8181818181818183,2017-04-14 14:28:24,2017-08-27 17:51:48,4.5,49.2,SP
7c1fea10b5b006671d608b1d7c446ec4,423.59999999999997,4.0,0.07142857142857142,2.857142857142857,2017-10-04 20:41:38,2018-06-13 15:39:09,8.366666666666667,51.93,SP
7c4402417d51474d4d0cda9557340e40,119.9,5.0,0.0,3.0,2017-05-08 16:31:38,2017-05-08 16:31:38,1.0,60.02,SP
7c4618c82226628831613e95e9c22f44,344.41999999999996,4.142857142857143,0.14285714285714285,1.3571428571428572,2017-12-14 10:52:55,2018-08-17 06:37:13,8.166666666666666,50.63,SP
7c462184585ae80bd6e5774c62ce50f2,60.0,3.0,1.0,1.0,2018-05-07 12:38:04,2018-05-07 12:38:04,1.0,18.01,SP
7c4adcc13272c0e26fa23aac642adb7b,135.0,3.0,0.5,1.0,2018-01-28 10:24:50,2018-02-26 12:21:19,1.0,33.02,RJ
7c51de0ab286204ce75ff42bf7c10d92,759.0,4.5,0.0,2.5,2018-07-22 10:11:35,2018-08-12 17:52:19,1.0,57.12,SC
7c5b05cbdb5542049f38d90d7815b97d,1038.96,4.416666666666667,0.041666666666666664,1.3333333333333333,2018-04-28 14:32:54,2018-07-15 09:56:32,2.566666666666667,55.42,SP
7c67e1448b00f6e969d365cea6b010ab,199688.11000000002,3.3947730398899587,0.09227614490772386,3.865345181134655,2017-01-26 22:44:11,2018-08-07 18:58:53,18.566666666666666,80.25,SP
7c9130f5f3729edd32aa059141d92484,126.0,3.75,0.0,1.0,2018-06-20 18:53:42,2018-08-23 11:30:22,2.1,52.52,SP
7caa63f175b1cecbfaadd8b5ab9998c7,39.8,2.0,0.0,3.0,2018-01-02 17:05:06,2018-06-10 09:04:06,5.266666666666667,42.01,SP
7cb946b1ad19faebe28c3e86c2794ec3,25.0,5.0,0.0,2.0,2017-11-16 21:01:25,2017-11-16 21:01:25,1.0,60.0,MG
7cf4ea70955b00d6b3c22542598e2715,189.9,5.0,0.0,1.0,2018-07-19 14:00:02,2018-07-19 14:00:02,1.0,60.03,SP
7d13fca15225358621be4086e1eb0964,121677.84,3.9983164983164983,0.11538461538461539,3.9866220735785953,2018-02-14 21:11:44,2018-08-25 13:51:01,6.366666666666666,70.42,SP
7d294cf9a6a69dc6a0c3e540fff0e039,360.15000000000003,4.571428571428571,0.0,1.8571428571428572,2018-05-06 20:37:58,2018-08-01 19:42:37,2.8666666666666667,57.49,SC
7d456afc660226829370f3173d14520c,8926.25,4.3125,0.052083333333333336,3.9166666666666665,2016-10-06 08:58:04,2018-08-21 18:47:23,22.8,55.77,SP
7d484ca289afaac6bf5fc6a1e96d2226,183.2,4.0,0.5,3.5,2018-08-05 13:27:49,2018-08-17 19:54:09,1.0,39.03,MS
7d76b645482be4a332374e8223836592,4075.27,3.9137055837563453,0.10050251256281408,1.8693467336683418,2017-07-27 20:53:35,2018-08-14 23:20:59,12.766666666666667,51.13,SP
7d7866a99a8656a42c7ff6352a433410,147.89,4.4,0.0,1.0,2018-07-03 23:18:04,2018-08-29 14:52:00,1.8666666666666667,56.42,SP
7d7d2b7a51328016102d4528c411d630,918.8,4.142857142857143,0.14285714285714285,4.0,2018-04-07 18:26:07,2018-08-18 08:17:21,4.4,50.72,SP
7d81e74a4755b552267cd5e081563028,32.5,4.0,0.0,1.0,2018-08-20 13:31:30,2018-08-20 13:31:30,1.0,54.0,SP
7d948535954aaf8c5d39db007f74372e,194.0,3.75,0.0,2.25,2017-07-02 18:28:14,2018-04-08 11:43:25,9.3,52.53,SP
7daca0837f033a41a6f3428c18657533,1426.88,3.75,0.25,1.875,2018-04-19 15:47:11,2018-06-10 14:08:05,1.7,45.23,SP
7dc8c42cc750eeafea6c85712ffee9bf,7979.68,4.2,0.03333333333333333,2.45,2016-10-07 19:02:48,2018-08-28 22:30:32,23.0,55.5,SP
7dc9a3355bae96dd82008b313d3a456c,899.0,5.0,0.0,1.0,2018-06-20 07:42:30,2018-06-20 07:42:30,1.0,60.15,MG
7ddcbb64b5bc1ef36ca8c151f6ec77df,60280.270000000004,3.8783783783783785,0.07506702412868632,3.0857908847184987,2017-07-19 08:55:10,2018-06-17 14:13:41,11.1,60.87,SP
7dea6f73af847b42cc3985bd620f994d,324.0,4.0,0.0,3.0,2018-08-04 13:01:25,2018-08-24 21:42:26,1.0,54.05,PR
7df1fc11cc5cbc518b39faa60cf5d67c,1037.6,4.2,0.0,2.0,2018-04-14 10:39:22,2018-07-24 11:46:04,3.3666666666666667,55.37,MS
7e1fb0a3ebfb01ffb3a7dae98bf3238d,28005.53,4.1477272727272725,0.12921348314606743,3.061797752808989,2017-02-04 21:39:14,2018-08-23 19:57:18,18.8,55.59,SP
7e26c750b4cb9f6766f58265ff9ebe95,1344.3,4.407407407407407,0.0,2.7037037037037037,2017-02-03 16:10:44,2017-10-13 12:42:33,8.366666666666667,56.66,MG
7e3dde9ffba72d5340f9aaf09b4424be,220.0,1.0,0.0,1.0,2017-08-29 17:18:49,2017-08-29 17:18:49,1.0,36.04,PR
7e3f87d16fb353f408d467e74fbd8014,4814.89,4.094736842105263,0.11578947368421053,1.5263157894736843,2017-06-29 10:43:25,2018-08-26 11:59:34,14.1,51.88,SP
7e79d65b5c6f1f544b7daea036acf720,517.8,4.5,0.0,3.5,2017-06-14 14:13:14,2017-10-24 12:11:43,4.366666666666666,57.08,SP
7e93a43ef30c4f03f38b393420bc753a,182878.17,4.210826210826211,0.05113636363636364,5.426136363636363,2016-10-08 01:28:14,2018-07-13 21:30:54,21.433333333333334,83.63,SP
7e959205cebc10adefcb331f934238a4,513.9000000000001,1.0,0.0,6.0,2017-02-10 11:11:05,2017-02-25 17:39:11,1.0,36.08,SP
7ea5bfa6c340f58f8e71fc1f0412b0d6,11949.3,4.081081081081081,0.07079646017699115,2.601769911504425,2017-11-20 16:35:55,2018-08-11 12:01:37,8.766666666666667,54.32,MG
7ecd59e5e20407131822c1a68ac59c1f,1516.7,4.466666666666667,0.13333333333333333,1.3,2017-11-29 10:51:21,2018-08-03 15:30:58,8.233333333333333,53.05,DF
7ecef8194babfec876ca720714327841,1050.3,4.2,0.1,2.9,2017-10-15 22:41:59,2018-07-20 18:38:33,9.233333333333333,52.37,SP
7f02656561b680def9986c0795a8a080,84.0,3.0,0.0,2.0,2017-08-18 13:19:58,2017-09-22 11:05:56,1.1333333333333333,48.01,SP
7f152321c60a266edc53af1925ef96c1,3919.8,3.8,0.3,2.9,2017-08-29 17:24:40,2018-08-02 18:04:17,11.266666666666667,44.44,SC
7f2617c58d5d06806987308b45654351,3656.8,3.869565217391304,0.08695652173913043,3.217391304347826,2017-04-12 22:14:49,2018-06-21 20:53:59,14.466666666666667,51.21,SP
7f35f9daf223da737b78738fbae4d977,252.0,4.0,0.0,2.2,2018-06-18 05:22:00,2018-07-04 18:15:26,1.0,54.04,SP
7f40d06aa0b5f1aa4f41af8c0480e2ef,1309.94,4.833333333333333,0.16666666666666666,6.333333333333333,2018-08-09 08:17:42,2018-08-27 19:21:58,1.0,54.21,SP
7f5e4d5efad7e44b91115dd1decb65f3,179.9,5.0,0.0,1.0,2018-05-07 12:46:18,2018-07-29 05:12:32,2.7333333333333334,60.03,SP
7f7b8245c336066a1f9933c359f11d77,2094.36,4.558139534883721,0.023255813953488372,1.8604651162790697,2018-04-11 16:00:34,2018-08-17 08:20:42,4.233333333333333,56.99,SP
7fc87cc3e89b3d1d5cabdca32f8485aa,2153.9,3.5714285714285716,0.2857142857142857,2.9285714285714284,2018-05-02 12:35:31,2018-08-02 12:06:29,3.033333333333333,43.21,SP
7fdb0720c8d7c9075538b365dc8c3a22,1804.0,2.4,0.1,3.2,2018-04-21 11:38:28,2018-07-22 20:00:05,3.066666666666667,41.69,PR
7fe21dd00d2f4943ae09525efa2fd674,299.6,3.0,0.0,2.25,2017-04-22 00:20:19,2017-08-06 14:18:45,3.533333333333333,48.05,RJ
7ff588a03c2aeae4fbd23f9ae64b760d,1277.41,4.555555555555555,0.0,2.4444444444444446,2018-06-06 08:34:53,2018-08-26 21:47:50,2.7,57.54,SP
800214c63934acd05d47e84214db8ba8,329.5,5.0,0.0,1.0,2017-03-31 12:33:22,2017-05-15 08:58:47,1.4666666666666666,60.05,SC
80146bc52c4f6af5239b23de2a20262b,27.1,3.0,0.0,1.0,2017-02-24 13:50:32,2017-02-24 13:50:32,1.0,48.0,SP
804287717b9156fb7a787acd9af4fac1,18.8,5.0,0.0,3.0,2017-06-07 11:49:07,2017-06-07 11:49:07,1.0,60.0,PR
8060d731897e33b5c5ae575ce1e209e1,199.5,4.8,0.0,1.0,2018-05-07 10:09:40,2018-07-14 14:32:44,2.2666666666666666,58.83,SP
808d4348b916efa08e766ebad39f61eb,741.0,4.2727272727272725,0.045454545454545456,1.1818181818181819,2018-07-07 19:45:17,2018-08-22 10:41:47,1.5,54.39,SP
8090490573c6c0aa343a7231ebcb8c86,4138.12,4.074074074074074,0.1111111111111111,3.185185185185185,2017-09-01 22:51:39,2018-08-16 10:27:30,11.6,51.79,SP
809413606dbfe5deefd2db646693ef67,196.68,4.2,0.0,2.2,2017-11-05 22:41:44,2018-05-06 20:41:35,6.033333333333333,55.23,SP
80ceebb4ee9b31afb6c6a916a574a1e2,6729.0,,1.0,1.0,2018-07-25 18:10:17,2018-07-25 18:10:17,1.0,,PR
80cfd480be3eb6d6267139f5cb793555,99.9,4.0,0.0,6.0,2017-03-10 10:34:16,2017-03-10 10:34:16,1.0,54.02,SP
80e6699fe29150b372a0c8a1ebf7dcc8,16134.380000000001,4.3577981651376145,0.03636363636363636,2.918181818181818,2016-10-10 16:00:30,2018-05-13 19:30:39,19.333333333333332,57.69,PR
80f2cf9abf6b5a0e5c612b5eea6646e6,766.08,4.428571428571429,0.14285714285714285,3.5714285714285716,2018-04-05 08:21:18,2018-07-21 23:27:59,3.566666666666667,52.41,SP
8132b9bd16876e1b0f8808d43825dd48,727.9,2.3333333333333335,0.0,4.333333333333333,2017-05-05 18:20:43,2017-07-24 13:22:29,2.6333333333333333,44.12,SC
813348c996469b40f2e028d5429d3495,11357.529999999999,3.9751243781094527,0.04390243902439024,2.770731707317073,2017-05-01 14:48:33,2018-04-24 13:21:26,11.9,54.39,SP
81336a0f57a33776419727a300249e90,1374.8500000000001,3.6842105263157894,0.21052631578947367,2.9473684210526314,2017-07-19 14:08:55,2018-04-22 22:07:08,9.233333333333333,46.01,SP
8160255418d5aaa7dbdc9f4c64ebda44,48838.19,3.8378995433789953,0.1726457399103139,4.381165919282512,2017-10-09 14:50:32,2018-08-20 10:29:03,10.466666666666667,55.83,SP
817245bcc3badd82bbd222e0366951a6,5580.5,4.073170731707317,0.022222222222222223,3.2,2017-11-14 22:19:50,2018-07-17 14:16:29,8.133333333333333,54.68,SP
81783131d2a97c8d44d406a4be81b5d9,1895.6399999999999,3.533333333333333,0.0625,4.0,2018-07-27 13:06:11,2018-08-15 10:06:15,1.0,49.63,SP
817f85dbb65aa3e70831d90fe75cdf89,1552.27,4.545454545454546,0.0,2.272727272727273,2016-10-03 22:44:10,2017-03-15 12:25:24,5.4,57.53,SP
8185694b58b2ba6de20fd41ae608bbea,1372.3,4.5,0.0,3.0,2018-03-10 12:45:26,2018-08-11 13:09:33,5.133333333333334,57.22,SP
818d28f936e791926d33bcb6ee94ef79,139.5,4.0,0.0,1.6,2017-02-09 21:19:01,2017-05-24 17:19:22,3.433333333333333,54.02,SP
81a1104df0f08b59c68aa5b03cfe398e,9810.67,4.27027027027027,0.05263157894736842,2.6578947368421053,2017-05-21 13:07:26,2018-04-16 18:51:24,11.0,55.65,PR
81ed90f07c0bacb7594940ba2ef676aa,223.9,4.5,0.0,1.5,2017-10-25 23:24:01,2017-11-11 16:51:19,1.0,57.04,MG
81f89e42267213cb94da7ddc301651da,4255.0,3.5714285714285716,0.0,3.017857142857143,2018-08-08 12:45:12,2018-08-27 18:45:54,1.0,52.12,SP
820c7c9eaf76d2b226b6c242bcf3f34d,559.0,4.0,0.0,1.0,2017-01-30 17:33:05,2017-01-30 17:33:05,1.0,54.09,SP
820cc752a266cdc6c1a1e61dd4583330,2802.7999999999997,4.133333333333334,0.13333333333333333,3.3333333333333335,2017-01-31 20:16:02,2018-04-27 13:39:47,15.0,51.26,PR
821fb029fc6e495ca4f08a35d51e53a5,19576.42,3.4827586206896552,0.3,5.7,2018-01-21 19:06:42,2018-08-15 19:03:09,6.833333333333333,45.1,SP
822166ed1e47908f7cfb49946d03c726,4475.55,4.163522012578617,0.006211180124223602,2.186335403726708,2017-05-25 00:33:44,2018-07-22 15:19:05,14.1,55.53,RJ
822b63912576852aea9a8436d72317b7,4905.6900000000005,4.0,0.0,5.888888888888889,2016-10-04 19:25:29,2017-01-24 13:02:32,3.7,54.8,SP
822bad9bc42b51213ba522fe87b7ab5d,5376.0,4.105263157894737,0.2631578947368421,4.368421052631579,2017-08-10 22:52:11,2018-06-09 10:48:27,10.066666666666666,47.62,SC
827f8f69dfa529c561901c4f2e0f332f,3623.69,4.220183486238532,0.09009009009009009,1.6126126126126126,2016-10-07 14:15:50,2018-03-19 13:16:50,17.566666666666666,53.21,PR
82921991ff5b557b045605b8bbf08d49,18.9,5.0,0.0,1.0,2018-08-05 19:41:36,2018-08-05 19:41:36,1.0,60.0,SP
82bd0703a4aefd6b599e5bfdaed378fb,2771.28,3.6,0.04,3.04,2016-10-04 23:45:54,2017-08-18 08:57:28,10.566666666666666,50.85,SP
82cb9f452fe8334df74b22d37824b431,838.2,4.722222222222222,0.0,1.4444444444444444,2018-04-11 10:48:10,2018-08-01 15:01:52,3.7333333333333334,58.47,RS
82e0a475a88cc9595229d8029273f045,11832.22,3.2134831460674156,0.056179775280898875,3.842696629213483,2017-02-22 14:08:00,2018-01-18 02:11:56,10.966666666666667,49.53,SP
830379336fad8c6f3b15a4a3ddb5c66e,268.0,4.5,0.0,2.5,2018-04-21 17:34:58,2018-07-24 10:54:55,3.1,57.04,SP
83353a83fd769dfafa4f21a72b15e3e5,579.5,3.8,0.2,3.6,2017-04-01 17:31:42,2017-12-17 23:30:16,8.666666666666666,46.89,SP
834f3294fba9f932f56edc879193f925,40656.5,4.522388059701493,0.05970149253731343,5.850746268656716,2017-05-10 16:57:39,2018-08-15 09:57:51,15.366666666666667,61.99,SP
834f8533b2ecb6598dd004ff3de7203a,5096.389999999999,3.811320754716981,0.1509433962264151,2.452830188679245,2017-01-17 22:34:59,2018-08-20 20:13:09,19.3,49.17,SP
835f0f7810c76831d6c7d24c7a646d4d,5409.6,3.1481481481481484,0.35185185185185186,4.518518518518518,2017-02-11 21:54:04,2018-02-13 16:23:29,12.2,39.22,SP
83645b1645cdee8953ee54c29ceed564,978.9,4.428571428571429,0.0,2.7857142857142856,2017-03-12 12:24:51,2018-08-04 20:00:03,17.0,56.73,PR
8378eb36b6b70c5734e83ad7b8cdc3b7,1714.8,3.769230769230769,0.23076923076923078,5.3076923076923075,2017-12-20 10:19:57,2018-07-02 21:10:53,6.466666666666667,45.97,SC
83a75eea11694e36e56dd0cb2240229a,487.0,5.0,0.0,3.6666666666666665,2018-02-25 20:10:26,2018-04-18 13:43:52,1.7,60.08,SP
83b08de96980757220871b31bf6cffca,1304.17,4.285714285714286,0.2857142857142857,5.285714285714286,2017-10-13 15:52:21,2018-05-07 10:08:06,6.833333333333333,47.36,RJ
83c465a786b06574376909b35ef6752a,281.4,5.0,0.0,2.3333333333333335,2018-06-25 20:24:55,2018-08-16 18:56:19,1.7,60.05,SP
83c8aafbefb034674a70de0eac5b8954,134.9,5.0,0.0,1.0,2018-03-28 21:35:46,2018-07-10 10:30:04,3.433333333333333,60.02,PR
83d458c0d6d4f94295d63f091460bd60,89.9,5.0,0.0,1.0,2017-03-06 19:54:12,2017-03-06 19:54:12,1.0,60.01,SP
83d7070a0b9a8b4625fa8682b819fabb,694.77,1.0,0.0,9.0,2018-03-23 17:02:33,2018-04-02 18:20:00,1.0,36.11,SP
83deb69e889cf80f82be1dc6d5f2d486,5363.01,4.357142857142857,0.047619047619047616,2.761904761904762,2017-07-17 22:19:33,2018-08-12 18:45:22,13.0,55.59,SC
83e197e95a1bbabc8c75e883ed016c47,6816.1900000000005,4.732142857142857,0.017857142857142856,3.6964285714285716,2016-10-09 10:34:58,2018-02-27 19:17:20,16.866666666666667,58.97,RJ
83f2b4881141ce3fcd4e985125d3279e,95.6,5.0,0.25,2.0,2018-01-24 08:45:48,2018-03-18 14:49:40,1.7666666666666666,52.52,SP
8444e55c1f13cd5c179851e5ca5ebd00,24346.38,3.1043478260869564,0.09565217391304348,4.043478260869565,2017-03-13 23:13:57,2018-07-05 17:01:31,15.933333333333334,49.74,MG
845e8036c3f7bf62099352f5ed910240,2219.7000000000003,3.5454545454545454,0.0,2.1515151515151514,2018-05-25 22:07:54,2018-08-24 16:35:15,3.0,51.64,RJ
8476243f92442881ddd5b578975cf115,8667.0,3.8461538461538463,0.15384615384615385,5.615384615384615,2018-03-14 10:12:48,2018-08-14 17:50:05,5.1,49.88,RS
84c945f15571830c1a91a33978e94009,51.98,4.5,0.0,2.0,2017-03-20 23:42:55,2017-05-14 08:39:56,1.8,57.01,SP
84deb808079d1be601c209c1e771b1cc,46.83,5.0,0.0,1.0,2017-09-05 11:07:37,2017-11-27 21:29:49,2.7666666666666666,60.01,PR
8501d82f68d23148b6d78bb7c4a42037,19.7,1.0,0.0,1.0,2017-03-11 19:51:36,2017-03-11 19:51:36,1.0,36.0,SC
85044848b1b767db2a4a58526adef4b4,240.60000000000002,3.25,0.0,1.75,2018-04-07 19:30:17,2018-07-13 14:02:37,3.2,49.54,SP
850857dfac77488c307e2b1cbd84ab5a,1599.0,5.0,0.0,7.0,2018-06-12 21:05:40,2018-06-12 21:05:40,1.0,60.26,PR
850913d59ce317156b00f3705f1c3edb,2690.0,3.3529411764705883,0.14705882352941177,1.6470588235294117,2018-03-07 12:24:36,2018-07-27 16:20:49,4.733333333333333,46.15,SP
850f4f8af5ea87287ac68de36e29107f,45583.25,4.265625,0.07142857142857142,3.7857142857142856,2017-04-10 23:29:46,2018-06-27 11:10:11,14.733333333333333,60.9,SP
851773c885feb5e2da3b4f82bc2b17ce,685.2,4.181818181818182,0.18181818181818182,3.0,2018-02-08 13:55:48,2018-08-26 13:33:43,6.6,49.75,SP
855668e0971d4dfd7bef1b6a4133b41b,33656.14,3.7477477477477477,0.12721893491124261,2.8905325443786984,2017-05-02 13:41:42,2018-08-26 11:01:05,16.0,54.17,SP
8581055ce74af1daba164fdbd55a40de,67978.0,4.236323851203501,0.09388646288209607,3.572052401746725,2017-01-18 17:44:05,2018-04-18 20:55:32,15.166666666666666,63.72,SP
85cc55e048b6bcc90c75afe7f0e72f72,308.28,4.444444444444445,0.2222222222222222,1.4444444444444444,2018-05-07 00:06:34,2018-07-25 21:36:32,2.6333333333333333,50.05,RJ
85d9eb9ddc5d00ca9336a2219c97bb13,16303.439999999999,4.1989051094890515,0.032667876588021776,1.7767695099818512,2016-10-06 09:07:52,2018-08-19 22:46:19,22.733333333333334,56.88,MG
85e7c62c1d6ea078c3897424f867a7c8,60.0,4.5,0.0,1.0,2017-12-27 19:48:04,2018-01-17 16:46:29,1.0,57.01,SC
85ecf03781da592876b7844acc1b729f,251.0,4.5,0.5,2.5,2018-07-18 15:14:15,2018-08-04 22:12:46,1.0,42.04,SP
8602a61d680a10a82cceeeda0d99ea3d,973.98,4.363636363636363,0.045454545454545456,3.409090909090909,2017-08-04 16:41:25,2018-08-02 16:31:11,12.066666666666666,54.98,SP
8603f0038fe0e52fedd3382d266723de,2355.0,4.4,0.0,4.1,2017-04-24 17:42:25,2018-01-24 17:02:52,9.133333333333333,56.78,SC
8629a7efec1aab257e58cda559f03ba7,45.22,1.0,1.0,1.0,2018-02-16 13:56:54,2018-02-16 13:56:54,1.0,6.01,GO
8629c241b3622ac12cd4118afdc8d394,1167.66,4.076923076923077,0.07692307692307693,3.1538461538461537,2018-03-19 16:11:16,2018-07-10 17:45:13,3.7666666666666666,52.34,SP
863d2ebcd347ce4922de7a0f9a5581d6,1482.36,4.0,0.15,2.0,2017-07-04 17:45:29,2018-08-13 14:51:14,13.466666666666667,49.74,RJ
8648b1e89e9b349e32d3741b30ec737e,7764.85,4.05607476635514,0.102803738317757,1.719626168224299,2017-09-28 08:26:10,2018-08-26 21:18:34,11.066666666666666,52.52,SP
86649b1632b1c0e6c0bcb2c90a8b75d8,59.99,1.0,0.0,1.0,2017-08-25 19:10:57,2017-08-25 19:10:57,1.0,36.01,PR
866558b3bccef2dbc6d29a2b5995016f,1519.3999999999999,4.666666666666667,0.0,10.333333333333334,2017-10-22 14:36:12,2018-07-20 17:57:36,9.033333333333333,58.25,PR
86bb7c4b535e49a541baf3266b1c95b1,8162.4,3.2,0.1875,6.3125,2016-10-04 13:45:08,2018-02-05 12:56:57,16.266666666666666,44.91,SP
86bf77bdb52e615674772d5817c6212f,281.8,4.8,0.0,2.2,2018-04-24 18:39:22,2018-07-31 21:12:24,3.2666666666666666,58.85,RS
86ccac0b835037332a596a33b6949ee1,17515.71,3.9954128440366974,0.02727272727272727,2.4318181818181817,2017-03-22 17:23:19,2018-07-30 16:32:00,16.466666666666665,56.02,SC
86ff3eaef0267069cc891a2ed9d10a17,409.75,4.714285714285714,0.0,3.0,2018-04-17 15:19:13,2018-07-08 21:08:26,2.7333333333333334,58.35,SC
870d0118f7a9d85960f29ad89d5d989a,3518.58,4.130434782608695,0.043478260869565216,3.869565217391304,2017-04-08 20:38:00,2018-08-27 09:19:09,16.833333333333332,54.05,MG
87142160b41353c4e5fca2360caf6f92,32159.28,4.363636363636363,0.053824362606232294,2.7393767705382435,2017-02-03 16:25:13,2018-08-21 21:53:58,18.8,59.83,RS
8759e7aedd644f487315e5860962f162,627.0,3.6666666666666665,0.3333333333333333,1.6666666666666667,2017-11-28 14:16:21,2017-12-27 17:50:31,1.0,42.1,SP
876182d1918783bbe15233febfbd4926,120.27,4.0,0.0,1.3333333333333333,2017-05-15 13:51:50,2018-02-27 22:26:24,9.6,54.02,SP
87b4428a334b8f676fd9a7f3bf544fb5,59.98,5.0,0.0,1.0,2018-08-13 19:22:29,2018-08-13 19:22:29,1.0,60.01,SP
87b740daf17b5d1be335a64164ec6842,16099.86,3.357142857142857,0.14285714285714285,8.428571428571429,2016-10-06 13:24:15,2018-03-15 15:58:43,17.5,48.49,SP
87d30a6a0cbf89356e49324971ab1d24,2134.13,4.352941176470588,0.058823529411764705,1.8235294117647058,2017-12-21 13:48:26,2018-06-20 20:25:37,6.033333333333333,54.7,SP
87d3c3aeb3ead335511b3ce315eb341e,749.3499999999999,3.5,0.06666666666666667,1.4666666666666666,2018-06-13 14:35:29,2018-08-17 07:44:54,2.1333333333333333,49.12,SP
87d73636a3acf123e842bb890a4db036,269.9,5.0,0.0,1.0,2018-07-25 15:17:58,2018-07-25 15:17:58,1.0,60.04,SP
87e24fc7052259b1f7f607d61c10d8be,7473.49,3.5,0.125,4.0,2018-05-15 13:18:27,2018-08-14 11:15:33,3.0,48.47,SP
87f3e35268860433e13d577825aada95,161.7,1.0,0.0,1.0,2016-10-05 20:20:59,2017-06-15 22:25:11,8.433333333333334,36.03,SP
880ce4951cf857ab1d9e0b75c1d856f4,178.9,5.0,0.0,3.0,2018-02-13 21:06:34,2018-02-13 21:06:34,1.0,60.03,MG
880eda903e719a5f179f7e9fceb3a69d,249.0,1.0,0.0,5.0,2018-08-07 14:27:32,2018-08-07 14:27:32,1.0,36.04,SP
883dd81e82754ac2c65e9790a7db8c9a,319.5,4.4,0.0,1.4,2017-10-23 19:51:15,2018-06-23 19:04:41,8.066666666666666,56.45,PR
88460e8ebdecbfecb5f9601833981930,33104.6,3.3765822784810124,0.1861198738170347,1.8580441640378549,2017-11-21 12:32:07,2018-08-17 07:01:01,8.933333333333334,50.09,PR
888faa8bfb0b159c37de6d898b961c31,2418.2999999999997,3.869565217391304,0.0,4.260869565217392,2017-08-07 14:10:09,2018-08-22 09:20:10,12.633333333333333,53.61,SC
889009a0ed0bb52c87819941192931b8,89.9,4.0,0.0,10.0,2017-06-01 11:59:38,2017-06-01 11:59:38,1.0,54.01,SP
88ae906ea2acf6971f26c3e8b7cb4357,246.0,3.3333333333333335,0.3333333333333333,1.3333333333333333,2018-04-27 14:42:36,2018-05-11 14:39:15,1.0,40.04,SP
88af55b4a7ca402b27df16f7c7c9b5d2,130.0,1.0,0.0,2.0,2017-03-30 15:23:23,2017-03-30 15:23:23,1.0,36.02,SP
88cd3681e0a2ba85e190f7d817629c4c,180.0,4.0,0.0,4.0,2018-08-15 21:09:19,2018-08-15 21:09:19,1.0,54.03,SC
88cf19ec1fc2c58f161aee259d57142c,1507.96,4.466666666666667,0.0,2.1333333333333333,2018-05-20 17:16:24,2018-08-20 18:44:49,3.066666666666667,57.05,SP
88ef59b51bdaa941d10a853429f2b6ce,252.9,2.0,0.0,2.5,2018-07-04 14:05:12,2018-08-18 20:16:45,1.5,42.04,PR
891071be6ba827b591264c90c2ae8a63,4597.26,3.787037037037037,0.1388888888888889,1.7314814814814814,2017-01-24 21:16:24,2018-08-23 11:37:30,19.166666666666668,49.31,SP
8931a84a914b3fe9b1ddaa4d704947ca,4668.3,3.774193548387097,0.15625,3.125,2017-03-29 02:00:08,2018-07-19 22:57:19,15.9,48.72,SP
8936ba0de1073ee888cb3185ae5dc661,389.99,5.0,0.0,1.0,2017-04-05 08:53:24,2017-04-05 08:53:24,1.0,60.06,SP
897060da8b9a21f655304d50fd935913,24700.97,3.436651583710407,0.11210762331838565,1.8385650224215246,2016-10-04 13:02:10,2018-06-14 15:22:53,20.6,51.3,SP
89757206b887aed36f3e18d858460fea,120.5,5.0,0.0,3.5,2018-05-03 11:45:49,2018-07-04 21:45:50,2.066666666666667,60.02,SP
89a51f50b8095ea78d5768f34c13a76f,687.16,4.666666666666667,0.0,2.9166666666666665,2018-04-24 15:34:42,2018-07-31 20:54:09,3.2666666666666666,58.11,DF
89ad3263c0931c47f976d7c5778e60f6,568.2,4.166666666666667,0.0,3.3333333333333335,2018-06-25 10:02:54,2018-07-28 14:44:16,1.1,55.09,SP
89bc797e2e29667aa035d4368f9b7f92,407.3,3.75,0.15,2.45,2016-10-05 13:12:43,2017-04-10 16:11:37,6.233333333333333,48.07,SP
89c127985a8b130cfa45c1d36764017a,1719.56,2.7142857142857144,0.0,4.25,2017-06-30 10:13:23,2018-02-11 20:30:24,7.533333333333333,46.57,SP
89d9a386b0b6e5fc8403071b03f7206a,167.0,3.4,0.0,8.2,2018-02-10 12:07:53,2018-02-12 22:38:55,1.0,50.43,SP
89dda63a3c907c468ec88c310ed91213,734.99,3.0,0.0,2.0,2018-04-08 09:41:45,2018-04-11 10:45:26,1.0,48.12,SP
89de2d6f23e9746ff309705b23581faa,340.0,2.7142857142857144,0.0,1.0,2018-07-16 18:40:53,2018-08-03 17:53:36,1.0,46.34,PR
89f69225956f951295ca4c7fb1266553,1041.3,4.333333333333333,0.08333333333333333,3.0833333333333335,2018-05-13 21:20:26,2018-08-14 00:04:22,3.066666666666667,53.67,RJ
8a130737016f838139d31878787a39c9,5172.53,4.461538461538462,0.05128205128205128,1.7564102564102564,2017-12-07 10:53:40,2018-07-20 21:57:45,7.5,56.08,SP
8a1ff5c35f6595a73fef4c7b96e4908a,1598.0,5.0,0.0,2.0,2018-06-09 11:41:45,2018-08-01 11:56:01,1.7666666666666666,60.26,PR
8a207b6080964f3c1fc9d35bd6096ba4,553.7,5.0,0.3333333333333333,7.0,2017-09-20 11:20:55,2017-11-03 11:10:16,1.4333333333333333,50.09,SP
8a2d12a90e92f012ce5226fc6592b653,1713.6499999999999,4.611111111111111,0.0,2.6842105263157894,2017-12-23 13:03:06,2018-08-24 00:01:48,8.1,57.95,PR
8a32e327fe2c1b3511609d81aaf9f042,6898.91,3.824468085106383,0.05263157894736842,2.5894736842105264,2016-10-07 22:51:32,2018-02-23 11:16:55,16.766666666666666,52.5,SP
8a40ae794fa3f9892cee24bd5af0488b,739.85,3.1666666666666665,0.3333333333333333,2.8333333333333335,2017-06-12 22:07:23,2018-06-19 14:04:13,12.366666666666667,39.12,PR
8a43128d7f9a3db592b866e6861a6cce,990.5999999999999,2.0,0.0,3.5,2018-06-25 20:37:05,2018-08-23 09:57:21,1.9333333333333333,42.16,SP
8a432f4e5b471f8da497d7dc517666e2,8136.0,4.243243243243243,0.061946902654867256,3.769911504424779,2018-04-05 11:05:44,2018-08-28 11:16:37,4.833333333333333,54.93,SP
8a87611c08849ffeeccab52aa798b6c7,2369.8,2.642857142857143,0.0,2.9285714285714284,2017-01-26 23:48:56,2017-03-04 20:05:28,1.2,46.24,PR
8a8835a43bda99fd37310ad76c457510,224.34,4.333333333333333,0.0,4.0,2018-07-16 18:39:09,2018-08-02 18:50:07,1.0,56.04,SP
8a9260f2b0340411d6d2a56bcf4f7378,1256.0,4.777777777777778,0.1111111111111111,2.111111111111111,2018-02-17 02:10:19,2018-08-17 13:48:52,6.033333333333333,55.54,MG
8ab42aa58097fd4668d60cc648225d5f,2616.75,4.153846153846154,0.0,4.038461538461538,2017-10-11 09:18:23,2018-08-03 12:58:11,9.866666666666667,55.35,GO
8ae520247981aa06bc94abddf5f46d34,17498.96,4.428571428571429,0.014285714285714285,4.285714285714286,2017-11-01 22:26:06,2018-08-20 22:45:38,9.733333333333333,59.0,SC
8b11118053756a9a2932f447e11fc1b5,79.99,3.0,0.0,7.0,2016-10-06 22:34:03,2016-10-06 22:34:03,1.0,48.01,SP
8b181ee5518df84f18f4e1a43fe07923,83.69999999999999,5.0,0.0,1.0,2018-05-30 09:21:06,2018-05-30 09:21:06,1.0,60.01,SP
8b2492b7ff4468839593fafeed55bad9,3668.5099999999998,3.9130434782608696,0.10869565217391304,1.673913043478261,2017-08-29 08:50:49,2018-07-30 09:08:42,11.166666666666666,50.82,RJ
8b28d096634035667e8263d57ba3368c,9775.1,3.893081761006289,0.13414634146341464,2.6646341463414633,2017-02-28 14:56:37,2018-07-19 17:43:55,16.866666666666667,50.93,SP
8b2d4ab22f42c5cfc338b846decfda60,458.0,4.777777777777778,0.0,1.6666666666666667,2018-03-28 00:32:25,2018-08-20 00:11:37,4.8,58.74,PR
8b321bb669392f5163d04c59e235e066,17757.62,3.995131450827653,0.10281280310378274,1.1988360814742969,2017-10-27 15:34:03,2018-08-21 16:45:44,9.933333333333334,53.79,SP
8b655f0855926bcb49f5835d38dfddf6,1089.5,4.8,0.2,6.2,2018-05-13 12:51:15,2018-08-17 10:55:49,3.1666666666666665,52.98,SP
8b87cd0d43d49b9bdf40f56229364d59,1552.9,2.6,0.0,3.4,2017-10-10 00:45:51,2017-12-04 17:22:25,1.8333333333333333,45.85,SP
8b8cfc8305aa441e4239358c9f6f2485,11892.0,4.2,0.13333333333333333,7.0,2017-01-29 21:40:02,2018-04-11 10:48:14,14.533333333333333,53.14,PR
8b9d6eec4a7eb7d0f9d579ce0b38324d,4232.54,4.056603773584905,0.1509433962264151,2.5849056603773586,2018-05-13 23:56:22,2018-08-20 16:50:24,3.2666666666666666,50.5,RJ
8bb48dc19fccaa8613b6229bf7f452a2,4320.72,4.363636363636363,0.020202020202020204,2.1414141414141414,2017-10-17 22:02:00,2018-07-23 14:45:41,9.266666666666667,56.28,SP
8bd0e3abda539b9479c4b44a691be1ec,644.95,1.9285714285714286,0.2857142857142857,3.357142857142857,2017-05-29 19:02:29,2018-01-06 23:02:42,7.4,33.1,RS
8bd0f31cf0a614c658f6763bd02dea69,4655.33,4.228571428571429,0.027777777777777776,2.9722222222222223,2017-01-18 10:55:55,2018-08-16 20:32:56,19.166666666666668,55.3,SP
8bdd8e3fd58bafa48af76b2c5fd71974,2554.7200000000003,4.583333333333333,0.08333333333333333,3.5,2018-01-12 20:53:30,2018-08-05 14:50:57,6.8,55.42,SP
8c0de775f52fe41590b376a3b7c50f68,672.7,3.888888888888889,0.0,1.3333333333333333,2018-03-15 22:24:24,2018-07-03 15:02:54,3.6333333333333333,53.44,SP
8c16d1f32a54d92897cc437244442e1b,5847.67,4.3,0.01639344262295082,2.1065573770491803,2016-10-05 08:01:47,2018-08-24 11:44:39,22.933333333333334,56.26,SC
8c351ed7c326c62123318f4f3246e906,114.9,5.0,0.0,1.0,2017-12-27 09:08:17,2018-08-18 23:03:24,7.8,60.02,SP
8c3b533c63cca56240f94f1e3a6b18ef,3312.16,1.3333333333333333,0.5,8.125,2017-02-05 18:47:44,2017-08-06 20:49:26,6.066666666666666,23.54,MG
8c5e007d7bd5693fa1386ffefbc99f6c,1029.11,4.166666666666667,0.0,4.166666666666667,2018-06-05 16:09:34,2018-08-19 20:45:58,2.5,55.17,SP
8c91bfea4263b8fba54081460693e2a1,739.0,5.0,0.0,4.0,2017-02-05 21:37:59,2017-02-20 16:53:03,1.0,60.12,RS
8c9348f33ae3dada25c99c99ade2af78,395.98,5.0,0.0,1.0,2018-06-19 11:34:27,2018-07-26 20:18:26,1.2333333333333334,60.06,SP
8ca1551acf9832a4cf467bbbac15851f,2176.4,3.6666666666666665,0.16666666666666666,2.8333333333333335,2018-02-27 12:04:55,2018-08-15 17:18:49,5.633333333333334,47.36,PR
8ca5b19e0263150d2c57afdde2b3d011,180.60000000000002,4.75,0.0,1.25,2017-10-26 12:58:12,2017-11-23 11:03:54,1.0,58.53,SP
8cb7c5ddf41f4d506eba76e9a4702a25,138.0,3.0,0.0,1.5,2018-02-07 22:52:02,2018-04-20 11:20:41,2.3666666666666667,48.02,GO
8cbac7e12637ed9cffa18c7875207478,3148.46,4.162790697674419,0.046511627906976744,1.9883720930232558,2017-01-26 14:29:25,2018-08-27 18:25:28,19.266666666666666,54.1,SC
8cc6a0e5738e61a87b03c78b2ba9db4b,13407.3,4.185185185185185,0.07407407407407407,5.555555555555555,2017-02-02 12:25:09,2017-04-28 15:54:22,2.8333333333333335,55.08,MG
8ccf3cf69651cc1d8a02c8bfaf3b8568,250.0,3.5,0.5,6.5,2017-04-22 20:02:16,2017-05-11 18:33:36,1.0,36.04,SP
8cf21434553b02cbd37c0bbd07e041b0,94.98,2.5,0.0,2.0,2017-11-24 15:16:27,2018-03-15 14:49:50,3.6666666666666665,45.01,SC
8d46553a36e68f95350a200c12f8f2e2,760.5,3.235294117647059,0.0,1.4705882352941178,2017-08-19 10:08:37,2018-03-15 17:34:36,6.933333333333334,49.54,SP
8d79c8a04e42d722a75097ce5cbcf2ef,3019.54,4.457142857142857,0.14285714285714285,2.3142857142857145,2017-01-27 22:02:29,2018-03-15 10:37:39,13.7,52.95,CE
8d899e15a5925f097cca50faa49b15e3,645.0,2.5,0.6,1.2,2018-05-28 11:02:23,2018-08-17 12:58:36,2.7,27.1,SP
8d92f3ea807b89465643c219455e7369,121.2,1.0,0.875,1.375,2017-01-25 16:38:10,2017-02-26 05:12:17,1.0333333333333334,9.77,SP
8d956fec2e4337affcb520f56fd8cbfd,11871.84,4.110204081632653,0.09795918367346938,1.6693877551020408,2017-10-12 09:04:48,2018-08-26 18:03:59,10.6,53.66,SP
8daab2245ebdc277c51098d01c5ad8ef,1604.59,4.625,0.0625,3.875,2018-04-04 22:25:36,2018-08-22 13:49:40,4.633333333333334,56.14,SP
8dd386be0767c330276ea6a3f96532d3,89.98,5.0,0.0,2.0,2018-08-10 21:14:35,2018-08-10 21:14:35,1.0,60.01,SC
8de8fe3af4449ed695d2434c933ed73e,2090.0,5.0,0.0,1.0,2018-08-04 15:52:54,2018-08-04 15:52:54,1.0,60.34,SP
8def3db7f272735afb2ecd03aeca09a7,196.0,5.0,0.0,1.5,2018-07-30 08:36:51,2018-08-06 19:11:34,1.0,60.03,RJ
8dfbc5ff27df12f6cef751d3b9554222,226.0,4.5,0.0,1.75,2018-05-15 11:48:56,2018-08-15 19:46:26,3.066666666666667,57.04,PR
8e29d051f810eb22959ede205b462b9f,599.8,4.0,0.5,2.0,2018-06-10 14:03:38,2018-06-19 13:38:23,1.0,39.1,SP
8e2b3afb420011ef0c88c9d5f11ea526,1384.5,4.2727272727272725,0.09090909090909091,1.4545454545454546,2017-11-13 22:31:33,2018-01-29 21:49:38,2.533333333333333,53.13,SP
8e34331b7eedd03be4e5d965c1956225,145.0,4.8,0.2,1.0,2018-01-22 11:43:20,2018-07-05 14:24:57,5.466666666666667,52.82,SP
8e4f041ff58e7845456d3482524014b3,133.8,3.0,0.5,5.5,2018-02-06 16:04:20,2018-03-03 19:36:34,1.0,33.02,RS
8e670472e453ba34a379331513d6aab1,975.0,1.0,1.0,7.0,2017-09-06 17:07:29,2017-09-06 17:07:29,1.0,6.16,MG
8e6cc767478edae941d9bd9eb778d77a,8047.82,3.945736434108527,0.061068702290076333,2.717557251908397,2017-01-29 19:08:00,2018-06-19 22:39:33,16.866666666666667,53.16,MG
8e6d7754bc7e0f22c96d255ebda59eba,14887.25,3.0148148148148146,0.1259259259259259,1.6666666666666667,2017-12-30 16:52:49,2018-08-26 04:52:35,7.933333333333334,46.74,SP
8e8a7ce9f2f970dc00e2acf6f6e199f6,9236.0,4.0,0.1044776119402985,1.7462686567164178,2017-11-30 16:02:21,2018-08-21 08:16:01,8.766666666666667,52.38,RJ
8ea394aed8138685abe1eb9f25e1021d,1340.0,4.0,0.0,10.0,2017-12-30 10:29:21,2018-06-07 11:31:23,5.3,54.22,SP
8eb88b0acb3f90a717ad659221471fa7,119.8,4.5,0.0,4.0,2017-09-19 09:59:54,2018-02-04 17:52:21,4.6,57.02,SC
8ec76bb0965af3f007692b26fa9d6623,1999.0,5.0,0.0,1.0,2017-11-17 15:31:37,2017-11-17 15:31:37,1.0,60.33,SC
8ed8ea9a57c862f2c18c2fe41f601d56,4030.9,4.45,0.0,4.0,2018-04-11 11:48:05,2018-06-10 14:06:01,2.0,57.36,SC
8f0fbe2cd4d472157dc1cdef6edecaa9,71.88,3.0,0.0,1.0,2017-07-14 09:21:51,2017-09-11 22:51:42,1.9666666666666666,48.01,SP
8f119a0aee85c0c8fc534629734e94fd,3733.68,4.216867469879518,0.060240963855421686,2.5421686746987953,2017-01-05 19:52:28,2018-08-10 21:02:26,19.4,54.1,SP
8f2b51a30523cdecddc2f179f351c7d6,1027.9,3.875,0.0,5.25,2017-04-13 16:53:02,2017-07-01 18:50:04,2.6333333333333333,53.42,SP
8f2ce03f928b567e3d56181ae20ae952,21812.8,4.057142857142857,0.14204545454545456,2.034090909090909,2017-04-30 19:04:30,2018-08-24 17:54:37,16.0,53.65,SP
8f54d64f28a993550aa7943f12572959,2755.5,3.8125,0.0625,2.4375,2017-11-10 20:15:35,2018-08-15 19:05:50,9.233333333333333,51.45,MG
8f580d36c1e9d6fbce95283403c7d447,4813.25,4.375,0.125,4.375,2017-12-18 09:12:41,2018-08-14 16:04:40,7.966666666666667,53.29,SP
8f78f0903005064036736c7173a5c2ed,2223.5,3.260869565217391,0.043478260869565216,5.304347826086956,2017-04-12 11:35:01,2018-07-29 22:38:20,15.766666666666667,48.62,MG
8fb67a334bacec338885b4e9e1708073,59.9,5.0,0.0,3.0,2018-07-15 12:57:04,2018-07-15 12:57:04,1.0,60.01,PR
8fb791022c1fc8909664f48ab7dc636d,8119.95,4.2,0.0,8.8,2018-07-04 13:44:57,2018-07-22 16:56:59,1.0,56.53,SP
8fbd63429be6d3e5e6d1a709b6464802,1211.4,4.666666666666667,0.0,2.2222222222222223,2018-04-18 00:27:01,2018-06-28 09:17:04,2.3666666666666667,58.2,SP
8fbe2ee446b97e128471be4ce983dc0d,148.5,3.0,0.3333333333333333,2.0,2018-06-19 14:01:34,2018-08-01 12:52:42,1.4,38.02,SP
8fd3b4468f6425810648177996c14cbd,354.9,5.0,0.0,5.0,2018-06-13 11:33:32,2018-06-13 11:33:32,1.0,60.06,SP
8fdca8e349553f99bc738833a62c8802,989.34,4.357142857142857,0.034482758620689655,2.6206896551724137,2016-10-06 12:51:54,2017-08-09 10:26:30,10.2,55.27,SP
8fe8786ee000001ab51d030dfd4a7bf1,2255.0,4.6,0.0,6.8,2017-11-20 20:34:03,2018-06-22 21:16:19,7.133333333333334,57.97,SC
8fec2e460530482132c436cfb5439925,468.46,3.8,0.6,1.6,2018-01-29 17:16:45,2018-02-22 09:54:40,1.0,34.88,SP
8ff1a9df749e454105c55cda13e79143,1840.1000000000001,3.9375,0.0,1.7894736842105263,2017-11-06 23:31:37,2018-06-22 16:18:40,7.566666666666666,53.93,SP
8ff38bc3969e67c36c48343a07090f66,5208.0,3.0,0.0,8.333333333333334,2017-08-01 09:24:06,2017-09-29 13:19:51,1.9666666666666666,48.85,SP
8fff28c4263ddec387f28d237fb42773,589.3,3.2857142857142856,0.0,2.142857142857143,2017-02-25 10:11:17,2018-08-21 08:23:49,18.033333333333335,49.81,SP
900ba814c251a692506d7834c1218441,29965.65,4.1477272727272725,0.15384615384615385,4.736263736263736,2017-07-04 13:25:07,2018-08-25 18:52:49,13.9,55.17,SP
901b460cdce0c64e471230d7f2f9f3a3,1904.0,4.4,0.0,7.8,2017-10-18 20:37:23,2018-07-15 07:05:30,8.966666666666667,56.71,RS
902c99f1ac505c0d18778b61bcd636f7,157.96,4.0,0.0,3.75,2018-07-18 20:38:18,2018-08-10 16:55:53,1.0,54.03,SP
903037660cf848a717166eb7a06d616e,8123.9,3.7419354838709675,0.16129032258064516,2.8548387096774195,2017-01-23 21:38:10,2018-08-13 17:23:09,18.866666666666667,48.94,SP
90b36c5aeb728d5504a39f435bef0c5f,207.85999999999999,3.2857142857142856,0.0,1.5714285714285714,2018-07-11 10:34:33,2018-08-02 14:29:13,1.0,49.75,SP
90b57083da5d803237da74daec6dcb2b,206.9,5.0,0.0,2.0,2018-01-28 01:08:44,2018-04-16 16:44:16,2.6,60.03,PR
90d4125885ab6c86e8820a722be71974,1299.5500000000002,1.0,0.0,9.0,2018-04-13 05:18:38,2018-04-13 10:52:21,1.0,36.21,SP
910a922b426b7ff95eaee129ad6c0e1f,119.8,5.0,0.0,1.0,2018-04-04 12:36:36,2018-04-11 21:06:07,1.0,60.02,SP
913fd0ebba70bb919f7254a02239173c,159.9,1.0,0.0,3.0,2018-07-25 06:18:20,2018-07-25 06:18:20,1.0,36.03,SC
9140bd1d9de28b197dce077bdd687438,1780.87,4.038461538461538,0.0,1.5,2018-05-21 21:49:55,2018-08-10 10:10:06,2.6666666666666665,54.52,SP
9140ef75cc8211c4035935e80e567204,49.9,5.0,0.0,3.0,2018-08-01 18:58:49,2018-08-01 18:58:49,1.0,60.01,PR
91543f9849d68d023e17194926598543,834.0,4.333333333333333,0.0,5.833333333333333,2017-08-04 19:02:19,2018-02-22 17:20:48,6.7,56.14,SC
916748bc99315c2d202898ae58b1617e,483.40000000000003,4.2727272727272725,0.0,1.25,2017-02-12 22:05:47,2017-11-25 14:37:15,9.5,55.71,SP
916c9de0b5ad957346eeeb12f332687e,5567.25,4.413793103448276,0.0,4.655172413793103,2017-06-23 12:52:21,2018-07-25 10:31:43,13.2,57.39,PR
918717417d88a9f9ae9735567e6c7682,345.70000000000005,5.0,0.0,4.5,2017-12-19 11:55:26,2018-02-27 22:08:50,2.3333333333333335,60.06,SP
918f6fbcf3ab724d805867303e593a1b,79.69999999999999,4.333333333333333,0.0,3.3333333333333335,2017-02-20 21:44:03,2017-03-02 01:21:42,1.0,56.01,SP
9198786624eaeb375793215cad26cfa6,908.3000000000001,3.9,0.0,1.4,2017-02-02 19:59:34,2018-04-23 20:25:37,14.833333333333334,53.55,SC
91f0eec23d4a61d7d7caeefa3f0ad1ca,2389.8,3.3333333333333335,0.3333333333333333,4.333333333333333,2017-02-08 13:05:17,2018-07-27 15:46:55,17.8,40.39,SC
91f5779a8731baca4809fdeade81803f,1971.46,3.8333333333333335,0.0,5.166666666666667,2017-11-14 18:14:55,2018-04-09 21:48:58,4.866666666666666,53.32,RJ
91f848e9f4be368f4318775aac733370,6432.44,4.269230769230769,0.025,3.1625,2017-02-22 09:19:58,2017-08-01 22:24:02,5.333333333333333,55.92,SP
9200e6ce317b67196b6b0bad4d4bd567,36.9,3.0,0.0,1.0,2017-03-25 10:31:25,2017-03-25 10:31:25,1.0,48.01,RJ
921323538c9f1c4e816f2720eac02bea,1521.74,4.055555555555555,0.16666666666666666,1.9444444444444444,2017-11-25 02:08:25,2018-08-07 23:50:47,8.5,49.58,SP
9261d76c62caaf0b24677c2ceb7f8f20,968.7,3.7142857142857144,0.0,2.4285714285714284,2018-07-05 09:49:54,2018-08-20 23:41:45,1.5333333333333334,52.44,SC
92992bec39dde5766f590d3b1f46d465,109.0,1.0,0.0,1.0,2018-04-29 10:04:24,2018-04-29 10:04:24,1.0,36.02,SP
929f342384a6607afe143d789ade1316,209.4,5.0,0.0,3.0,2018-06-20 19:25:54,2018-08-06 15:51:24,1.5333333333333334,60.03,PR
92c8bc6e8f925792247656fed09aad65,259.7,2.3333333333333335,0.3333333333333333,2.0,2017-08-30 17:50:54,2017-10-21 17:39:23,1.7,34.04,SP
92d14edfb62ee5ae7fdff70b0f4e7233,322.0,2.769230769230769,0.0,1.9230769230769231,2017-09-11 16:51:05,2018-04-04 22:19:10,6.833333333333333,46.67,SP
92eb0f42c21942b6552362b9b114707d,6813.12,3.899736147757256,0.07049608355091384,1.6135770234986946,2017-02-05 18:47:13,2018-08-22 15:57:59,18.733333333333334,52.4,SP
9315e491484b1b0081ca166fc164108d,29.99,3.0,0.0,8.0,2018-07-06 14:41:04,2018-07-06 14:41:04,1.0,48.0,PR
933446e9a59dece7ae9175103820ca8f,381.39,2.3333333333333335,0.0,5.666666666666667,2017-01-24 15:37:05,2017-02-22 09:59:09,1.0,44.06,PR
934ed5cd1b9c1c7382d0a94a94b9e639,125.85,5.0,0.0,10.0,2017-02-11 13:15:40,2017-02-11 13:15:40,1.0,60.02,PR
939e6227d6964a11a70aa91243e418f2,425.0,4.25,0.0,2.0,2018-08-15 00:46:23,2018-08-25 20:26:07,1.0,55.57,MG
939f6e231201f26803cb5c3a3d2940b3,130.6,4.75,0.0,5.75,2016-10-04 13:11:29,2016-10-06 20:15:20,1.0,58.52,SP
93b9a99027bd8bd6af682aff18dd19bf,1953.0,4.1,0.0,3.0476190476190474,2017-01-26 21:58:53,2018-08-05 06:31:51,18.5,54.92,SP
93bef6edaa84956e8e575016449b6351,115.0,5.0,0.0,6.0,2017-07-28 21:49:59,2017-07-28 21:49:59,1.0,60.02,SP
93dc87703c046b603023e75222018b45,8517.35,4.0,0.08333333333333333,4.361111111111111,2017-11-08 16:32:33,2018-07-28 07:54:14,8.7,52.89,MG
94144541854e298c2d976cb893b81343,17315.18,4.2894736842105265,0.03896103896103896,3.935064935064935,2017-02-23 22:06:24,2018-02-06 09:17:35,11.566666666666666,57.4,RS
941554c5757b73ba0e50aa7732310afc,107.69,4.5,0.0,2.75,2017-03-05 20:17:09,2017-05-31 17:23:00,2.8666666666666667,57.02,SP
94165aea8a35c3c21499cbcae239b16c,180.0,2.0,0.0,7.0,2018-06-07 18:01:09,2018-06-07 18:01:09,1.0,42.03,MG
94231344608e603693b0a8891143f65d,722.0,4.0,0.0,3.6666666666666665,2018-05-19 15:07:25,2018-08-07 16:58:43,2.6666666666666665,54.12,SP
9449f25aeaf531019b76999ea49a6949,2046.45,4.0,0.2,4.1,2017-06-08 22:00:07,2018-04-18 09:23:18,10.433333333333334,48.33,RJ
9485a23c0430ba1d58d359391606fce6,1129.9,3.2,0.2,4.6,2017-03-21 13:50:46,2017-12-28 11:05:22,9.366666666666667,43.38,SP
94b9108d4b637ba65bb4f1e53cfcf8d8,234.95999999999998,4.5,0.125,1.0,2017-09-02 16:05:34,2018-08-03 10:56:56,11.133333333333333,53.29,SP
94c49f20a123aeb9360dbf80ff912bf6,277.75,3.6666666666666665,0.0,1.3333333333333333,2017-05-22 11:12:38,2017-06-05 16:01:12,1.0,52.04,SP
94ca168e8bcb407ab85c5da308863027,224.3,5.0,0.0,1.0,2017-11-21 21:11:07,2018-08-24 18:37:17,9.166666666666666,60.04,SP
94d76e96eedd976258cd3278ce56d5f2,385.61,5.0,0.0,1.0,2018-05-09 11:41:46,2018-05-09 11:41:46,1.0,60.06,SP
94e93ce877be27a515118dbfd2c2be41,5949.27,4.0,0.0,4.368421052631579,2017-04-16 19:32:11,2017-09-13 09:21:17,4.966666666666667,54.97,SP
951e8cef368f09bb3f3d03c00ca4702c,4172.27,4.142857142857143,0.0821917808219178,2.9315068493150687,2018-04-16 17:55:25,2018-08-21 18:24:35,4.233333333333333,53.07,SP
9523fb39dd240aa958e040f8183d64f3,146.99,1.0,0.0,5.0,2018-08-06 22:00:02,2018-08-06 22:00:02,1.0,36.02,SP
9535a841eecebed61a9fb1ac1cbb5597,784.9,3.0,0.0,3.0,2017-01-26 16:25:36,2017-02-10 10:34:36,1.0,48.13,SP
9539213aa8e023c01937bef95dc006da,348.5,4.733333333333333,0.5333333333333333,1.6666666666666667,2017-11-29 18:10:01,2018-03-11 22:52:36,3.4,42.46,SP
954e95f20808d7e5d11f0de292d078e0,158.78,4.75,0.0,3.25,2017-09-09 12:49:12,2017-11-26 19:11:30,2.6,58.53,MG
9558aa23f77a9e0a0eca83540999f43b,125.7,3.0,0.0,2.0,2017-05-02 11:31:55,2017-05-22 13:41:03,1.0,48.02,PR
955fee9216a65b617aa5c0531780ce60,137405.0,4.054713249835201,0.07973856209150326,2.41437908496732,2017-07-24 11:33:53,2018-08-28 20:49:17,13.333333333333334,74.4,SP
9591fc341b1bfb7ef561e2968ec6e011,79.9,1.0,0.0,9.0,2017-09-20 16:30:26,2017-09-20 16:30:26,1.0,36.01,SP
9596c870880d900012f2e8e6e30d06d7,8606.25,4.041666666666667,0.041666666666666664,3.875,2017-04-20 13:47:11,2018-08-06 13:05:58,15.733333333333333,54.41,MG
9599519be538b98748162a2b48248960,570.0,1.0,0.0,1.0,2018-04-08 07:57:38,2018-04-08 07:57:38,1.0,36.09,SP
95b293867b5862941c9cd74f756a3c68,648.1,3.5555555555555554,0.4444444444444444,2.2222222222222223,2017-11-27 11:34:56,2018-02-22 09:55:25,2.8666666666666667,38.11,SP
95cca791657aabeff15a07eb152d7841,9.99,5.0,0.0,1.0,2018-06-30 23:22:38,2018-06-30 23:22:38,1.0,60.0,PR
95e03ca3d4146e4011985981aeb959b9,11987.02,3.9565217391304346,0.028708133971291867,2.047846889952153,2017-05-14 12:47:08,2018-08-15 08:44:39,15.233333333333333,54.84,RJ
95ec4458365c4d11f452ccf538377619,1866.76,4.266666666666667,0.03225806451612903,2.5483870967741935,2018-01-16 13:33:04,2018-08-20 09:18:49,7.166666666666667,54.94,SP
95f83f51203c626648c875dd41874c7f,3377.2400000000002,3.1690140845070425,0.04225352112676056,3.591549295774648,2017-11-24 14:22:48,2018-08-20 17:06:21,8.966666666666667,48.3,MG
960945e1a9535cbc0cd6ddd35fbe7ae8,3381.73,4.655172413793103,0.0,3.8275862068965516,2018-05-07 18:29:38,2018-08-26 10:08:49,3.6666666666666665,58.48,SP
9616352088dcf83a7c06637f4ebf1c80,5822.8,4.25,0.0,1.86,2017-02-27 18:30:11,2018-08-22 11:44:50,18.0,56.45,PR
961dff0a659b4561334372337dd897d9,12595.0,3.2,0.4,5.6,2017-04-01 15:44:55,2017-08-16 21:32:48,4.566666666666666,39.26,RJ
9646c3513289980f17226a2fc4720dbd,3166.9,4.301204819277109,0.07228915662650602,1.6746987951807228,2017-01-25 18:04:52,2018-08-04 14:29:27,18.5,54.16,SP
96493fab2fbb13a14d0c0e8772eef5c3,19832.0,3.985074626865672,0.058823529411764705,4.970588235294118,2017-02-08 13:14:41,2018-06-05 10:22:28,16.033333333333335,55.39,SP
964ff64dc05b13811c6d0f41e0aa5f6b,180.0,5.0,0.0,1.0,2018-07-18 22:43:29,2018-07-18 22:43:29,1.0,60.03,SP
966cb4760537b1404caedd472cc610a5,52435.04,3.8421052631578947,0.025974025974025976,5.48051948051948,2018-03-19 14:48:23,2018-08-08 14:49:25,4.733333333333333,60.85,SP
9674754b5a0cb32b638cec001178f799,5261.65,4.0,0.029411764705882353,2.4411764705882355,2017-06-07 14:10:15,2018-08-22 02:28:35,14.666666666666666,53.98,SP
96804ea39d96eb908e7c3afdb671bb9e,3610.7000000000003,3.9,0.025,2.35,2017-02-07 00:16:04,2018-04-27 12:37:10,14.8,53.24,MG
968268a686aa05d1f529fb07dff08130,4677.29,3.5,0.0,3.8333333333333335,2018-01-26 23:07:13,2018-08-10 16:12:00,6.5,51.76,SP
968ee78631915a63fef426d6733d7422,450.0,3.0,0.0,5.5,2017-06-08 00:06:50,2017-11-27 17:41:30,5.733333333333333,48.07,RS
96e5dc09087bad639b4ee193104ec2e5,101.9,4.5,0.0,1.5,2018-08-13 15:24:41,2018-08-21 09:12:03,1.0,57.02,RJ
96f7c797de9ca20efbe14545bed63eec,138.60000000000002,1.0,0.0,2.0,2018-04-10 21:46:56,2018-04-10 21:46:56,1.0,36.02,SP
972d0f9cf61b499a4812cf0bfa3ad3c4,8412.39,2.9318181818181817,0.10869565217391304,3.4782608695652173,2017-10-22 15:28:07,2018-08-22 07:25:32,10.1,45.71,SC
973f21788dfab357250f69a8dcb7ddee,909.0,2.3333333333333335,0.3333333333333333,2.5714285714285716,2017-01-25 15:47:27,2018-06-25 16:20:24,17.2,34.15,MG
974cf2cb8f4b7add98709c30df02fe10,2982.67,4.0606060606060606,0.030303030303030304,1.7878787878787878,2017-10-16 22:33:02,2018-08-21 23:41:36,10.3,53.94,SP
97512d3fc193b2d1dfcdba0f9d1f0f8a,1458.8700000000001,4.3076923076923075,0.07692307692307693,2.3846153846153846,2018-03-20 10:20:27,2018-08-18 16:49:58,5.033333333333333,53.78,SP
977f9f63dd360c2a32ece2f93ad6d306,2999.9900000000002,3.8461538461538463,0.11538461538461539,4.115384615384615,2017-09-26 10:51:26,2018-08-20 23:35:44,10.933333333333334,50.11,SP
979e9f8b5b39dd243a2550c8b05aecf0,525.0,5.0,0.0,2.5,2018-01-25 12:48:59,2018-04-04 21:49:23,2.3,60.09,SP
97e4a63591ca439a2b8b7efd20e6e19e,349.95,4.4,0.0,2.2,2018-02-23 18:13:43,2018-08-16 19:32:56,5.8,56.46,RJ
97e50a621f8e801f4baf69e08687c192,89.9,5.0,0.0,1.0,2018-02-21 06:34:33,2018-02-21 06:34:33,1.0,60.01,SP
97e995629983723d11830a829bc2b246,614.4000000000001,4.833333333333333,0.0,3.0,2017-11-07 16:31:04,2018-08-16 15:44:33,9.366666666666667,59.1,SP
9803a40e82e45418ab7fb84091af5231,4278.75,3.111111111111111,0.0,1.9444444444444444,2018-05-19 10:45:27,2018-08-21 19:44:42,3.1333333333333333,49.37,GO
980640c45d7a4635885491d077167e4d,1004.29,4.642857142857143,0.07142857142857142,1.6428571428571428,2018-07-01 09:14:54,2018-08-22 15:43:52,1.7333333333333334,55.88,SP
98115075dd26cb8835946fc6086f5d30,434.96000000000004,4.75,0.0,2.0,2018-04-15 23:55:50,2018-08-16 15:02:07,4.066666666666666,58.57,SP
984c273121e743dd14767befe6cb17f5,259.6,1.0,1.0,3.0,2017-11-25 20:15:32,2017-11-25 20:15:32,1.0,6.04,SP
9853a239ab7b7ebbdc3a21248d5b8e1f,460.0,3.8333333333333335,0.16666666666666666,1.1666666666666667,2017-04-26 20:47:50,2017-11-28 15:32:25,7.166666666666667,48.07,PR
985c92cc412091f8529c12d7f23d3fef,1368.5,4.75,0.08333333333333333,3.25,2018-05-04 13:31:43,2018-08-20 21:03:23,3.6,56.22,MG
989becdce12ebc39863c2bceab6f3ca1,7840.88,4.555555555555555,0.1111111111111111,4.555555555555555,2016-10-07 22:35:59,2018-07-26 19:28:07,21.866666666666667,55.28,PR
98dac6635aee4995d501a3972e047414,4752.94,3.9425837320574164,0.04265402843601896,3.080568720379147,2017-04-26 11:30:38,2018-08-28 19:32:05,16.3,53.15,SP
98dddbc4601dd4443ca174359b237166,158.0,5.0,0.0,1.5,2018-07-13 14:29:51,2018-07-23 13:03:29,1.0,60.03,PR
98e164d549402270247f3c96a1a158ef,162.7,2.5,0.0,1.0,2017-06-06 21:40:11,2017-08-18 23:34:56,2.433333333333333,45.03,SP
98f52e1020fe788c10c0418de4393fec,21.6,4.0,0.0,1.0,2017-08-09 15:16:29,2017-08-09 15:16:29,1.0,54.0,RJ
99002261c568a84cce14d43fcffb43ea,4248.0,3.7567567567567566,0.08108108108108109,2.891891891891892,2017-10-18 23:55:51,2018-08-13 15:13:23,9.933333333333334,50.8,MT
9906e7aa42a3c067b7c9a564d01c4320,2619.0,4.0625,0.125,2.625,2018-02-05 08:47:14,2018-08-21 00:18:05,6.533333333333333,51.05,PR
994f04b3718c2bab35c2adfa8afecd2a,3576.4,4.266666666666667,0.06666666666666667,3.283333333333333,2017-11-13 18:09:53,2018-08-10 21:20:04,9.0,54.18,SP
9996ae921c50e8dff411ac69c0b4bb8b,29.700000000000003,2.3333333333333335,0.0,3.6666666666666665,2017-10-17 15:35:11,2017-10-22 21:11:46,1.0,44.0,SP
999f6d9a1c7c81f43be44c6b7d076210,28.0,4.5,0.0,1.0,2017-01-26 14:26:43,2017-03-05 21:27:29,1.2666666666666666,57.0,SP
99a25c39b28a74d1151c35c18d178292,173.94,5.0,0.0,1.0,2018-06-13 13:35:02,2018-06-13 13:35:02,1.0,60.03,SP
99a54764c341d5dc80b4a8fac4eba3fb,4107.62,3.7325581395348837,0.21839080459770116,2.5057471264367814,2018-04-27 16:58:21,2018-08-28 15:53:09,4.066666666666666,46.51,SP
99cd94252748d2bdde08e17858233602,159.8,4.5,0.0,1.0,2018-06-20 14:02:25,2018-06-21 15:01:12,1.0,57.03,SP
99eaacc9e6046db1c82b163c5f84869f,13462.17,3.9027777777777777,0.09722222222222222,2.7222222222222223,2016-10-04 10:41:17,2018-02-18 21:58:51,16.733333333333334,52.7,SP
9a03a4e9eb0b947652fae4f6121a3f5e,1497.0,3.857142857142857,0.14285714285714285,5.142857142857143,2018-01-02 12:52:36,2018-08-06 14:32:47,7.2,49.1,SP
9a1aea68d3efa00862ec88c0768037d0,1309.2,4.375,0.0,1.5,2018-02-09 00:14:41,2018-07-19 17:24:12,5.333333333333333,56.46,SP
9a208dee8f95cfdf00760c4d627828ec,269.9,1.0,0.0,8.0,2017-02-16 19:56:08,2017-02-16 19:56:08,1.0,36.04,RJ
9a84ba99f5367fdbd4598363496f1ea2,2364.88,3.7058823529411766,0.0,2.411764705882353,2017-03-17 19:59:42,2018-07-03 10:00:13,15.733333333333333,52.62,GO
9aa388272ee334b6ae07bc73706e254a,678.0,3.857142857142857,0.0,7.142857142857143,2018-03-30 21:23:29,2018-08-17 00:25:31,4.633333333333334,53.25,MG
9ac4f14370b1e24ddc58be041b7f99df,314.51,4.4,0.0,3.8,2018-02-24 23:39:56,2018-07-05 16:40:15,4.333333333333333,56.45,GO
9ac75591b69c3402684b6ce0310f22ee,60.5,5.0,1.0,1.0,2018-08-21 22:09:39,2018-08-21 22:09:39,1.0,30.01,SP
9add47bf45ce8e8c7db6b9cf670b1e09,5053.54,4.2,0.020833333333333332,4.125,2017-02-05 11:05:44,2018-08-18 10:11:14,18.6,55.4,PR
9b00cad94ef3078faf6fba2e792c158f,709.8,5.0,0.0,3.0,2017-12-20 12:04:33,2017-12-20 12:04:33,1.0,60.12,MG
9b00ed88b7fdb95d6ff76e27c1b52d16,1640.38,4.519230769230769,0.057692307692307696,1.9038461538461537,2017-08-25 23:02:45,2018-08-03 15:05:58,11.4,55.65,SP
9b013e03b2ab786505a1d3b5c0756754,9176.83,3.938053097345133,0.05172413793103448,1.8275862068965518,2017-10-19 13:21:58,2018-08-27 14:54:22,10.4,53.58,SP
9b1050e85becf3ae99c1cf4934c9bc5d,85.14,2.5,0.0,1.0,2017-09-21 10:50:01,2017-11-06 18:16:33,1.5333333333333334,45.01,MG
9b1585752613ec342d03bbab9997ec48,4248.98,3.6666666666666665,0.0,13.333333333333334,2018-08-07 10:52:58,2018-08-19 09:35:34,1.0,52.69,RJ
9b1ab052f5fca308ba743ac789ebb2e1,294.09000000000003,4.0,0.0,3.5,2017-04-05 22:29:43,2017-05-07 14:04:26,1.0333333333333334,54.05,PR
9b1f656ca3060f8af17a50d8a024b533,41.0,5.0,0.5,1.0,2018-07-25 12:32:23,2018-08-22 21:26:03,1.0,45.01,SP
9b522ba7eae9e1d04082f267144583cc,1507.6,4.5,0.16666666666666666,3.3333333333333335,2017-05-17 18:00:42,2018-04-10 21:00:52,10.933333333333334,52.25,SP
9b76ad3d04236f76bc71c59470305e13,394.70000000000005,5.0,0.0,5.666666666666667,2018-07-02 11:41:29,2018-08-07 23:46:11,1.2,60.06,SP
9bade61a92bed55a25d2b67b9f4ed739,117.68,2.3333333333333335,0.0,1.6666666666666667,2018-03-07 16:42:57,2018-03-29 11:34:59,1.0,44.02,PR
9baf5cb77970f539089d09a38bcec5c3,6211.66,4.352941176470588,0.0,3.9411764705882355,2017-01-21 09:44:46,2018-08-05 19:32:36,18.7,57.13,SP
9bc484c87d79cd4874e05ca182658045,1120.0,4.0,0.2222222222222222,3.4444444444444446,2017-11-23 13:48:08,2018-05-02 14:22:52,5.333333333333333,47.52,SP
9bcdfa7b615b3abb9461d9e3ad9886ae,2510.54,4.636363636363637,0.045454545454545456,5.7727272727272725,2017-01-31 21:14:52,2018-04-16 20:07:14,14.633333333333333,56.86,SC
9bf11dfc0bec77e5a23028043c3c5a8f,115.0,1.0,1.0,10.0,2017-11-24 22:36:53,2017-11-24 22:36:53,1.0,6.02,MG
9c068d10aca38e85c50202e17b4a7e88,2658.9,4.125,0.17647058823529413,4.529411764705882,2017-10-12 09:57:12,2018-07-30 14:26:27,9.7,49.89,MS
9c0e69c7bf2619675bbadf47b43f655a,35008.53,3.990521327014218,0.09389671361502347,3.051643192488263,2017-05-07 13:20:43,2018-06-20 20:54:17,13.633333333333333,56.85,SP
9c1c0c36cd23c20897e473901a8fb149,544.97,5.0,0.0,1.4285714285714286,2018-05-18 18:22:51,2018-08-23 19:57:47,3.2333333333333334,60.09,SP
9c351405b754cc5ce3e2ecf277bb034a,45.0,1.0,0.0,5.0,2017-03-28 16:59:13,2017-03-28 16:59:13,1.0,36.01,SP
9c3a1c416c765687bc79a04113269929,74.9,1.0,0.0,1.0,2018-02-01 23:09:36,2018-02-01 23:09:36,1.0,36.01,MG
9c3c24eca51c52b91c1de727d2a2ae06,366.5,4.428571428571429,0.0,3.7142857142857144,2016-10-10 15:23:51,2018-05-21 10:41:20,19.566666666666666,56.63,RS
9c4d31c7e46ab03a43fc06e3142afd4e,1218.9,4.5,0.0,1.5,2018-08-14 17:26:41,2018-08-20 18:55:21,1.0,57.2,RJ
9c54608f0996c32ae4743089d915f845,194.8,4.0,0.0,7.666666666666667,2018-06-22 16:07:29,2018-07-18 17:18:04,1.0,54.03,PR
9c57bc60cfad5ee62d35d3f1ce4593a1,180.0,1.0,1.0,3.0,2017-04-26 13:34:20,2017-04-26 13:34:20,1.0,6.03,PR
9c690ceacd5c66731bf443ea810195cb,871.8,4.416666666666667,0.0,2.3333333333333335,2017-08-22 20:06:39,2018-08-06 01:16:56,11.6,56.64,MG
9c7fd21e0aa159b20da593371f08ff7c,798.3,3.375,0.125,3.0,2018-03-14 09:25:14,2018-08-21 16:50:51,5.333333333333333,46.63,SP
9cad4b68bb993ee401a3c5aaa2bc26dd,759.2,3.25,0.25,1.625,2018-01-16 10:17:13,2018-07-15 23:59:54,6.0,42.12,SP
9cea4682e16655f7da87f406902e989e,87.75999999999999,2.3333333333333335,0.0,1.2222222222222223,2017-03-22 23:39:13,2018-02-02 23:31:10,10.533333333333333,44.01,PR
9cf787a239c1aa29dbd76f153dc13f9a,316.0,4.75,0.0,1.5,2018-06-05 17:11:13,2018-08-16 15:54:48,2.3666666666666667,58.55,SP
9d213f303afae4983637247556438ede,47.7,5.0,0.0,6.666666666666667,2018-07-14 00:04:42,2018-07-24 12:43:00,1.0,60.01,SP
9d39404483343dd55c7ae254494d8388,412.79999999999995,3.642857142857143,0.14285714285714285,1.0714285714285714,2017-11-25 10:53:06,2018-04-24 00:54:46,4.966666666666667,47.64,SP
9d489893ff6af05029671b785f54b998,298.7,4.166666666666667,0.16666666666666666,1.3333333333333333,2017-06-22 17:19:09,2018-08-23 16:38:38,14.2,50.05,SP
9d4db00d65d7760644ac0c14edb5fd86,11004.630000000001,4.5181818181818185,0.036036036036036036,1.927927927927928,2017-12-24 12:20:23,2018-08-18 09:08:48,7.866666666666666,57.83,SP
9d5604a1f112324ad6b2aa552122e0fb,421.5,3.6470588235294117,0.0,2.0,2017-11-14 22:00:16,2018-08-19 21:37:17,9.233333333333333,51.95,SP
9d5a9018aee56acb367ba9c3f05d1d6a,11119.28,4.453488372093023,0.011627906976744186,3.7906976744186047,2017-03-11 19:59:25,2018-03-21 20:20:40,12.5,58.19,GO
9d681c7e12db302cb261e721040dde65,785.6,4.928571428571429,0.0,1.2857142857142858,2018-05-21 18:18:25,2018-08-16 16:19:13,2.8666666666666667,59.7,PR
9d69ba0a7a626a64dc5db08e529559cf,19.3,5.0,0.0,1.0,2018-07-13 19:38:58,2018-07-13 19:38:58,1.0,60.0,SP
9d7a1d34a5052409006425275ba1c2b4,1054.82,3.75,0.0625,3.8125,2017-07-17 16:18:44,2018-08-20 19:58:51,13.3,50.8,SP
9da15f4a4ea758d9eeb49000dbe57e22,196.9,2.0,1.0,1.0,2018-07-31 12:52:57,2018-07-31 12:52:57,1.0,12.03,SP
9da1ca0bef29ee170e541927a5aeabdc,1484.3999999999999,3.0,0.3333333333333333,6.0,2017-06-17 18:33:32,2017-09-25 12:24:16,3.3,38.24,SP
9dc79dd988ac42f4d56c340d7048420a,749.6,4.75,0.0,7.25,2018-08-09 09:30:59,2018-08-27 15:18:45,1.0,58.62,SP
9dd459b29a14bf89d47183cf2cd0e4c7,180.0,5.0,0.5,1.0,2018-01-14 18:16:33,2018-08-04 12:42:39,6.7,45.03,SP
9dd59e43f0c9f0553244e8f9c2fb247e,406.3,4.833333333333333,0.08333333333333333,2.4166666666666665,2017-10-15 16:10:27,2018-01-23 15:30:59,3.3,56.57,PR
9dda5bbacd45e18d6485fee649205d09,1912.6000000000001,4.2272727272727275,0.09090909090909091,4.409090909090909,2017-03-27 16:26:18,2018-08-07 11:29:30,16.566666666666666,52.95,MG
9de4643a8dbde634fe55621059d92273,18362.11,4.5,0.05813953488372093,4.895348837209302,2017-01-13 15:11:16,2018-02-21 15:59:53,13.466666666666667,58.26,SC
9df5750209b83567ec144eb299d7d634,4917.0,4.0,0.09090909090909091,3.909090909090909,2016-10-07 08:28:42,2018-07-20 18:39:50,21.7,52.08,RS
9e17b9d64683aebcbb9ee362d06463b4,98.69999999999999,1.0,0.0,5.666666666666667,2017-02-19 11:03:43,2017-02-22 21:14:33,1.0,36.02,SP
9e25199f6ef7e7c347120ff175652c3b,12.5,4.0,0.0,1.0,2017-03-27 09:59:40,2017-03-27 09:59:40,1.0,54.0,SP
9e6229250fedbe05838fef417b74e7fb,13312.1,3.911392405063291,0.0379746835443038,4.215189873417722,2017-09-24 23:53:13,2018-08-22 09:09:10,11.033333333333333,54.51,SP
9e6967d3cf386d284251784b18ccb485,517.67,3.6363636363636362,0.09090909090909091,1.0909090909090908,2018-06-12 20:43:08,2018-08-14 15:42:47,2.066666666666667,49.17,SP
9e7c5f4d7770eab65738cca38f9efccf,184.8,3.5,0.0,1.0,2018-06-01 12:50:14,2018-08-07 01:27:47,2.2,51.03,SP
9e94fa26a70ede4d26226e918e8706a2,62.8,5.0,0.0,3.0,2017-08-04 03:06:27,2017-08-04 03:06:27,1.0,60.01,SP
9e9b539eb2806acee3f5c28085c1db9f,967.0,3.6666666666666665,0.3333333333333333,1.0,2017-11-22 00:37:30,2017-12-07 13:19:30,1.0,42.16,MG
9ed65337433adfbedefd23dd76eaa494,1262.6,4.833333333333333,0.0,3.3333333333333335,2017-12-19 09:27:15,2018-08-01 17:15:29,7.5,59.21,SP
9ef932e837d8b7f392c0bfee9d359dc2,59.9,3.0,1.0,2.0,2017-11-20 12:49:35,2017-11-20 12:49:35,1.0,18.01,SP
9f50216bfd01913736a55a11b55ea842,1354.0,4.473684210526316,0.21052631578947367,1.263157894736842,2018-06-22 00:07:03,2018-08-18 13:46:39,1.9,50.75,SP
9f505651f4a6abe901a56cdc21508025,27056.489999999998,4.250544662309368,0.04319654427645788,1.838012958963283,2017-10-05 10:35:03,2018-08-29 15:00:37,10.933333333333334,58.63,SP
9f56a7a649097b166d8ed286ad86a15c,27.98,1.0,0.0,2.5,2017-11-06 15:29:29,2017-11-08 00:11:54,1.0,36.0,RJ
9fbd5666d8618fa571c4230fafa09bd6,79.9,5.0,0.0,3.0,2017-08-30 18:44:19,2017-08-30 18:44:19,1.0,60.01,SP
9fc70243fb26800cba56e8f014797004,466.6,4.571428571428571,0.0,1.1428571428571428,2017-11-13 15:17:00,2018-07-29 08:32:21,8.566666666666666,57.5,MG
9fe7c6641c79970ab48185498f547c09,130.0,5.0,0.0,1.0,2017-07-10 20:58:17,2017-07-10 20:58:17,1.0,60.02,SP
a00824eb9093d40e589b940ec45c4eb0,9399.97,4.666666666666667,0.0,7.333333333333333,2017-10-05 19:23:16,2018-04-09 11:32:37,6.166666666666667,59.54,SP
a0415d9b25ede3c4b1e477e9916ffc03,4044.1,3.9,0.0,4.7,2017-04-09 11:23:37,2018-01-09 11:53:29,9.166666666666666,54.06,RJ
a066df7361163e7ddc5d7452dd17448b,1248.1,4.526315789473684,0.21052631578947367,2.1578947368421053,2017-12-12 14:37:18,2018-05-12 17:45:26,5.033333333333333,51.05,SP
a06c8ff043abea0528ee44171e2140a2,514.5,4.75,0.0,2.0,2018-02-22 16:33:54,2018-08-09 21:16:06,5.6,58.58,MG
a080fc8a850289b27500f6b49cca2553,383.0,4.75,0.0,3.5,2018-03-13 20:28:59,2018-06-25 19:03:18,3.433333333333333,58.56,SP
a08692680c77d30a0b4280da5df01c5a,2433.0,5.0,0.0,8.470588235294118,2017-04-07 15:09:26,2018-01-26 08:17:40,9.766666666666667,60.4,SP
a09a13f18ed27932d08438aa6f12756e,29.9,3.0,0.0,1.0,2017-10-28 19:17:28,2017-10-28 19:17:28,1.0,48.0,RS
a0a14e50070f3225b3eabba5b85da517,176.2,4.5,0.0,2.5,2018-07-30 19:14:39,2018-08-15 18:56:56,1.0,57.03,PR
a0d7fbb07bb5ebc3b05980e750db56f3,1547.97,1.5,0.0,3.25,2018-05-04 00:28:43,2018-08-12 22:56:51,3.3333333333333335,39.25,SP
a0e19590a0923cdd0614ea9427713ced,258.3,1.0,0.0,8.714285714285714,2017-05-10 21:12:11,2017-06-25 17:50:06,1.5,36.04,PR
a1040efe9ff4a6f93c28b0499eada8f5,1658.83,5.0,0.0,4.0,2018-02-03 14:07:04,2018-02-03 14:07:04,1.0,60.27,SP
a1043bafd471dff536d0c462352beb48,106813.94,4.150310559006211,0.05198019801980198,3.142326732673267,2017-02-14 10:44:33,2018-08-25 11:01:56,18.566666666666666,70.81,MG
a11a0e0ca67423425691db355cff69b0,448.9,5.0,0.5,2.5,2018-07-31 10:29:51,2018-08-10 16:05:40,1.0,45.07,SP
a13580f0e8f782b7a543885a0ef99f08,1304.9,4.4,0.2,3.9,2017-08-17 18:21:17,2018-05-07 20:42:38,8.766666666666667,50.61,RJ
a13aaf2d2886ab9fb30fb9a920160b8f,1011.52,4.5,0.25,2.0,2018-07-22 23:58:52,2018-08-02 22:48:54,1.0,49.66,SC
a1474fd46fd3430168f7ec202da39408,2752.5,4.428571428571429,0.14285714285714285,3.857142857142857,2017-02-21 17:37:06,2017-10-22 11:25:09,8.066666666666666,52.74,SP
a150c540f572d0fb53992264bc5c10b5,119.9,4.0,0.0,4.0,2018-02-04 22:19:12,2018-02-04 22:19:12,1.0,54.02,SP
a1544b9ea0b2390e020537d4daa89049,990.9000000000001,4.090909090909091,0.0,1.5454545454545454,2017-02-17 01:16:37,2018-08-16 15:35:40,18.166666666666668,54.71,SP
a154d7316f158bb42e6fa18bbe3afd3a,139.8,3.0,0.5,2.0,2017-03-06 16:42:52,2017-03-10 19:32:26,1.0,33.02,SP
a17f621c590ea0fab3d5d883e1630ec6,2850.6099999999997,4.076923076923077,0.06097560975609756,2.0121951219512195,2017-03-23 22:10:46,2018-04-05 08:55:00,12.566666666666666,53.1,SP
a1bea7061f61f6fdd9a85a6325ba1033,810.95,4.444444444444445,0.1111111111111111,2.4444444444444446,2018-06-27 11:26:01,2018-08-26 13:26:12,2.0,53.47,SP
a1bea9970d8f65b240555f99c2214f7f,75.0,3.0,0.0,5.0,2018-07-23 16:24:27,2018-07-23 16:24:27,1.0,48.01,PR
a1ed30492b3b798bc121845bc4aa7366,41.8,3.0,0.0,3.0,2017-07-03 09:43:13,2017-07-03 09:43:13,1.0,48.01,SP
a20d8058c866dbaeca014d2cd20ac62e,1194.0,5.0,0.5,1.5,2017-12-20 14:52:29,2018-05-16 01:18:19,4.866666666666666,45.19,SP
a213f1bd6458f4a158f3746cb2514559,41.52,5.0,0.0,1.0,2018-05-30 16:20:16,2018-05-30 16:20:16,1.0,60.01,PR
a218df5c097b0ca409cfaac1488cc7f6,145.59,2.8,0.0,1.8,2018-05-03 22:16:54,2018-06-26 09:10:21,1.7666666666666666,46.82,SP
a21c11ec5c3f03e7cc9f9203bff9e1c6,385.0,3.0,0.0,2.5,2018-08-03 17:13:19,2018-08-07 12:21:32,1.0,48.06,SP
a23266650e7c84bb93fbbba502137478,1512.4,3.25,0.0,3.875,2017-08-04 13:52:59,2017-12-29 18:39:33,4.9,49.75,RS
a247197e2e9c19a6a53a6888cb8b660f,798.0,1.0,0.0,5.5,2017-12-20 11:00:02,2017-12-23 18:25:24,1.0,36.13,SP
a254c682cc01e119f83530446f1df9a9,569.4,4.142857142857143,0.14285714285714285,2.0,2018-03-19 13:24:33,2018-08-22 12:47:22,5.166666666666667,50.66,SP
a2a41aedb70551d4a85aa04dc2fced48,52.79,4.0,0.0,2.5,2017-11-16 13:53:55,2017-12-03 10:52:08,1.0,54.01,SP
a2b5b6105ea5942300631d2e76f4ffe0,3286.6899999999996,4.75,0.125,3.0,2018-05-25 10:59:28,2018-08-20 22:06:01,2.9,55.29,SP
a2b911e9ad40dc7d61c142a4683e2d85,171.8,5.0,0.0,1.5,2017-05-10 17:44:55,2017-05-10 17:44:55,1.0,60.03,RJ
a2deecd5398f5df4987110c80a1972a3,862.15,3.7058823529411766,0.0,1.2352941176470589,2018-04-04 21:44:26,2018-08-24 14:37:50,4.7,52.38,SP
a2e85714b56b1cb6bb24a9a6e6cad36f,339.70000000000005,1.0,0.0,1.3333333333333333,2017-10-30 14:48:41,2017-10-30 20:40:09,1.0,36.05,SP
a2e874074c877c5a05abae80ad6e488f,10024.2,3.9183673469387754,0.04081632653061224,3.510204081632653,2017-03-21 13:38:25,2018-08-26 07:54:47,17.4,53.92,SP
a2fa0bdc798ee84cdb08281337cf4fb6,392.75,4.230769230769231,0.0,1.8461538461538463,2017-03-08 10:33:45,2018-03-16 04:11:03,12.4,55.45,SC
a3082f442524a1be452e3189e003b361,301.6,4.25,0.0,2.75,2017-07-10 20:27:30,2018-08-09 20:36:13,13.166666666666666,55.55,SP
a35124e2d763d7ca3fbe3b97d143200f,461.25,4.5,0.0,1.5,2017-03-15 10:37:21,2017-05-08 20:58:10,1.8,57.07,SP
a353b1083c9863d756d9404695016d64,120.0,5.0,0.0,1.0,2017-12-07 23:37:37,2017-12-07 23:37:37,1.0,60.02,ES
a35ef466c6fd6d052f5d241240d3c5e2,569.9,4.666666666666667,0.0,4.333333333333333,2017-08-14 23:18:10,2017-09-30 18:38:46,1.5333333333333334,58.09,RS
a369d693961cb93b61ca2cc518872a85,2597.0,4.111111111111111,0.0,4.722222222222222,2017-11-15 23:26:16,2018-07-21 13:54:34,8.233333333333333,55.09,SP
a36ac007a4d18f865c8d32c3b2402c2d,1359.7800000000002,2.5555555555555554,0.0,5.888888888888889,2017-01-22 21:25:01,2017-09-06 15:36:32,7.533333333333333,45.56,SP
a36b125ac6d5fdbc7f50de85c9157bdc,1843.64,4.038461538461538,0.11538461538461539,1.6153846153846154,2016-10-10 09:23:48,2018-08-04 10:42:49,22.1,51.07,SP
a37c340b91cb0169e8b029db6440fba2,345.0,4.8,0.0,2.0,2017-06-26 16:37:01,2017-09-14 16:37:03,2.6666666666666665,58.86,SP
a3a38f4affed601eb87a97788c949667,27772.2,4.402930402930403,0.043478260869565216,2.7246376811594204,2016-10-05 20:20:57,2018-08-23 11:43:36,22.866666666666667,59.65,SC
a3b0df0065e264a91b7bbf5f844af5cd,186.69,5.0,0.0,1.5,2017-09-20 15:08:28,2017-09-23 17:59:17,1.0,60.03,SP
a3b42d266fa8afc874b909422ce88582,839.4000000000001,5.0,0.0,5.0,2018-07-31 10:27:34,2018-07-31 10:27:34,1.0,60.14,SP
a3dd39f583bc80bd8c5901c95878921e,5522.05,4.642857142857143,0.023809523809523808,2.4761904761904763,2017-08-23 08:26:50,2018-04-10 09:24:25,7.666666666666667,58.05,BA
a3e9a2c700480d9bb01fba070ba80a0e,16169.8,4.059880239520958,0.08875739644970414,3.5798816568047336,2017-05-09 22:58:25,2018-08-19 14:19:27,15.533333333333333,54.34,SP
a3f0b55de503387383c7b1de3ad7f678,5018.1,4.172413793103448,0.10344827586206896,3.9655172413793105,2017-09-26 18:54:19,2018-05-21 13:14:36,7.866666666666666,52.75,PR
a3fa18b3f688ec0fca3eb8bfcbd2d5b3,47.8,5.0,0.0,1.0,2018-04-30 10:10:48,2018-04-30 10:10:48,1.0,60.01,SP
a414555ce331b8c8aea4a9cb8395194d,1450.95,3.5714285714285716,0.0,3.625,2018-03-10 15:31:45,2018-05-04 14:46:10,1.8,51.67,SP
a416b6a846a11724393025641d4edd5e,26384.11,4.184210526315789,0.11578947368421053,3.8526315789473684,2017-01-26 16:48:24,2018-08-21 21:43:35,19.066666666666666,55.95,SP
a420f60ff1aa9acc80d0e42959f2b313,8023.3,3.971830985915493,0.0821917808219178,2.191780821917808,2017-08-16 01:00:34,2018-08-13 10:05:23,12.066666666666666,52.68,SP
a425f92c199eb576938df686728acd20,1239.2,4.428571428571429,0.0,3.7142857142857144,2016-09-05 00:15:34,2018-07-30 12:02:51,23.1,56.77,PR
a435b009cd956ea60748b5cfbddf2e24,361.18,4.333333333333333,0.6666666666666666,3.0,2017-05-09 13:21:53,2017-07-26 10:05:21,2.566666666666667,36.06,SP
a44fb5a447105f8469bdf16bf9159f25,3706.1,4.052631578947368,0.2631578947368421,3.6842105263157894,2017-11-21 14:01:29,2018-08-03 14:48:36,8.5,47.03,RS
a45314082d50d578a4721c9787ce09ab,424.9,5.0,0.0,6.0,2018-08-02 13:57:47,2018-08-18 12:56:03,1.0,60.07,SP
a45765f8afb1e594b22bf9e974b46765,79.99,4.0,0.0,1.0,2017-03-09 14:27:38,2017-03-09 14:27:38,1.0,54.01,SP
a478c7961d6a992065b24e63b366f90b,1281.5,4.888888888888889,0.0,4.111111111111111,2017-02-09 09:33:26,2018-02-21 02:17:40,12.533333333333333,59.54,SC
a49928bcdf77c55c6d6e05e09a9b4ca5,9156.300000000001,2.9454545454545453,0.24545454545454545,2.8,2017-06-07 20:32:48,2018-05-27 19:10:54,11.766666666666667,41.81,SP
a4b6b9b992b46e9ef863637af96e04bc,7147.0,2.5714285714285716,0.07142857142857142,3.7142857142857144,2017-02-18 12:45:31,2017-07-01 13:23:05,4.433333333333334,44.45,SC
a4b8d97cd5d3674eeff96abc99d8ed67,214.08,1.0,0.0,8.0,2018-06-13 12:16:02,2018-06-13 12:16:02,1.0,36.03,SP
a4bd6e9adf39b63f43dc545d3ca1f53d,1848.59,4.6,0.0,5.2,2017-04-15 09:42:38,2018-05-03 10:34:01,12.766666666666667,57.9,RJ
a4e634166243bbb3a13fa584463fa468,155.55,2.0,0.0,1.0,2018-02-26 06:37:45,2018-04-28 19:25:30,2.033333333333333,42.02,SP
a4fc6eadaff1576af888509a53420f6a,100.86,3.0,0.0,2.0,2018-05-22 18:15:54,2018-05-22 18:15:54,1.0,48.02,SP
a513150f33f99a06569e9cd5c4bb889b,805.6500000000001,4.333333333333333,0.0,1.0,2017-11-27 14:19:38,2017-12-01 15:32:44,1.0,56.13,SP
a5259c149128e82c9d6d46e0c1c812bb,1182.26,3.875,0.0,5.625,2017-07-31 13:45:07,2018-03-09 10:24:31,7.333333333333333,53.44,RO
a53f60f05f822b5c621a50ff6a5cb362,415.40000000000003,2.6,0.0,2.1666666666666665,2018-06-25 16:19:23,2018-08-17 22:35:51,1.7666666666666666,45.67,MG
a56a8043ebf66e42119618fb8cf232c6,83.0,5.0,0.0,1.0,2018-08-03 22:23:06,2018-08-03 22:23:06,1.0,60.01,SC
a56e351445e5863fc8960640ba9190c7,760.9200000000001,4.25,0.25,3.0,2018-04-06 21:36:54,2018-04-27 14:04:53,1.0,48.12,SC
a5a1bfcf728ab0e19182959cf0771ee4,1932.44,4.24,0.08,1.88,2018-01-07 21:45:04,2018-08-20 22:09:12,7.5,53.36,SP
a5bff0f43eb51f0cad7c37fac7244c8a,445.0,4.8,0.0,1.0,2017-02-20 13:31:57,2017-09-27 14:51:02,7.3,58.87,SP
a5cba26a62b8b4d0145b68b841e62e7f,14836.84,4.535714285714286,0.017857142857142856,5.160714285714286,2017-07-22 10:44:10,2018-08-20 17:09:20,13.133333333333333,59.1,PR
a5dd1946fb63ada8bcaa0c9cd8f11e22,219.62,3.857142857142857,0.0,1.8571428571428572,2017-09-08 14:15:39,2018-03-11 11:11:51,6.1,53.18,PE
a5ff20ff766e7f50bd5066f33da14413,66.59,3.0,0.0,2.0,2018-08-19 22:38:41,2018-08-24 13:04:05,1.0,48.01,SP
a61cc04793308395a840807104365121,14.63,5.0,0.0,1.0,2018-05-03 09:31:04,2018-05-03 09:31:04,1.0,60.0,SP
a63bfbaa882c8f4542891b4e2246cc7f,6772.0,4.428571428571429,0.14285714285714285,7.428571428571429,2018-06-11 23:01:49,2018-08-23 18:19:17,2.4,53.39,RJ
a64e44665225d19dfc0277eeeaaccc57,335.0,5.0,0.16666666666666666,4.166666666666667,2018-06-22 15:06:34,2018-08-22 14:53:45,2.0,55.05,SP
a663d9c3797e90eac99ff60939416a56,235.0,5.0,0.0,8.0,2018-05-16 13:31:20,2018-05-16 13:31:20,1.0,60.04,SP
a673821011d0cec28146ea42f5ab767f,14388.08,3.9034482758620688,0.10457516339869281,3.3594771241830066,2017-02-27 19:54:44,2018-08-22 01:35:54,18.0,52.64,SP
a67780aba9dd436e7ac0aa1f889e73ec,863.0,3.6666666666666665,0.3333333333333333,4.833333333333333,2017-11-24 12:23:11,2018-08-06 18:03:11,8.5,42.14,SP
a69aa24cec11168e7e39a3fbc727e925,105.97,5.0,0.0,1.6666666666666667,2018-06-13 11:29:48,2018-07-18 10:05:02,1.1333333333333333,60.02,SP
a6bd7d1ccdac48c6b33b28596b7eb122,14368.61,3.3333333333333335,0.125,6.6875,2017-06-28 08:47:01,2018-07-22 16:18:31,12.966666666666667,48.6,PB
a6fe7de3d16f6149ffe280349a8535a0,3613.6,4.079365079365079,0.125,1.875,2017-07-11 19:38:14,2018-08-06 19:25:14,13.0,51.32,SP
a70e9066dbfd10b6b97a3f54a1356762,1716.0,5.0,0.0,10.0,2017-04-25 13:46:24,2017-11-20 18:11:00,6.966666666666667,60.28,PR
a72c2f59332659e361d647515c698798,802.9,4.833333333333333,0.0,2.1666666666666665,2018-01-14 17:09:25,2018-07-16 21:37:24,6.1,59.13,RS
a72f15980dc3e9bfd1a49ac9b2f3af65,89.9,4.0,0.0,1.0,2018-07-25 16:18:46,2018-07-25 16:18:46,1.0,54.01,SP
a7a9b880c49781da66651ccf4ba9ac38,382.5,3.6,0.0,3.0,2018-05-16 16:16:03,2018-07-06 11:54:40,1.6666666666666667,51.66,SP
a7b7354cc588f7566a848bcbb1ce3d96,79.8,4.0,0.0,1.0,2017-03-13 22:11:59,2017-03-23 15:16:21,1.0,54.01,SP
a7c53f6b3b61adbdaa99dda97e8cbd56,198.0,4.0,0.0,1.0,2017-03-06 20:29:58,2017-03-06 20:29:58,1.0,54.03,SP
a7c88262832dfc683781d6a421edefae,1520.0,4.2,0.0,5.0,2017-03-13 17:02:01,2018-02-12 22:54:10,11.2,55.45,SP
a7d0f8dd44f57ef6de7f7f02e3d82630,73.78999999999999,4.5,0.0,1.0,2018-06-25 12:06:07,2018-08-19 20:26:26,1.8333333333333333,57.01,SP
a7dc4098e4da6e41b426269d12ae7e91,518.0,3.6666666666666665,0.0,3.0,2018-07-19 11:18:27,2018-08-10 10:39:43,1.0,52.08,SP
a7ecf689b40a44361e259b28939023e4,389.0,5.0,0.0,10.0,2018-07-13 22:05:44,2018-07-13 22:05:44,1.0,60.06,ES
a7f13822ceb966b076af67121f87b063,12707.6,3.4302325581395348,0.05747126436781609,4.333333333333333,2016-10-04 18:52:56,2017-05-04 19:31:51,7.066666666666666,50.93,SP
a806a4bb063ea7ca6d374eafa50a6058,294.4,3.8333333333333335,0.0,2.8333333333333335,2018-01-02 23:26:09,2018-02-12 17:56:55,1.3333333333333333,53.05,ES
a81466620e46a6970b22ef40379fdfc9,482.70000000000005,5.0,0.0,2.6666666666666665,2017-10-11 10:15:04,2017-10-13 14:29:05,1.0,60.08,SC
a8739afb32aaa45e01815ca76f76f54b,318.48,3.4375,0.0625,1.0,2018-06-07 22:47:32,2018-08-06 19:31:50,1.9666666666666666,48.8,SP
a888faf2d1baececa6baf9c3d603ee1f,17765.8,4.054545454545455,0.14545454545454545,6.036363636363636,2017-01-28 21:51:24,2018-05-02 03:50:02,15.266666666666667,52.87,PR
a89e143d5211473ae18db9577ee34b64,210.0,3.6666666666666665,0.0,3.3333333333333335,2017-06-04 12:09:59,2017-10-07 08:35:07,4.133333333333334,52.03,SP
a90a5da8b09e44264a177c0374a5ac87,74.69999999999999,4.333333333333333,0.0,3.3333333333333335,2017-02-20 22:26:06,2017-03-08 20:17:07,1.0,56.01,PR
a938325a4b357fd23a6a4d5bb126408e,3390.0,3.923076923076923,0.038461538461538464,3.6538461538461537,2017-09-15 15:51:25,2018-08-14 14:57:20,11.066666666666666,52.94,RJ
a9415cf907dfa12f9ed18693244f5329,210.0,5.0,0.0,1.0,2018-01-19 16:34:05,2018-01-19 16:34:05,1.0,60.03,MG
a99504ac23ed125aaf5302af6cc30af9,978.0,5.0,0.0,2.0,2017-10-14 14:45:58,2017-10-14 14:45:58,1.0,60.16,SP
a9ae440659f48b7849df83e82734150b,285.0,5.0,0.0,6.0,2017-10-13 13:10:42,2017-10-13 13:10:42,1.0,60.05,SP
a9b533a26e898b12e8b8d4c07279bf4d,119.6,5.0,0.0,1.0,2017-07-31 08:08:14,2017-12-08 19:31:04,4.333333333333333,60.02,RJ
aa17b35ce4de7b565be3249ba838944f,119.69999999999999,4.666666666666667,0.0,2.3333333333333335,2017-08-24 21:26:40,2017-09-01 17:56:59,1.0,58.02,SP
aa1eb17b9fdf6dfd546e25c45c7b9235,117.99,4.5,0.0,1.0,2017-12-01 11:14:08,2018-04-25 19:27:16,4.833333333333333,57.02,SP
aa2640d851ec322526f1295bbeb20092,159.98,3.0,0.0,3.0,2018-05-06 21:13:51,2018-05-06 21:13:51,1.0,48.03,SP
aa762680c40618316a896838866140ea,261.0,3.3333333333333335,0.3333333333333333,1.3333333333333333,2018-04-06 22:32:42,2018-05-11 17:57:27,1.1333333333333333,40.04,PR
aa8af66c623d7d544dfe4bb85b5ebe3b,99.0,5.0,0.0,2.0,2018-06-03 19:46:12,2018-06-03 19:46:12,1.0,60.02,MG
aac29b1b99776be73c3049939652091d,6949.08,3.897810218978102,0.08333333333333333,3.75,2017-01-25 12:48:49,2018-08-08 17:52:59,18.666666666666668,52.02,MG
aac51c486b672a9850d59f3e84b1cf88,728.28,4.769230769230769,0.0,1.5384615384615385,2018-08-12 09:56:51,2018-08-24 20:24:26,1.0,58.73,SP
aadfe0417e61315688b6bd7043361e25,289.9,4.0,0.0,5.0,2017-08-03 08:40:25,2017-08-03 08:40:25,1.0,54.05,GO
aae3bfea055532c57fb453ed3ec80b30,3212.5099999999998,3.576923076923077,0.0,1.849056603773585,2017-01-18 17:20:39,2018-05-15 16:01:56,16.033333333333335,51.99,SP
aae5953b9edddf14749c0d65d60eb4b9,173.0,5.0,0.0,3.5,2017-09-30 00:53:36,2017-10-18 21:52:56,1.0,60.03,MG
aae5e7b457a3c72ee230a47d98fceda5,604.8,4.142857142857143,0.0,2.142857142857143,2018-04-05 14:35:51,2018-08-17 18:21:02,4.466666666666667,54.96,PR
aaed1309374718fdd995ee4c58c9dfcd,9376.95,4.053571428571429,0.026785714285714284,2.5089285714285716,2016-10-09 11:43:43,2018-08-01 15:54:56,22.033333333333335,55.05,SC
aafe36600ce604f205b86b5084d3d767,10745.2,4.405228758169935,0.0392156862745098,2.189542483660131,2017-02-18 22:42:34,2018-08-16 09:28:54,18.1,57.01,SC
ab27bbbad5239bc31a34709275a70db4,382.9,5.0,0.0,9.181818181818182,2017-10-31 17:54:25,2018-07-03 10:16:32,8.133333333333333,60.06,SP
ab3e0c171fe84a7ba7de130f19cfb485,863.42,3.2,0.2,1.7,2017-04-16 12:18:38,2018-04-05 18:57:58,11.8,43.34,PR
ab75b89cc49c9ab3160d0c91565a442a,37.98,1.5,0.0,5.0,2017-07-05 16:05:20,2017-09-08 17:33:58,2.1666666666666665,39.01,SP
ab91571efab27993ff2f6b36e38055c3,102.24,4.75,0.5,1.5,2018-03-23 17:02:20,2018-07-25 17:22:27,4.133333333333334,43.52,SP
ab9db4cf53b08b828b64dccaafc2d9f0,277.67,4.2,0.0,1.2,2017-05-18 17:35:59,2018-07-19 14:24:09,14.2,55.24,RS
aba1721a889e04decc910aa13b768ef4,14279.3,4.462365591397849,0.11827956989247312,3.172043010752688,2017-02-08 14:36:40,2018-08-21 10:57:15,18.6,55.56,SP
abbf6046bbdf1028606a5bc7f00c99e7,2432.15,4.125,0.0,5.875,2018-01-24 00:33:52,2018-05-02 22:13:15,3.2666666666666666,55.15,SC
abc015ebac1d283a323ca9db35ede4b9,1215.8,4.428571428571429,0.0,2.142857142857143,2017-02-10 10:31:39,2017-12-09 09:44:23,10.033333333333333,56.77,SP
abcd2cb37d46c2c8fb1bf071c859fc5b,4880.22,4.25,0.038461538461538464,4.0,2017-05-29 15:28:10,2018-08-11 20:16:35,14.633333333333333,55.14,MT
abe021b01ba992245271b9aa422032df,6720.0,3.5,0.0,3.0,2017-02-04 18:54:15,2017-05-09 14:46:34,3.1,52.1,PR
abe42c5d03695b4257b5c6cbf4e6784e,17159.0,3.9183673469387754,0.16,5.32,2017-08-31 17:25:03,2018-08-05 14:52:28,11.266666666666667,51.52,RJ
ac137bac82ffa8548e62bd9d01d2a14f,49.6,1.0,0.0,2.0,2017-05-15 20:39:40,2017-05-15 20:39:40,1.0,36.01,SP
ac1ed5fc15901fbc92920361eb4ab350,110.25,1.0,0.0,1.0,2017-06-17 13:34:04,2017-06-17 13:34:04,1.0,36.02,SP
ac3508719a1d8f5b7614b798f70af136,12985.54,4.580952380952381,0.028037383177570093,3.7476635514018692,2017-05-23 21:17:18,2018-08-05 13:31:47,14.6,58.77,RS
ac51cac5e20d69ff485a54746488ef48,759.9,3.5,0.0,5.0,2018-01-14 18:50:16,2018-01-30 13:28:14,1.0,51.12,SP
ac6417315ae5da8f9a38ee11de6f7780,788.9,3.75,0.125,3.125,2017-04-27 09:34:25,2018-04-27 21:28:24,12.166666666666666,48.88,SP
ac9b01377919cdbd2a1bbb8d5837c70b,55.9,3.0,0.0,3.0,2018-08-05 18:53:35,2018-08-05 18:53:35,1.0,48.01,SP
acadd4d36859671cb635527c6c977533,2381.0,4.25,0.16666666666666666,3.3333333333333335,2017-12-15 16:15:10,2018-08-08 09:49:45,7.833333333333333,50.89,SP
acb6c2ca5c82411c1fdb88d5fd5eb95e,466.78,3.8333333333333335,0.0,1.0,2017-02-16 15:56:11,2018-08-01 15:56:40,17.7,53.08,SP
acce39e832338debb07b02385cde5967,4748.1,4.4772727272727275,0.0,3.4318181818181817,2018-05-12 17:10:13,2018-08-26 15:11:20,3.5,57.64,MG
ace601496e211a664100321f038f50af,165.0,2.0,0.0,1.0,2017-02-15 23:00:16,2017-02-15 23:00:16,1.0,42.03,SP
aced59e9b31ef866a94f9e7f29d8d418,8032.0,4.5,0.0641025641025641,2.769230769230769,2017-02-13 11:50:50,2018-08-26 04:51:22,18.6,56.39,SP
acf974e4d5950ad143a247471b831eb9,423.8,4.8,0.0,1.8333333333333333,2017-03-07 16:20:35,2017-10-30 13:27:55,7.866666666666666,58.87,RS
ad14615bdd492b01b0d97922e87cb87f,8.25,5.0,0.0,1.0,2017-02-10 17:40:30,2017-02-10 17:40:30,1.0,60.0,SC
ad273c9eb54ecb4532de4bf75bae9e4e,734.0,3.9166666666666665,0.0,2.1666666666666665,2017-03-01 11:31:23,2018-08-09 01:14:45,17.5,53.62,PR
ad420dd0c4f92f8af951ac24b86d0cf5,4755.28,4.111111111111111,0.0851063829787234,3.382978723404255,2017-04-26 10:41:39,2018-08-24 18:00:29,16.166666666666668,52.89,MG
ad738d3fcf42655ed15c4960b7b6c601,65.0,1.0,0.0,4.0,2017-05-21 23:42:14,2017-05-21 23:42:14,1.0,36.01,RS
ad75519a07f039025e83795a4418470f,302.1,3.2222222222222223,0.0,3.0,2018-01-26 15:38:19,2018-08-15 16:08:01,6.7,49.38,GO
ad781527c93d00d89a11eecd9dcad7c1,6899.570000000001,3.0681818181818183,0.2727272727272727,4.954545454545454,2017-07-17 20:24:19,2018-05-16 09:44:37,10.066666666666666,41.35,SP
ad87df7699e83b8a91822a4a0b765c3a,349.9,3.7142857142857144,0.0,1.7142857142857142,2017-03-21 11:33:31,2017-06-25 16:32:29,3.2,52.34,SP
ad8ada0ffa993cb1197d102d9ab21a3e,599.8,1.0,0.0,1.0,2018-03-13 20:37:20,2018-03-13 20:37:20,1.0,36.1,MG
ad8b531ae67582f096925cff5630d0d1,208.35000000000002,3.0,0.0,3.3333333333333335,2017-04-23 12:01:53,2017-11-24 20:26:39,7.166666666666667,48.03,PR
ad97a199236354e53fcd91a5a913e9a2,13665.9,4.526315789473684,0.10526315789473684,5.315789473684211,2017-11-16 20:47:34,2018-07-23 23:29:17,8.3,56.23,SC
adbc26658d6c7b4b6219f9d934598091,11916.3,4.064516129032258,0.15053763440860216,3.903225806451613,2017-08-28 11:44:24,2018-08-21 12:31:00,11.933333333333334,51.82,PR
adbe70ab2c97442046d393988c8d1d27,289.5,5.0,0.0,1.4,2017-09-07 13:07:38,2017-10-12 16:51:36,1.1666666666666667,60.05,SP
adcf50477d6a1f5d91bb9d54c4903cb5,1425.14,3.1315789473684212,0.13157894736842105,4.447368421052632,2017-02-08 17:01:04,2018-06-29 16:03:27,16.833333333333332,45.07,MG
ade45994b717ccee333492330fbf037b,9192.0,4.538461538461538,0.0,4.615384615384615,2018-06-09 20:12:15,2018-08-15 18:26:46,2.2,58.73,PR
aded58c8142dedc5494a81f948431fab,289.5,3.2,0.0,1.6,2018-04-01 19:44:52,2018-04-23 12:11:20,1.0,49.25,RJ
ae45ad30c2d2e5913094769690a239d2,251.8,5.0,0.0,4.0,2017-12-08 13:21:55,2017-12-08 13:21:55,1.0,60.04,SP
ae45df84722b1d15c5f32b23a095746c,901.83,4.833333333333333,0.0,3.0,2018-02-22 18:41:33,2018-08-21 10:19:27,5.966666666666667,59.15,SP
ae7ab174effdead6c241e547e4ca13f0,3576.6,3.2222222222222223,0.0,4.111111111111111,2018-06-11 10:22:49,2018-08-11 19:14:29,2.033333333333333,49.92,PR
ae8bfdbf1c2a2a2dee92d799db0a31c6,429.90999999999997,4.111111111111111,0.0,2.3333333333333335,2017-02-15 09:34:07,2017-05-15 17:58:25,2.966666666666667,54.74,PR
ae9690c6e8fee182c28c9ff8e11ca52c,47.4,5.0,0.0,6.0,2016-10-09 23:25:13,2016-10-09 23:25:13,1.0,60.01,SP
aeb36d67f1414f234d42a29e27cf1f17,3263.8,4.5,0.25,6.5,2018-05-14 21:03:30,2018-08-06 20:17:40,2.7666666666666666,50.03,SP
aec99834ab5d38ead22766ada8497e87,459.0,5.0,0.0,4.0,2018-07-20 17:20:48,2018-07-20 17:20:48,1.0,60.07,PR
af3ef48d0e13835e529c29ac573c63e5,1458.63,3.772727272727273,0.045454545454545456,2.1818181818181817,2018-05-16 08:11:59,2018-08-22 19:43:54,3.2666666666666666,51.51,SP
af4a0e4cfe1d9c26b6712b1be25a72e5,8757.98,3.5,0.07692307692307693,3.0384615384615383,2017-08-01 11:03:32,2018-03-15 22:35:02,7.533333333333333,50.12,MG
af7cdac9d9897cddead9c6b08976c642,543.54,3.6666666666666665,0.16666666666666666,1.6666666666666667,2018-03-14 08:57:54,2018-08-18 11:30:57,5.233333333333333,47.09,SP
afa6714acee029b2dfdf357e5579cc03,3340.66,4.111111111111111,0.1111111111111111,4.055555555555555,2016-10-08 15:42:14,2018-08-20 11:23:16,22.666666666666668,51.88,SP
afac9f6b0c4e5f0a7ee87e922cd0f873,20.99,1.0,0.0,1.0,2018-02-17 17:16:24,2018-02-17 17:16:24,1.0,36.0,SP
afe0067131b73e40875c9b6c10bd2e21,5350.200000000001,4.1063829787234045,0.041666666666666664,3.6041666666666665,2017-02-22 20:39:41,2018-06-10 22:56:17,15.766666666666667,54.26,MG
b00af24704019bd2e1b335e70ad11f7c,189.0,5.0,0.0,3.0,2018-06-20 00:20:03,2018-06-20 00:20:03,1.0,60.03,BA
b01c2b7b8599b325103ebcddc67413e1,169.45,4.75,0.0,2.0,2018-07-13 09:52:00,2018-08-18 21:10:16,1.2,58.53,RS
b026643914f651e8371425e5b8a1e780,27.9,5.0,0.0,1.0,2017-07-07 10:26:23,2017-07-07 10:26:23,1.0,60.0,RJ
b0398568231ba5e6734af1881671a317,656.77,4.0,0.0,2.25,2018-03-22 14:59:06,2018-04-10 09:24:49,1.0,54.11,ES
b05b432bf68945d4d9783f9e3ca29ee8,224.8,4.5,0.0,2.5,2017-09-11 21:19:55,2017-09-12 17:49:55,1.0,57.04,SP
b080809eaacb49e5ca07290981472431,424.0,4.818181818181818,0.0,2.5454545454545454,2017-02-24 17:04:27,2018-05-15 08:48:09,14.8,58.98,MG
b0b346d3a89f5eb4c2968af3f083cd43,614.0,3.0833333333333335,0.3333333333333333,1.5833333333333333,2017-11-14 12:22:53,2018-08-03 11:15:31,8.7,38.6,SP
b0f2a6122a90a93eb03e68653dd960e3,1620.3,4.857142857142857,0.0,3.5714285714285716,2018-04-28 17:05:06,2018-08-08 16:54:04,3.3666666666666667,59.41,PR
b1204cfda1d4948679db3cfc0d3cb95c,2903.7,3.272727272727273,0.0,1.2727272727272727,2017-01-17 19:55:40,2018-07-25 21:44:39,18.466666666666665,50.11,SP
b127efdabeffb5d559349c7b172eb75d,372.5,4.5,0.25,2.5833333333333335,2017-01-26 13:51:54,2017-05-17 19:12:52,3.7,49.56,SP
b12cfd255810394b60caef18ae163547,560.0,4.5,0.0,1.5,2017-11-20 16:52:14,2017-11-24 00:34:46,1.0,57.09,PR
b14db04aa7881970e83ffa9426897925,6022.6,3.7788461538461537,0.10619469026548672,3.256637168141593,2016-10-06 17:45:30,2018-08-19 18:43:15,22.733333333333334,50.47,SP
b16d3dadc47d4eb18be3d88bad0775ce,722.1,4.363636363636363,0.09090909090909091,2.4545454545454546,2018-05-29 23:02:46,2018-08-16 22:06:01,2.6,53.57,RS
b17b679f4f5ce2e03ce6968c62648246,4192.69,3.5762711864406778,0.1694915254237288,3.5084745762711864,2016-10-05 09:19:46,2018-05-14 12:37:29,19.533333333333335,47.06,SP
b18871c324516afa228a13e8f1ef0ae9,1064.6,3.9565217391304346,0.08695652173913043,1.7826086956521738,2018-02-28 22:21:37,2018-06-18 18:47:16,3.6333333333333333,51.3,SP
b18dc380845b24038cfc48006478f099,8353.3,3.9245283018867925,0.12962962962962962,4.7592592592592595,2017-10-06 06:30:11,2018-08-03 11:34:23,10.033333333333333,51.02,SP
b19c48688808720822399ffa9f2dbe2f,959.99,5.0,0.0,8.0,2018-08-22 14:14:50,2018-08-22 14:14:50,1.0,60.16,SP
b19f3ca2ea475913750f25a5c37c8d8f,6202.91,2.7916666666666665,0.25,4.666666666666667,2017-10-05 22:22:48,2018-08-07 22:04:34,10.166666666666666,40.26,MG
b1a81260566c1bac3114a6d124413f27,9254.29,4.206896551724138,0.017241379310344827,3.2241379310344827,2018-03-11 10:24:44,2018-08-17 15:57:10,5.3,56.24,RS
b1aaae6b66ad3c40f54b389d7ea4bee0,1176.5,4.470588235294118,0.0,2.176470588235294,2017-01-22 11:08:52,2017-05-24 17:01:03,4.066666666666666,57.02,SP
b1ac6ea7895bc3dd6f0f6f4abbdd2821,3139.0,4.2682926829268295,0.0,2.1219512195121952,2017-03-11 17:05:35,2018-01-15 06:16:49,10.3,56.12,RS
b1b3948701c5c72445495bd161b83a4c,24699.19,1.7222222222222223,0.5,6.777777777777778,2017-06-06 08:37:30,2017-08-12 17:08:34,2.2333333333333334,29.37,SP
b1fc4f64df5a0e8b6913ab38803c57a9,8337.75,3.813008130081301,0.112,3.048,2017-05-09 10:49:49,2018-08-10 08:13:28,15.233333333333333,50.88,RJ
b1fecf4da1fa2689bccffa0121953643,5518.64,4.966666666666667,0.0,3.1,2016-10-04 15:35:35,2017-05-27 11:08:23,7.8,60.7,MS
b2479f944e1b90cf8a5de1bbfde284d6,5384.36,3.296551724137931,0.14383561643835616,2.1095890410958904,2018-01-12 18:17:53,2018-08-20 17:06:38,7.3,46.34,SP
b248792ac0b60ec3f93d80af1b4fae47,497.4,3.8,0.2,1.2,2018-07-23 23:48:21,2018-08-22 02:31:38,1.0,46.88,SP
b26741d31a563d769b4af0465ab20c56,648.0,4.0,0.0,5.5,2018-02-20 18:17:18,2018-03-26 16:14:32,1.1,54.11,SC
b274baf5bbd142410eb2958cf685d684,743.9,4.444444444444445,0.0,2.111111111111111,2018-05-16 12:51:33,2018-07-20 11:33:51,2.1333333333333333,56.79,RS
b29d3380981c51df13fc6fbe87e1763d,435.3,4.0,0.0,4.0,2018-04-28 14:49:58,2018-08-02 18:56:22,3.2,54.07,SP
b2a6d334e2833acea353624840e25a0e,1755.88,4.518518518518518,0.0,3.0,2017-08-05 18:56:35,2018-06-05 01:26:41,10.1,57.4,SP
b2ac621f0d0322434d04a12b078b9369,9575.5,4.4,0.1,5.533333333333333,2017-08-22 10:55:25,2018-08-16 15:59:08,11.966666666666667,54.97,PR
b2ba3715d723d245138f291a6fe42594,54494.38,4.1310160427807485,0.07936507936507936,2.955026455026455,2016-10-04 16:41:59,2018-08-22 08:25:48,22.866666666666667,61.32,SP
b2bdc5e7940a7d7ca8c4a37953b27a42,500.0,4.5,0.0,1.0,2017-10-30 14:25:15,2017-10-30 14:25:15,1.0,57.08,SP
b2c97074649f92197d9387d9033dda5f,684.71,4.636363636363637,0.09090909090909091,2.6363636363636362,2018-04-23 10:28:37,2018-08-14 13:27:56,3.7666666666666666,55.2,SP
b2eecf5ea250510da76590ca79d60e5d,1130.0,5.0,0.0,3.1538461538461537,2017-03-05 04:18:49,2017-11-11 21:04:48,8.366666666666667,60.18,SP
b2f4d63c7203f539a78252565ca32257,14.9,5.0,0.0,3.0,2017-09-09 22:15:52,2017-09-09 22:15:52,1.0,60.0,RJ
b32be1695eb7ec5f10f72d9610a12527,27872.0,4.086956521739131,0.0425531914893617,5.425531914893617,2017-11-24 22:29:43,2018-08-13 12:59:34,8.7,57.8,RS
b335c59ab742f751a85db9c411a86739,5167.81,4.0508474576271185,0.03389830508474576,2.0,2016-10-04 13:22:56,2017-12-12 19:45:01,14.466666666666667,54.13,MG
b33aaadd1a8891d2dfef0c4c3bdf0371,1504.0,3.764705882352941,0.11764705882352941,2.411764705882353,2018-01-12 10:45:12,2018-06-21 12:44:54,5.333333333333333,49.3,SP
b33e7c55446eabf8fe1a42d037ac7d6d,45532.17,4.170886075949367,0.12658227848101267,4.7215189873417724,2017-10-10 20:44:59,2018-08-15 16:14:22,10.266666666666667,58.67,SP
b347677812ea483b0f528eaf8cbc09b7,7288.99,4.523809523809524,0.0,3.8095238095238093,2017-11-24 12:12:36,2018-06-22 22:10:44,7.0,58.33,PR
b372ee768ed69e46ca8cdbd267aa7a38,13070.0,4.424657534246576,0.0,4.397260273972603,2017-03-18 11:24:06,2018-08-23 14:59:37,17.433333333333334,58.68,SP
b37c4c02bda3161a7546a4e6d222d5b2,24075.0,1.4,0.06666666666666667,1.5333333333333334,2017-04-23 12:07:48,2018-07-15 14:49:44,14.933333333333334,40.34,SP
b3809b8d4394588a47c8470ea331e135,89.0,4.0,0.0,1.0,2018-07-06 19:46:58,2018-07-06 19:46:58,1.0,54.01,SP
b39d7fe263ef469605dbb32608aee0af,5384.0,3.74,0.0392156862745098,3.588235294117647,2017-09-16 14:51:37,2018-08-23 12:47:56,11.333333333333334,52.14,SP
b3b17aab11f273023a5f22ca52e1eb70,6850.0,4.846153846153846,0.15384615384615385,6.076923076923077,2018-01-25 13:07:28,2018-06-09 10:24:21,4.466666666666667,55.58,PR
b3e2faf2c1004d674f16a3aa3197f0e1,61.47,5.0,0.0,1.3333333333333333,2017-02-07 19:50:11,2017-05-10 10:34:13,3.033333333333333,60.01,SP
b3f19518fcec265b2e97af287725f981,690.87,4.0,0.0,2.1538461538461537,2017-03-20 20:01:39,2017-08-26 12:44:06,5.266666666666667,54.11,SP
b410bdd36d5db7a65dcd42b7ead933b8,7905.9,4.666666666666667,0.022222222222222223,5.088888888888889,2018-01-24 15:42:08,2018-08-21 10:48:37,6.933333333333334,58.63,GO
b416191c9813d821a295cfabafff4161,117.8,2.5,0.0,1.0,2017-07-28 14:33:15,2017-08-16 13:35:48,1.0,45.02,SP
b43d8b707f887a30f4675391098354a0,1342.0,2.5,0.25,8.0,2018-04-07 23:06:26,2018-07-22 19:49:25,3.5,37.72,SP
b44dbfbf62e52125f3c15d230569ea91,609.37,4.375,0.0,1.875,2018-04-19 11:45:55,2018-08-10 10:03:27,3.7333333333333334,56.35,SP
b452cb0ae35044c4a53179c39f49fb06,63.699999999999996,4.0,0.0,1.0,2018-06-01 17:13:00,2018-06-02 13:16:37,1.0,54.01,SP
b45d7ebfb7378630f1bcd74b6ff86ff7,1007.5,3.8,0.0,4.2,2017-09-03 15:21:44,2018-02-26 00:11:02,5.833333333333333,52.96,MG
b494891378bd8f4560abe576c52deacd,3198.7000000000003,4.5,0.08333333333333333,4.5,2018-06-28 18:50:51,2018-08-20 00:59:32,1.7333333333333334,55.02,SP
b499c00f28f4b7069ff6550af8c1348a,10407.11,4.137566137566138,0.1164021164021164,2.2645502645502646,2016-10-03 22:31:31,2018-08-24 14:09:35,22.966666666666665,53.03,SP
b4a476fbd28de64b1e347abf9089366a,5724.04,3.7567567567567566,0.07894736842105263,3.8684210526315788,2017-03-29 19:09:42,2018-06-26 19:58:54,15.133333333333333,51.11,SP
b4b447d715f9ab302a188fb43d3e96b3,685.9300000000001,4.8,0.2,4.4,2018-07-03 15:00:40,2018-08-26 22:19:40,1.8,52.91,SP
b4f8921fcc4ff77b66bea6dda43dcd51,11395.05,4.6,0.05,4.6,2018-05-19 16:23:57,2018-08-21 21:18:33,3.1333333333333333,57.96,RS
b4ffb71f0cb1b1c3d63fad021ecf93e1,7106.68,4.032608695652174,0.021739130434782608,2.135869565217391,2017-02-01 14:38:41,2018-08-18 10:55:43,18.733333333333334,54.7,SP
b55638ad525e906c698fa2ce742c1742,1153.8,4.230769230769231,0.15384615384615385,2.230769230769231,2017-11-06 19:23:13,2018-08-08 12:51:29,9.133333333333333,50.96,SC
b561927807645834b59ef0d16ba55a24,4759.19,4.37,0.14,1.58,2018-01-19 00:48:30,2018-08-26 20:57:20,7.3,52.8,SP
b566ab0ef88016e00422755e305103c6,1208.0,3.2,0.2,3.8,2018-03-11 10:26:01,2018-07-23 13:26:43,4.466666666666667,43.4,MG
b56828a9f9027f3c918c04ca720d9e3c,360.0,2.6666666666666665,0.3333333333333333,1.3333333333333333,2017-10-03 14:05:27,2018-05-02 12:17:02,7.0,36.06,SP
b56906f7fd1696e043f1bcce164c487b,2212.47,3.9545454545454546,0.045454545454545456,2.659090909090909,2016-10-06 14:59:56,2018-08-08 09:00:50,22.333333333333332,52.72,SP
b57e8460909fa137df7951b4a3b5ea84,198.0,2.0,0.0,1.0,2017-03-02 07:53:29,2017-03-02 07:53:29,1.0,42.03,RS
b586cd24c010a13916af621b0325fbba,1258.93,3.875,0.0,5.375,2018-06-17 21:50:12,2018-08-23 11:27:36,2.2,53.46,SC
b5abf4f36adc043117b4fca82c22984c,1299.7,2.6153846153846154,0.23076923076923078,2.076923076923077,2017-04-11 12:05:15,2018-08-11 14:35:56,16.233333333333334,38.98,DF
b5b800c4065bebf4d3442311c9857344,79.9,5.0,0.0,3.0,2018-05-01 12:29:30,2018-05-01 12:29:30,1.0,60.01,SP
b5bb2b985208834bd5bd86c7a402bbad,621.06,5.0,0.0,3.5,2018-01-31 21:10:29,2018-04-21 22:27:34,2.6666666666666665,60.1,RS
b5d034ac251546e25afe9067f05c1539,69.9,5.0,0.0,1.0,2018-04-21 05:31:57,2018-04-21 05:31:57,1.0,60.01,SP
b5dd7151a92ccaaa282cbe9681a05f44,170.0,5.0,0.0,1.0,2018-07-18 10:09:15,2018-07-18 10:09:15,1.0,60.03,SP
b5e3e38609125694d2ea2417522a60b7,995.04,4.352941176470588,0.23529411764705882,3.0588235294117645,2017-04-16 20:39:21,2017-09-19 13:30:18,5.166666666666667,49.22,SC
b5f0712d22a873b6797ab6cc65c3fcba,12.99,4.0,0.0,2.0,2018-08-13 12:22:49,2018-08-13 12:22:49,1.0,54.0,SP
b5f49fe968dff6b112861e6cd8e192ef,194.70000000000002,5.0,0.0,1.0,2018-01-18 18:21:21,2018-01-18 18:21:21,1.0,60.03,PR
b64d51f0435e884e8de603b1655155ae,432.18,3.88,0.2,1.56,2018-04-07 11:00:35,2018-08-24 10:35:52,4.6,47.35,SP
b67d6c666e8dce1d078c882825e12704,352.84,4.875,0.0,1.5,2018-07-06 12:11:22,2018-08-08 16:42:07,1.1,59.31,SP
b6c6854d4d92a5f6f46be8869da3fa1a,69.9,1.0,0.0,1.0,2017-04-28 07:04:04,2017-04-28 07:04:04,1.0,36.01,SP
b6d44737c043328708f6749c2dbe50bd,5679.5,4.5058823529411764,0.07058823529411765,2.8941176470588235,2017-03-15 12:56:04,2018-08-07 17:47:15,17.0,55.85,SP
b6dc74ed30f124f95227bed4e43a3bed,551.92,3.9285714285714284,0.07142857142857142,2.5714285714285716,2017-01-31 17:57:18,2017-12-05 10:31:53,10.233333333333333,51.52,PR
b6e1504972665f739dec4facb9943775,1484.48,4.357142857142857,0.07142857142857142,3.0,2017-05-22 21:17:02,2018-03-26 12:35:07,10.233333333333333,54.24,SP
b6f52e346160519c24a23af05410ad32,129.9,4.0,0.0,2.0,2018-04-26 08:13:16,2018-04-26 08:13:16,1.0,54.02,SP
b74d1c09cb380e1d03a6f859c6f4224b,2221.6,4.205128205128205,0.15384615384615385,2.076923076923077,2018-02-23 16:51:37,2018-08-09 13:35:56,5.533333333333333,50.98,RJ
b76a1f8356322f12529c37b67d5c96c2,413.4,4.833333333333333,0.0,2.8333333333333335,2017-12-19 19:01:13,2018-02-19 15:11:22,2.033333333333333,59.07,SP
b76dba6c951ab00dc4edf0a1aa88037e,2643.21,4.16374269005848,0.028901734104046242,1.6127167630057804,2017-01-06 21:30:38,2018-08-27 20:03:07,19.9,54.55,SP
b76f4d90e85657a240495c876313adc5,299.0,5.0,0.0,2.0,2018-08-25 22:28:18,2018-08-25 22:28:18,1.0,60.05,SP
b77a27b1864483e721dc831d5ba4afa0,41.8,3.5,0.0,1.0,2017-03-30 06:24:14,2017-05-10 20:35:15,1.3666666666666667,51.01,RJ
b7ba853e9551f4558440881fd3e5c815,376.8,1.0,0.0,5.5,2016-10-04 14:51:15,2016-10-06 16:17:56,1.0,36.06,RS
b7cc6c5e001441ae8cdd5c69a480cbe4,651.8,4.166666666666667,0.0,2.0,2017-02-26 23:33:43,2018-01-30 22:12:10,11.233333333333333,55.11,SC
b7d5b4b87af9d42b601865d3f3810bff,1049.0,2.0,0.0,5.5,2017-05-06 18:49:21,2017-11-07 18:05:08,6.133333333333334,42.17,SC
b7e1750c1157341d2abd0251e07c186b,159.6,4.5,0.0,3.5,2017-02-14 13:18:53,2017-04-20 14:30:07,2.1666666666666665,57.03,SP
b7ed9fb14c8eadb37adb9c45d67ab0fb,566.0,2.909090909090909,0.0,1.8181818181818181,2017-07-01 12:10:10,2018-07-27 20:09:23,13.033333333333333,47.55,SP
b8114f2f589a6804810f04f99b36b498,1399.62,4.7272727272727275,0.0,4.454545454545454,2018-04-04 16:05:12,2018-08-17 10:28:31,4.466666666666667,58.59,SP
b81e3a6c866a764974fe849821abeebd,836.1500000000001,4.545454545454546,0.0,2.8181818181818183,2018-07-14 19:31:09,2018-08-15 22:06:09,1.0666666666666667,57.41,SP
b839e41795b7f3ad94cc2014a52f6796,42829.0,4.027777777777778,0.027777777777777776,6.916666666666667,2018-03-01 10:18:57,2018-08-25 15:12:30,5.9,60.34,SP
b83cedfb587e7911540e3f576d6917ce,2349.73,4.269230769230769,0.07692307692307693,2.730769230769231,2017-06-23 17:21:18,2018-05-14 12:20:47,10.8,53.69,SP
b8555308bfdb4ca1ed54325a58da9a97,3047.2000000000003,4.071428571428571,0.07142857142857142,1.2857142857142858,2017-12-11 13:47:29,2018-08-23 11:29:01,8.466666666666667,52.78,SP
b8578d2d823bd8e251f6fdd02b40902d,1255.6,4.444444444444445,0.0,2.6666666666666665,2018-04-12 20:58:52,2018-07-19 15:42:35,3.2333333333333334,56.87,SC
b8630e1121437d41cb08e3c749c2c2e2,7658.0,4.384615384615385,0.15384615384615385,3.6153846153846154,2017-11-25 04:02:51,2018-08-06 09:14:27,8.466666666666667,52.94,RJ
b86a47b3366e3b5424a7b225781f4908,86.5,3.0,0.0,1.0,2018-01-05 10:01:43,2018-01-05 10:01:43,1.0,48.01,MG
b87a7ea0c30fad2dd6781b74a0064859,515.4,3.4444444444444446,0.3333333333333333,3.5555555555555554,2018-01-10 19:14:05,2018-07-02 14:00:47,5.733333333333333,40.75,SP
b88e7c57cb2d8b973b7dd4a2bfa14b36,353.9,4.25,0.0,3.25,2017-05-21 13:09:50,2017-12-01 00:13:14,6.433333333333334,55.56,PR
b8a0adc91af209270c2c725168eb00fd,327.3,3.5714285714285716,0.0,2.0,2018-04-16 19:54:11,2018-06-27 10:15:28,2.3666666666666667,51.48,SP
b8bc237ba3788b23da09c0f1f3a3288c,13975.7,4.361702127659575,0.020833333333333332,4.770833333333333,2017-08-07 08:31:36,2018-06-30 07:43:15,10.866666666666667,57.83,SC
b8d890108a7a80e4f5d59eea9f362438,89.69999999999999,3.3333333333333335,0.3333333333333333,1.0,2017-09-05 08:05:20,2017-10-19 12:07:22,1.4666666666666666,40.01,PR
b906dd0e57f282c7089171b6ed07982e,175.0,4.0,0.0,5.5,2018-04-18 01:06:13,2018-06-25 17:58:26,2.2666666666666666,54.03,PR
b90e891671cffd9557f33a97dc523645,4449.0,4.128205128205129,0.0,2.871794871794872,2017-08-18 16:54:56,2018-08-23 12:56:27,12.3,55.5,PR
b92e3c8f9738272ff7c59e111e108d7c,8790.49,4.118421052631579,0.02631578947368421,3.8815789473684212,2017-01-17 22:26:00,2018-08-07 15:23:50,18.866666666666667,55.36,MG
b94cc9f10ddc85e4ba73a6f7974e7101,25946.0,4.315789473684211,0.075,6.575,2017-11-02 09:30:52,2018-06-12 16:20:38,7.4,57.89,RJ
b98b715fe9e276204e2a3464f48cd796,450.58000000000004,3.3333333333333335,0.16666666666666666,1.8333333333333333,2017-02-03 15:20:03,2018-04-24 08:53:11,14.8,45.07,SP
b9a03475e6447e631b6799ec8274800f,1349.1,4.2727272727272725,0.0,2.727272727272727,2017-11-06 15:24:21,2018-07-28 19:42:23,8.8,55.86,PR
b9c0ffa92f3ff9a5a3d45ef7213c0842,490.0,5.0,0.0,7.0,2017-09-17 06:44:58,2017-12-14 20:24:06,2.933333333333333,60.08,SP
b9ca8e8baa5d4aa038394a700f63e69f,1289.77,4.214285714285714,0.07142857142857142,2.5714285714285716,2018-04-23 14:23:32,2018-08-28 12:38:17,4.2,53.35,SP
b9de031b671cd48b28fae9d828cbf2b4,155.32,5.0,0.0,4.0,2018-07-18 13:52:45,2018-07-18 13:52:45,1.0,60.02,SP
b9ec22de23f18567de0e09d776ca0309,341.98,5.0,0.0,8.0,2018-06-22 14:30:06,2018-08-14 23:20:29,1.7666666666666666,60.06,DF
ba143b05f0110f0dc71ad71b4466ce92,6530.53,4.455555555555556,0.14285714285714285,1.934065934065934,2018-04-24 13:18:10,2018-08-18 21:58:12,3.8666666666666667,53.51,SP
ba5daa4041e1f15cdf34b76e3e18a450,806.8000000000001,4.266666666666667,0.0,1.6666666666666667,2018-02-03 12:38:58,2018-08-20 11:16:03,6.566666666666666,55.73,SP
ba6b4a237f92479743cf0ca06b67a9ac,801.89,4.25,0.125,1.875,2018-01-17 08:46:59,2018-08-03 18:35:52,6.6,51.88,RJ
ba6b68b55fe8704377a7d43c8e5c0185,739.77,4.2,0.0,6.0,2017-05-02 06:49:31,2017-06-03 14:27:54,1.0666666666666667,55.32,MG
ba6ce6de456f6c11d08c17701ba5c26f,744.35,3.7142857142857144,0.14285714285714285,1.5714285714285714,2018-02-15 17:02:21,2018-07-23 19:41:14,5.266666666666667,48.12,SP
ba89796db68db180bd389de96b2ff3b6,309.8,5.0,0.0,3.0,2018-07-13 13:42:50,2018-07-29 10:00:52,1.0,60.05,SP
ba8e85df286308fe68a2ce83a8f8b2d6,80.9,5.0,0.0,4.0,2018-06-12 22:21:34,2018-06-12 22:21:34,1.0,60.01,SC
ba90964cff9b9e0e6f32b23b82465f7b,46444.9,4.4222222222222225,0.06666666666666667,6.377777777777778,2018-02-25 12:47:36,2018-08-15 18:28:56,5.7,62.13,SP
baa49d93c8c8841e27400a300f5d74b2,246.39999999999998,4.5,0.16666666666666666,2.0,2017-05-03 13:31:27,2017-06-05 12:57:58,1.0666666666666667,52.04,SC
bab0a8cd684e41ba6e2637dca0979d3b,269.9,5.0,0.0,1.0,2017-08-22 13:33:36,2017-08-22 13:33:36,1.0,60.04,RJ
babcc0ab201e4c60188427cae51a5b8b,79.0,5.0,0.0,1.0,2018-07-01 10:23:10,2018-07-01 10:23:10,1.0,60.01,SP
bac44fa8e13424950488659b5f765c41,19.9,5.0,0.0,3.0,2016-10-04 22:43:33,2016-10-04 22:43:33,1.0,60.0,SP
bac692d6c0ed08467878018e6cc9c26c,477.0,4.0,0.0,1.0,2018-07-31 16:21:04,2018-07-31 16:21:04,1.0,54.08,SC
bacb1f0ed56ad24198f5810d2b3fe9a5,7159.35,4.0,0.023255813953488372,3.186046511627907,2017-04-30 21:10:28,2018-01-17 22:58:43,8.733333333333333,54.47,SP
baeda7047354773262ba2405f97038ba,35.0,5.0,0.0,1.0,2017-09-30 07:55:03,2017-09-30 07:55:03,1.0,60.01,SP
baf15155e37ef5492731459bdc05be8a,47.0,5.0,0.0,1.0,2017-03-16 11:18:01,2017-03-16 11:18:01,1.0,60.01,SP
bafc5aa11e413978be29040f51342e70,1679.55,3.7777777777777777,0.1111111111111111,3.6666666666666665,2017-12-04 19:43:40,2018-01-25 09:28:33,1.7,49.61,MG
bb135baca94c82fcb731335ad5b04a03,1287.6,2.760869565217391,0.0,2.0,2017-01-21 06:58:31,2018-08-11 16:39:54,18.9,46.78,SP
bb2afe2061d53c6968aa0cffa233a8ec,549.4,4.833333333333333,0.0,2.3333333333333335,2018-05-09 17:11:55,2018-07-21 23:56:29,2.433333333333333,59.09,SP
bb3dca718920a4d7ec3cc9ffb025108b,108.0,2.3333333333333335,0.0,1.6666666666666667,2017-02-08 13:09:38,2017-02-15 17:55:10,1.0,44.02,SP
bb5bd94c8f59cc050072d2930c869cac,2743.76,4.052631578947368,0.10526315789473684,3.1052631578947367,2017-02-12 18:43:37,2018-06-08 09:43:52,16.0,51.61,SP
bb5d956dece964a06c12bceb66b923ae,1278.36,5.0,0.0,7.0,2018-01-21 15:52:24,2018-02-19 12:18:48,1.0,60.21,RJ
bb7a14e229b1c95156719c3d9552eeee,3190.1,4.181818181818182,0.09090909090909091,4.909090909090909,2017-10-09 08:49:32,2018-04-20 12:56:37,6.433333333333334,52.88,RJ
bb7ad8a45c027be8ab075b8e465f8ca0,19.98,5.0,0.0,2.0,2018-07-22 22:54:11,2018-07-28 13:17:15,1.0,60.0,SC
bba3293d6f5d5af2f415e004e8b93ae3,11702.1,4.294117647058823,0.058823529411764705,5.823529411764706,2017-09-02 21:01:18,2018-06-22 22:17:39,9.766666666666667,55.91,SP
bba74270a87732727b5a3b4fd9ac1c39,6001.59,3.8048780487804876,0.0,2.3902439024390243,2017-10-02 09:21:04,2018-05-31 13:18:45,8.033333333333333,53.81,MG
bba8d0c234a52b87b3957037a215d1a4,120.0,5.0,0.0,1.0,2018-05-04 19:24:09,2018-05-04 19:24:09,1.0,60.02,GO
bbad7e518d7af88a0897397ffdca1979,4502.12,3.0588235294117645,0.22093023255813954,1.755813953488372,2017-06-05 11:30:05,2018-08-06 10:55:03,14.2,42.46,SP
bbaff50f3b708fda865918715276cd87,495.7,4.823529411764706,0.11764705882352941,2.0,2017-03-15 11:20:40,2018-08-06 21:40:05,16.966666666666665,55.49,SP
bbd3acfe6de99892e73940d3fdceaf68,69.0,3.0,0.0,2.5,2018-08-18 15:57:06,2018-08-21 10:38:28,1.0,48.01,SP
bbe87dce25ba8b38bb61cc7210a3f10b,287.0,5.0,0.0,2.5,2018-05-11 10:13:31,2018-08-24 09:18:20,3.466666666666667,60.05,SP
bbf4a892cac7b82422baa711dffb8997,70.0,5.0,0.0,10.0,2018-06-11 11:35:34,2018-06-11 11:35:34,1.0,60.01,PR
bbf9ad41dca6603e614efcdad7aab8c4,7846.0,4.5,0.0,4.214285714285714,2017-02-05 17:07:34,2018-06-23 18:22:41,16.766666666666666,58.28,CE
bc07d855eac23aab5ac8a120f21d16b2,1283.1100000000001,4.153846153846154,0.15384615384615385,2.6923076923076925,2018-03-08 19:38:25,2018-08-12 13:26:21,5.2,50.52,SP
bc2ac6b95e1accce9858528ee566c17e,2257.0,4.666666666666667,0.0,2.6666666666666665,2017-08-21 19:07:53,2018-05-21 17:38:06,9.066666666666666,58.37,SP
bc302730ea8cf49b5c74f579febb5bbf,2640.9,3.8181818181818183,0.09090909090909091,3.727272727272727,2017-08-07 12:44:28,2018-08-02 18:35:44,12.0,50.61,SP
bc30de0d71bd6260b936a026b5cf7200,392.37,4.666666666666667,0.0,1.6666666666666667,2018-04-11 16:10:27,2018-04-26 13:47:17,1.0,58.06,SP
bc39d8938f90a3a2b98193723ed59774,306.8,4.0,0.0,5.0,2018-04-26 21:37:53,2018-06-21 15:08:30,1.8333333333333333,54.05,SP
bc47d5d1490df2b36add65d733eafaba,1004.8,3.28,0.08,1.32,2018-01-11 15:08:00,2018-08-08 14:33:34,6.933333333333334,47.44,SP
bc503e244f187939d10c92a5c8e378ce,637.67,3.75,0.0625,1.1875,2017-04-04 13:46:04,2018-02-26 18:30:59,10.933333333333334,50.73,SP
bc8c8d665ec4664d286be0d521722b19,22.5,2.0,1.0,1.0,2018-08-06 15:03:53,2018-08-06 15:03:53,1.0,12.0,SP
bca9230d3bbb4efa51872bf605a2f1ad,117.57,4.0,0.2,1.0,2018-06-07 14:01:50,2018-08-27 23:30:28,2.7,48.02,SP
bcc9dd23e2a8bd8267cf92b19304a1b9,202.79000000000002,2.3333333333333335,0.6666666666666666,2.0,2018-01-19 23:31:34,2018-02-21 22:43:55,1.0666666666666667,24.03,SP
bccf933e006e9b94a6184af782963e77,4162.74,4.533333333333333,0.021739130434782608,2.5217391304347827,2017-10-06 19:38:37,2018-08-21 15:13:19,10.6,57.23,SP
bcd2d7510d58e293f20fad6438c1b314,23.9,,1.0,1.0,2017-02-09 11:38:52,2017-02-09 11:38:52,1.0,,PR
bce6a5ecf98e99fd2a8868b15c51f04b,3594.9,4.1875,0.1875,3.6875,2018-06-02 10:10:55,2018-08-22 10:51:09,2.7,50.09,SP
bcf5566870987da7bc811fbc8c5b9fd9,96.0,1.0,0.0,1.0,2017-08-10 09:31:59,2017-08-10 09:31:59,1.0,36.02,SP
bd0389da23d89b726abf911cccc54596,7534.56,4.208791208791209,0.07692307692307693,1.8241758241758241,2017-03-13 19:41:54,2018-08-14 14:48:11,17.266666666666666,54.18,DF
bd0a1b0aadca9a83d9304f7e8ff5fbd5,150.6,4.5,0.0,1.25,2018-07-15 21:50:53,2018-07-29 20:39:20,1.0,57.02,SP
bd149ed516d4c5d418d5781f8e18919f,451.9,4.9,0.0,2.2,2017-10-31 14:13:14,2018-08-23 23:04:04,9.866666666666667,59.47,SP
bd15ee794d5e640d9dd71b665b2ab15b,374.79999999999995,4.0,0.16666666666666666,2.9166666666666665,2018-03-21 12:59:12,2018-08-14 11:46:06,4.833333333333333,49.06,SP
bd1d49a326abfa9b1036772e40445430,637.7,3.8461538461538463,0.07692307692307693,2.076923076923077,2017-11-07 22:51:11,2018-06-15 12:52:13,7.3,50.87,SP
bd23da7354813347129d751591d1a6e2,10714.1,4.010989010989011,0.043478260869565216,4.163043478260869,2017-07-17 11:44:41,2018-08-17 09:08:30,13.166666666666666,54.51,SP
bd43e172d599bed47a85da877172ca8c,23.92,5.0,0.0,4.0,2018-07-17 23:29:45,2018-07-17 23:29:45,1.0,60.0,SC
bd4431c1a8dfa744b59e1e2a8bc99b9e,809.5,4.571428571428571,0.0,2.857142857142857,2018-04-05 22:09:05,2018-08-14 12:35:00,4.333333333333333,57.56,RJ
bd4889b5e9133b35b66e42a8665cea5c,8293.4,4.54,0.0,3.0392156862745097,2017-04-08 19:30:11,2018-07-24 11:50:06,15.7,58.6,SP
bd4ff04377f974574f7f0bf9d6ce7dde,204.95000000000002,3.8,0.2,2.6,2016-10-05 17:14:27,2017-02-20 12:16:48,4.566666666666666,46.83,SP
bd65d163ded559eb90a10cd09fec178f,19.8,4.0,0.0,3.0,2017-08-21 10:31:19,2017-08-21 10:31:19,1.0,54.0,SP
bd697db56ff8e7c9cd1abeb7f72029b2,4809.67,4.03030303030303,0.0,2.0303030303030303,2017-02-12 12:32:38,2018-08-10 12:30:45,18.1,54.97,SP
bdae679a9b282249bc23b9b69dae9a99,663.15,3.5,0.0,6.833333333333333,2018-02-14 11:37:48,2018-08-13 12:13:40,6.0,51.11,DF
bdb3edbaee43a761e2d4f258dc08f348,259.5,3.8,0.2,3.4,2017-11-21 22:22:38,2017-12-18 11:50:01,1.0,46.84,SP
bdf0d02d36a1d839d0c39c4a887cdd49,120.0,5.0,0.0,2.5714285714285716,2018-01-07 18:31:16,2018-02-04 20:00:08,1.0,60.02,SP
be1e9e378700cecaa4ebf71433d7915c,119.89000000000001,3.0,1.0,1.0,2017-11-19 11:04:14,2018-01-22 17:08:00,2.1333333333333333,18.02,SP
be3b4b0f050a6aa1b2d901c4b77e979f,578.1999999999999,2.75,0.0,2.375,2018-04-26 09:05:59,2018-06-08 12:12:54,1.4333333333333333,46.59,PR
be67f78487e2cecb0d55bc769709e4f5,102.0,5.0,0.0,5.0,2018-03-23 17:06:29,2018-03-23 17:06:29,1.0,60.02,MG
be7a093e5b4d147b36b72bb1f9e415e5,60.9,5.0,0.0,1.0,2018-07-07 10:44:58,2018-07-07 10:44:58,1.0,60.01,PR
be8e909810184b9b19e886129149d8e5,629.85,3.7333333333333334,0.2,1.2666666666666666,2017-10-03 13:27:13,2018-05-13 13:20:54,7.366666666666666,46.5,SP
be9a160a9011f627c3e121d076c1ec7b,2934.0,3.5714285714285716,0.0,5.285714285714286,2017-03-26 11:36:32,2017-12-08 13:25:28,8.566666666666666,51.91,SC
beadbee30901a7f61d031b6b686095ad,4373.98,3.9411764705882355,0.23529411764705882,2.1323529411764706,2018-05-28 18:47:40,2018-08-22 09:16:14,2.8333333333333335,47.3,SP
bec568278124768c474ee90971ca94d1,219.9,4.5,0.0,5.0,2018-06-17 22:38:30,2018-07-30 19:24:57,1.4,57.04,SP
bede56095ba33c42038fb85f707b8a42,7097.9,4.666666666666667,0.0,6.333333333333333,2017-08-20 19:28:57,2017-12-17 09:15:37,3.933333333333333,59.16,SP
bee36b4f9a2b9fdcaff6ec05df202ed0,33.8,3.0,0.0,1.0,2017-02-11 17:06:41,2017-03-05 21:02:51,1.0,48.0,SP
bf00385a5f7fc1ef39a13c2e9ee50a5f,870.3,4.310344827586207,0.0,1.5517241379310345,2018-07-03 15:45:08,2018-08-27 19:59:06,1.8333333333333333,56.0,SP
bf0045791395e66460eb04749c68672a,179.7,3.6666666666666665,0.0,1.6666666666666667,2017-02-07 13:50:56,2017-03-15 21:04:08,1.2,52.03,SP
bf0d50a6410d487dc97d2baac0a8c0be,27.9,2.0,0.0,1.0,2018-05-09 14:14:06,2018-05-09 14:14:06,1.0,42.0,SP
bf100ecb7997df312b285358fb32f92c,1991.9,4.368421052631579,0.0,1.9523809523809523,2017-01-23 07:33:11,2018-02-04 20:43:44,12.566666666666666,56.54,PR
bf3c6d2a28b2b5501e6c15448982dcc9,3956.5,4.4186046511627906,0.023255813953488372,2.5813953488372094,2017-05-29 22:47:27,2018-05-09 12:03:22,11.466666666666667,56.46,SP
bf84056e679dbe9c69929847a40e338f,2077.73,3.707317073170732,0.07317073170731707,1.9024390243902438,2018-02-19 11:58:17,2018-04-29 13:50:30,2.3,50.39,SP
bf961104a38e01b9062ee026bb657dee,585.56,4.5,0.0,6.0,2017-02-02 13:51:50,2017-02-09 19:08:19,1.0,57.1,SP
bfd27a966d91cfaafdb25d076585f0da,21236.0,4.317073170731708,0.047619047619047616,3.261904761904762,2017-02-05 12:45:04,2018-07-02 10:01:40,17.033333333333335,57.95,SP
bfd938b22bc99bce1ae60dc602889f52,922.8000000000001,3.0833333333333335,0.0,3.6666666666666665,2017-01-22 21:50:07,2017-04-15 13:21:33,2.7333333333333334,48.65,RJ
bff9deb0ec77d437f3305a79cf25529e,161.95,4.0,0.0,1.4,2018-06-23 07:13:25,2018-08-16 22:31:19,1.8,54.03,SP
c003204e1ab016dfa150abc119207b24,25718.59,4.41747572815534,0.06763285024154589,2.6135265700483092,2017-10-18 23:51:56,2018-08-26 16:19:58,10.366666666666667,58.68,SP
c00396cbdd2e088fe4281baa5920aef1,832.4100000000001,5.0,0.0,6.0,2018-04-04 14:36:46,2018-04-04 14:36:46,1.0,60.14,PR
c004e5ea15737026cecaee0447e00b75,4700.0,1.0,0.5,10.0,2018-08-06 11:06:21,2018-08-10 00:17:59,1.0,21.77,SP
c0098efcf800861dcae589affca31408,1189.28,4.777777777777778,0.1111111111111111,2.4444444444444446,2017-12-06 18:59:33,2018-07-17 08:06:39,7.4,55.53,SP
c013e57c075a06e5b5c48ee03c525719,2052.53,4.170212765957447,0.0851063829787234,2.1702127659574466,2018-02-27 15:10:06,2018-08-26 19:04:05,6.0,52.8,SP
c026ef0d72e9132d9fa112308090c8dc,520.0,4.0,0.0,3.0,2018-08-05 11:38:06,2018-08-05 11:38:06,1.0,54.08,RJ
c03121937e54a93fcc1825c3098bbb6e,1043.0,5.0,0.0,2.857142857142857,2017-03-28 17:03:51,2018-05-03 20:52:38,13.366666666666667,60.17,PR
c04d70d515d15a7e3db3a73320598566,158.2,5.0,0.0,1.75,2017-05-24 22:17:27,2017-11-13 10:38:36,5.733333333333333,60.03,RJ
c0563dd588b775f2e37747ef6ad6c92c,3697.2000000000003,4.357142857142857,0.10714285714285714,3.6785714285714284,2017-02-28 15:22:46,2018-08-20 16:08:31,17.933333333333334,53.53,SP
c092292535a57dacd95a8765f5518f87,125.0,5.0,0.0,2.0,2018-07-05 16:07:58,2018-07-05 16:07:58,1.0,60.02,RJ
c0aff2da32c17759d30b22fb0af6649d,188.8,3.8,0.0,1.0,2018-06-11 13:15:42,2018-08-22 15:27:49,2.4,52.83,SC
c0e0b73d039eb9a99b6ce4cb7a429cd3,29.88,5.0,0.0,1.0,2018-06-15 15:53:06,2018-06-15 15:53:06,1.0,60.0,SC
c0e6839516f5398edc34adf5f1d53d1a,432.92,2.6666666666666665,0.0,4.666666666666667,2017-05-06 10:58:50,2017-08-12 17:39:56,3.2666666666666666,46.07,SP
c0f3eea2e14555b6faeea3dd58c1b1c3,79.99,5.0,0.0,1.0,2018-08-03 00:26:04,2018-08-03 00:26:04,1.0,60.01,SP
c0f783394e37cd9c9d7f5f81141450fa,249.39999999999998,3.6,0.0,2.3333333333333335,2017-11-10 13:49:38,2017-12-13 17:14:37,1.1,51.64,SP
c113b8df1fc375bc3d73d29c1b1144d1,333.0,4.2,0.0,5.8,2017-06-15 10:15:14,2017-08-02 16:17:16,1.6,55.25,SP
c12b92bf1c350f3e6bf88d3596219c86,4808.78,3.8823529411764706,0.058823529411764705,5.0,2018-05-01 14:15:31,2018-08-13 15:17:31,3.466666666666667,52.32,SP
c12d7463a579237ffb9248bd7cff378b,25.9,4.0,0.0,3.0,2016-10-06 13:16:56,2016-10-06 13:16:56,1.0,54.0,SP
c13ef0cfbe42f190780f621ce81f2234,390.0,3.0,1.0,1.0,2018-01-18 13:36:21,2018-01-18 13:36:21,1.0,18.06,SP
c13fb473e7cb8b83ccd543c094df0608,54.8,3.5,0.0,3.0,2017-01-30 22:18:53,2017-03-20 10:48:56,1.6,51.01,SP
c1552b1dab6e6f760950368ae61fb600,53.8,2.5,0.0,1.0,2018-08-22 14:24:54,2018-08-25 11:00:52,1.0,45.01,SP
c157bdeedcbc9a8e3c8bf0d87ff24428,514.27,4.5,0.0,2.1,2017-05-05 16:46:55,2017-08-20 12:22:14,3.533333333333333,57.08,SP
c161d1327ebc3a156c09582ab2f59f6c,52.99,3.0,0.0,1.0,2017-08-04 13:54:51,2018-02-09 16:25:56,6.3,48.01,SP
c18309219e789960add0b2255ca4b091,9.9,5.0,0.0,2.0,2017-12-05 13:49:27,2017-12-05 13:49:27,1.0,60.0,RJ
c1849d4d32d7a6cecd5aa471809d3135,388.98,4.333333333333333,0.0,2.3333333333333335,2018-08-04 12:56:08,2018-08-26 22:41:03,1.0,56.06,SP
c1d1ebb4745cc43cb6f05e9c8a705c9a,34.5,2.3333333333333335,0.3333333333333333,1.6666666666666667,2017-04-20 20:47:53,2017-11-18 02:39:31,7.033333333333333,34.01,SP
c1dde11f12d05c478f5de2d7319ad3b2,12.5,1.0,0.0,1.0,2018-08-19 18:13:40,2018-08-19 18:13:40,1.0,36.0,SP
c1ed9e3daf6154542826a6996af0fb8c,971.25,4.411764705882353,0.29411764705882354,1.4705882352941178,2017-08-15 20:57:47,2018-03-02 15:27:23,6.6,47.81,SC
c1f12f926d0ba950578b4fa41115cbb6,479.6,4.5,0.25,1.0,2018-02-24 12:00:07,2018-08-01 17:20:32,5.266666666666667,49.58,SP
c200c73f9d7e5a08ca439d6a0803da7c,40.0,1.0,0.0,1.0,2017-05-23 12:55:16,2017-05-23 12:55:16,1.0,36.01,PR
c240c4061717ac1806ae6ee72be3533b,59.9,4.0,0.0,4.0,2018-05-08 17:40:24,2018-05-08 17:40:24,1.0,54.01,RJ
c24173065483e421f9e5e7f599de101d,373.91,3.5555555555555554,0.1111111111111111,1.2222222222222223,2017-07-11 14:17:47,2017-11-24 14:46:52,4.533333333333333,48.06,SP
c26a2be5b53b7db6b276280da212a779,7482.0,2.7222222222222223,0.0,6.722222222222222,2017-08-08 13:37:37,2018-08-03 16:58:12,12.0,47.56,RJ
c26ba52cf8d2f34915f2f6b7ffa0a3f3,125.96,4.0,0.0,1.5,2017-12-10 22:31:27,2018-02-15 16:51:40,2.2,54.02,RJ
c273175f7c6c80fb02f051e2fc6d0d72,1313.22,3.6,0.06666666666666667,2.7333333333333334,2017-01-25 16:25:03,2017-07-20 11:33:01,5.833333333333333,49.81,SP
c286ec035ee04ba81c97508f0b5df544,787.0,3.0,0.0,3.3333333333333335,2017-05-12 22:47:15,2017-09-20 16:36:47,4.333333333333333,48.13,PR
c2bda99904207edd1834f03e0022b007,79.8,2.5,0.0,1.5,2017-08-11 11:42:45,2017-09-27 09:25:55,1.5333333333333334,45.01,SP
c2d70ce2c5d0a2eb75e78668236e6dc8,2470.9,4.666666666666667,0.0,3.2,2017-09-22 11:58:32,2018-08-27 23:12:55,11.3,58.4,SP
c31eff8334d6b3047ed34bebd4d62c36,13391.48,3.846774193548387,0.136,2.096,2017-11-25 11:48:45,2018-08-17 08:05:07,8.8,51.19,SP
c3251e13f1bbda6c74e37c160f991e19,437.79999999999995,5.0,0.0,6.5,2017-03-18 18:18:22,2017-05-26 16:15:49,2.2666666666666666,60.07,SP
c32fc744b9160ac853450488e3cfea93,215.6,2.0,0.0,1.25,2018-03-19 17:28:25,2018-06-06 22:51:55,2.6333333333333333,42.03,SP
c33847515fa6305ce6feb1e818569f13,16244.85,3.7142857142857144,0.045112781954887216,4.383458646616542,2018-05-09 20:36:26,2018-08-22 16:38:09,3.466666666666667,53.59,SC
c33a5c3c983090c8b78a28e65052a20d,768.9000000000001,4.363636363636363,0.0,2.8181818181818183,2018-01-15 10:28:06,2018-06-24 23:22:22,5.333333333333333,56.31,SC
c353f8fc0ce8344999f17d578eb69a5e,175.98,5.0,0.0,2.5,2017-01-23 07:23:50,2017-02-06 14:54:29,1.0,60.03,RS
c35672b10ad50968f567ea3f4b91e877,1150.57,4.454545454545454,0.045454545454545456,2.5454545454545454,2017-08-21 20:40:53,2018-08-04 16:27:58,11.566666666666666,55.55,RJ
c35affa65afd250151285c5917fc1c8a,5279.91,4.0,0.1111111111111111,8.444444444444445,2017-11-04 17:06:18,2018-06-25 11:15:35,7.733333333333333,51.53,SP
c360e4787614ed31ac7a2f95d3b22dc6,188.9,2.0,0.0,4.0,2018-06-13 09:32:06,2018-06-13 09:32:06,1.0,42.03,SP
c37b2059d4f90d4feead554e5246565e,839.3,3.75,0.4375,2.8125,2017-11-03 16:43:28,2018-07-02 20:39:32,8.033333333333333,39.51,SP
c3867b4666c7d76867627c2f7fb22e21,38621.4,3.8773234200743496,0.10661764705882353,2.988970588235294,2017-03-30 13:28:48,2018-07-09 00:04:47,15.5,56.38,SP
c394e193cda3b4225ff2094d32184849,3419.88,4.666666666666667,0.0,1.4166666666666667,2018-04-19 13:54:06,2018-05-20 09:53:33,1.0,58.56,SP
c398bc00a606d33758afd91f4e64fd15,150.0,4.5,0.0,1.5,2018-05-30 22:12:22,2018-06-28 14:33:53,1.0,57.02,RJ
c3aad7dc65449ae90a5e9c3c6c1e78e0,780.0,4.777777777777778,0.0,1.1111111111111112,2018-08-10 15:26:47,2018-08-23 00:23:11,1.0,58.79,SP
c3acdfac4e3e97ff87529454fbc03642,19087.0,4.230769230769231,0.07692307692307693,6.384615384615385,2018-03-24 13:40:27,2018-08-16 18:52:14,4.833333333333333,56.2,SP
c3cfdc648177fdbbbb35635a37472c53,45097.08,4.462962962962963,0.021538461538461538,2.7046153846153844,2017-01-27 17:16:40,2018-08-27 21:04:17,19.233333333333334,63.51,PR
c3e1abd72a42fe690fcd89cf5720fe29,1798.61,4.461538461538462,0.0,2.3076923076923075,2018-05-22 19:45:11,2018-08-13 13:36:58,2.7333333333333334,57.06,SP
c3e2398fcc7e581cda2e546557bf6968,14.9,5.0,0.0,1.0,2018-06-23 20:33:24,2018-06-23 20:33:24,1.0,60.0,SP
c3ee2331a724e6fc02c4b698b57a73f3,1347.0,3.0,0.0,9.333333333333334,2017-11-22 08:33:09,2017-12-02 09:45:39,1.0,48.22,SP
c3f5668699a1b04c0fa61ecea1e2bff6,407.81,5.0,0.0,6.333333333333333,2018-03-26 06:56:38,2018-08-02 20:20:53,4.3,60.07,PR
c3fe93ba3085f92855c97e57f38c8c05,245.0,5.0,0.0,1.4285714285714286,2017-06-08 18:45:48,2018-07-24 23:30:08,13.7,60.04,PR
c42fd8e4d47dfb18ce5222f2dd7752f9,466.99,4.0,0.45454545454545453,6.818181818181818,2017-02-13 11:10:57,2017-05-21 15:02:45,3.2333333333333334,40.44,SP
c43d924a0f1688ee9fae0efcd6f539d4,29.9,4.0,0.0,1.0,2016-10-09 23:50:37,2016-10-09 23:50:37,1.0,54.0,RJ
c447f8dd3ed213f291d65ef074a268eb,655.0,3.875,0.0,1.875,2017-02-06 00:25:15,2017-06-19 02:03:15,4.433333333333334,53.36,SP
c458e2045a8aa8964f8879af03fdcce6,529.9,3.3,0.0,2.0,2017-02-12 18:48:56,2017-05-05 12:35:47,2.7,49.89,SP
c4af86330efa7a2620772227d2d670c9,5396.0,4.333333333333333,0.0,10.0,2018-01-02 19:00:43,2018-06-15 20:46:53,5.466666666666667,56.88,SP
c4b911d06343b21dd906651f8101cb49,90.98,1.0,0.0,2.0,2017-11-08 19:49:12,2017-11-09 06:13:41,1.0,36.01,SP
c4d51195486dc781531876a7d00453d8,11468.98,3.9411764705882355,0.29411764705882354,4.0,2018-03-31 21:04:40,2018-06-05 00:43:11,2.1666666666666665,46.7,SP
c4f7fee5b0db50e87766f5a4d1b1b758,12100.88,2.9,0.0,3.6,2018-04-15 13:07:03,2018-07-12 12:14:56,2.9,49.38,SP
c4fabeea6e569d42d02993bb1f4f1cbc,959.2,4.0,0.08333333333333333,1.0833333333333333,2018-01-12 12:45:01,2018-08-07 15:42:52,6.9,51.66,CE
c4fb51fb1c5b7c07bc5e67be6e7e8f6e,1567.9,3.5,0.125,1.5625,2017-07-24 13:37:49,2018-08-12 18:23:47,12.8,47.51,PR
c500367424994318b9e779ff1ae9a330,4346.4,3.7777777777777777,0.1111111111111111,3.5555555555555554,2017-09-01 09:24:39,2017-12-01 16:51:00,3.033333333333333,50.04,SP
c510bc1718f0f2961eaa42a23330681a,16150.0,4.071428571428571,0.0,5.0,2018-04-17 11:10:00,2018-08-13 19:38:49,3.933333333333333,57.07,SP
c522be04e020c1e7b79f3acff36513d5,819.9200000000001,3.75,0.25,1.75,2018-04-23 01:40:58,2018-08-23 13:33:34,4.066666666666666,45.13,SP
c52c644cc0dc85121207a27013efc6af,397.8,5.0,0.0,10.0,2018-08-10 14:19:56,2018-08-10 14:19:56,1.0,60.06,MG
c53bcd3be457a342a97e39e5a9f0be22,509.5,3.2,0.0,6.0,2017-01-30 23:20:41,2018-07-22 20:44:34,17.9,49.28,SE
c542f5a8c64d973f30e9df8d06f70b4a,81.0,1.0,0.0,1.0,2017-01-18 09:52:32,2017-01-18 09:52:32,1.0,36.01,SP
c54679b132454625907c773d273d4126,1032.0,4.875,0.0,3.625,2018-03-27 14:16:24,2018-07-28 18:11:21,4.1,59.42,SP
c5e60e39c0f42b8e827daa13cff74afa,134.0,4.125,0.125,1.375,2018-08-15 16:58:08,2018-08-26 11:02:58,1.0,51.02,SP
c5ebe6598748b0aeaa61cfb820478b92,297.0,4.666666666666667,0.0,2.0,2018-07-04 22:19:41,2018-08-28 14:01:04,1.8,58.05,RS
c5f7e746b7e6d07def6c0dae9903279b,1429.0,4.454545454545454,0.0,3.090909090909091,2018-04-15 18:59:34,2018-08-22 22:36:53,4.3,56.96,PR
c5f7feb04a6a1fb3596322bfc3cf1917,1930.6,4.0,0.16666666666666666,3.25,2018-06-14 16:20:35,2018-08-17 09:07:53,2.1,49.32,SP
c60b801f2d52c7f7f91de00870882a75,13323.5,3.2093023255813953,0.18604651162790697,4.348837209302325,2018-01-27 19:13:48,2018-08-21 12:26:53,6.833333333333333,45.85,SP
c611f4ce9ce875bcc063fa97fd4d7d12,319.0,4.0,1.0,8.0,2018-07-31 14:42:55,2018-07-31 14:42:55,1.0,24.05,SP
c6218512d16fcac0af02fe92691cf274,729.0,4.111111111111111,0.1111111111111111,6.444444444444445,2017-04-11 13:00:12,2017-06-02 14:34:31,1.7333333333333334,51.45,MG
c6381b1321d7d97717a5bb4ed5b77882,66.0,3.6666666666666665,0.0,2.3333333333333335,2018-07-09 20:42:03,2018-08-09 23:19:46,1.0333333333333334,52.01,SP
c6381d2d013342748761e906d45aff76,2306.98,3.096774193548387,0.0,3.4193548387096775,2017-10-31 23:50:58,2018-07-25 01:12:50,8.866666666666667,48.96,RS
c64a2aec32cc408a8a4c6d7c46017f91,3608.25,3.9,0.0,4.6,2017-11-24 14:41:34,2018-02-14 17:51:11,2.7333333333333334,53.99,RS
c66dccfb3f109511246da627dd5a2498,12708.55,4.488888888888889,0.044444444444444446,5.355555555555555,2018-01-15 13:54:27,2018-08-24 16:32:04,7.366666666666666,57.68,SP
c679fb69a36e1d8349e8c50a217b4d58,1825.68,3.5625,0.17647058823529413,3.1176470588235294,2018-07-22 21:45:44,2018-08-20 15:12:17,1.0,46.38,RS
c68fb906c8f4b4b946d8386bfa6e5467,4741.05,4.54,0.0196078431372549,2.4313725490196076,2017-03-18 17:09:49,2018-07-30 17:46:46,16.633333333333333,57.43,SP
c6a7539d424a8402232c2228d7a03c5e,607.5,2.6,0.06666666666666667,4.133333333333334,2017-09-05 13:30:15,2018-05-22 22:39:03,8.633333333333333,43.7,SP
c6bda72e4dbf5c5866b13cb1810c6d03,14169.28,4.383333333333334,0.03333333333333333,3.783333333333333,2017-07-12 18:18:00,2018-08-23 18:06:57,13.533333333333333,57.62,SP
c70a353f02429c00775a46a75fb787da,434.5,4.090909090909091,0.0,1.6363636363636365,2018-07-17 18:27:15,2018-08-10 15:11:34,1.0,54.62,SP
c70c1b0d8ca86052f45a432a38b73958,38241.21,4.321937321937322,0.07909604519774012,2.7994350282485874,2018-04-06 17:12:41,2018-08-29 08:46:11,4.8,59.81,SP
c714262700f93defc16bf17a51a4cb23,421.8,3.75,0.0,4.75,2018-03-16 23:37:45,2018-05-15 00:50:44,1.9666666666666666,52.57,SP
c716e0b86ed568878475b60fbb6323ad,35.0,5.0,0.0,1.0,2018-03-26 13:11:28,2018-03-26 13:11:28,1.0,60.01,SP
c7246702dc991a06d788120dc7544391,54.86,5.0,0.0,1.0,2018-02-19 22:45:39,2018-02-19 22:45:39,1.0,60.01,CE
c72de06d72748d1a0dfb2125be43ba63,17522.0,4.454545454545454,0.0,5.363636363636363,2018-05-10 12:09:59,2018-08-18 14:50:45,3.3333333333333335,59.59,BA
c731d18cea9bf687ffee82a241c25b11,3791.0,4.0,0.0,4.185185185185185,2017-02-23 12:20:44,2018-08-27 12:39:11,18.333333333333332,54.62,SC
c747d5b92c7648417faea95d36d763e8,139.0,5.0,0.0,12.0,2017-11-24 22:46:55,2017-11-24 22:46:55,1.0,60.02,CE
c74f14c1e26cf1bd5bd34b6a1e274426,39.0,5.0,0.0,1.0,2018-01-27 19:05:19,2018-01-27 19:05:19,1.0,60.01,SC
c76d418370990614e89e956c7a7567d9,305.24,3.5,0.0,4.5,2017-08-11 14:51:35,2017-09-12 13:52:34,1.0333333333333334,51.05,SP
c79151301b9d90985d1fa52879213105,322.3,4.375,0.0,1.0,2017-11-18 11:32:47,2018-04-16 20:22:37,4.966666666666667,56.3,PR
c794dab4928dd97beb41d05514441e86,1312.3999999999999,4.375,0.125,3.3125,2017-12-08 09:46:41,2018-06-24 03:33:48,6.566666666666666,52.71,SP
c7a0a13cbcf29d5ce51c8f80afdc0b89,483.08,4.222222222222222,0.0,2.4444444444444446,2017-10-04 23:18:03,2018-08-08 23:12:35,10.233333333333333,55.41,SC
c7b7db6c8f3c64a7cc1afa634db21d50,1489.0,1.0,1.0,10.0,2018-03-11 10:27:45,2018-03-11 10:27:45,1.0,6.24,SP
c7bb64409aa480bb7d0335faaaf3d242,97.6,2.25,0.0,1.5,2018-06-23 16:04:00,2018-07-02 10:34:59,1.0,43.52,SC
c7c7b2682c648339a0e9846bb1023a39,168.0,4.666666666666667,0.0,3.6666666666666665,2017-10-12 23:15:50,2017-12-13 18:53:25,2.033333333333333,58.03,SP
c7dcd301ecfe5ab7f778ac172cf74be7,457.69,2.5,0.0,3.75,2016-10-04 12:06:11,2016-10-06 16:34:16,1.0,45.07,MG
c7fdb77fdbff3c41981bc52f787e959e,826.72,3.1333333333333333,0.13333333333333333,2.1333333333333333,2018-01-10 02:05:46,2018-07-21 19:34:46,6.4,44.93,SP
c8025364abeecb115431bf95c11a747f,928.0,4.5,0.5,5.5,2018-05-16 19:07:31,2018-08-09 20:57:18,2.8333333333333335,42.15,RS
c8143b3069f6746a77421b5ce30a450c,142.47,5.0,0.0,6.0,2017-07-02 13:10:36,2017-07-02 13:10:36,1.0,60.02,GO
c826c40d7b19f62a09e2d7c5e7295ee2,45741.51,4.045698924731183,0.08823529411764706,2.06951871657754,2017-08-27 13:02:01,2018-08-27 15:21:15,12.166666666666666,59.11,SP
c840d3fdbba0790404fdae73d253b253,4522.28,3.9285714285714284,0.0,4.5,2017-10-21 09:09:48,2018-06-29 12:41:16,8.366666666666667,54.31,PR
c8417879a15366a17c30af34c798c332,1767.9,4.0285714285714285,0.08333333333333333,1.4444444444444444,2017-02-22 10:49:34,2017-09-28 20:11:40,7.266666666666667,51.96,SP
c84592044b180dec206770c38603814b,511.94000000000005,4.2,0.0,1.3333333333333333,2018-02-28 14:53:09,2018-05-22 20:31:58,2.7666666666666666,55.28,SP
c8467937e403e76a8ee9f0ab13f6f5ef,1883.69,4.032258064516129,0.11764705882352941,1.7058823529411764,2017-09-21 15:17:42,2018-08-13 20:11:13,10.866666666666667,50.97,MG
c847e075301870dd144a116762eaff9a,15447.400000000001,4.022222222222222,0.08695652173913043,3.1739130434782608,2017-02-15 12:18:51,2018-01-10 11:38:12,10.933333333333334,54.05,MG
c85d7b477a709c85a1e8b8f25aa1b270,75.0,1.0,0.0,3.0,2017-06-28 21:28:34,2017-06-28 21:28:34,1.0,36.01,SP
c864036feaab8c1659f65ea4faebe1da,10883.9,4.590163934426229,0.03278688524590164,3.4918032786885247,2017-07-19 16:15:37,2018-08-09 16:23:03,12.866666666666667,58.34,PR
c8660dcf9ba70575f45d80fe28c27713,335.0,4.714285714285714,0.14285714285714285,2.142857142857143,2017-02-07 13:59:49,2017-03-20 20:31:35,1.3666666666666667,54.05,SP
c8665a4dd081a2c436b1cd921079d0d9,79.39,5.0,0.0,2.0,2018-06-18 12:48:25,2018-06-18 12:48:25,1.0,60.01,SP
c8771b1a10bb99bb34d3c459c5cffb53,64.9,5.0,0.0,2.0,2017-05-30 16:14:58,2017-05-30 16:14:58,1.0,60.01,SP
c878515173c84a492ebe50d6b493230b,1429.83,3.909090909090909,0.2727272727272727,3.909090909090909,2017-03-13 14:28:41,2017-11-15 20:16:54,8.233333333333333,45.51,PR
c87abc38c8ed3240861729e1aeadf221,133.0,1.0,0.0,1.0,2017-12-26 02:35:27,2017-12-26 02:35:27,1.0,36.02,SP
c88f62b4c386a59281014d677864d016,1099.0,1.0,0.0,1.0,2017-03-04 14:08:26,2017-03-04 14:08:26,1.0,36.18,PR
c89cf7c468a48af70aada384e722f9e2,765.0,4.0,0.06666666666666667,1.5333333333333334,2017-06-07 16:38:50,2018-08-06 14:31:24,14.133333333333333,52.12,RJ
c8b0e2b0a7095e5d8219575d5e7e1181,12788.19,4.089887640449438,0.06666666666666667,3.6333333333333333,2017-07-12 19:56:51,2018-08-17 12:03:54,13.333333333333334,54.63,SP
c8b3445d737de6befde0c88ede534a5e,3149.04,3.9722222222222223,0.027777777777777776,2.361111111111111,2017-11-17 10:26:28,2018-06-27 09:21:40,7.366666666666666,53.51,SP
c8c1bea22194a4eefa2dc9a9fa89f536,1266.0,5.0,0.0,6.0,2018-06-04 10:34:10,2018-08-03 10:20:22,1.9666666666666666,60.21,SC
c8cc60ffd415254af5d9b9f34f32c369,722.2,4.666666666666667,0.0,2.111111111111111,2018-06-05 19:11:38,2018-08-15 17:47:48,2.3333333333333335,58.12,SP
c8e135e7b21ecbc36c1153a29d2f5a06,1165.5,4.857142857142857,0.0,4.0,2017-02-01 14:39:07,2017-05-28 21:29:35,3.8666666666666667,59.33,SP
c963a25b8671419c6ce9eebe8fd03218,49.0,5.0,0.0,6.0,2018-05-01 01:28:38,2018-05-01 01:28:38,1.0,60.01,RJ
c97aa4ee7420f937da13b7f9e2228b99,29.9,1.0,0.0,1.0,2018-08-17 20:47:06,2018-08-17 20:47:06,1.0,36.0,RS
c990d6cf976a5718aaedc539f383ab88,248.6,3.357142857142857,0.2857142857142857,1.2142857142857142,2017-10-05 15:37:40,2018-01-20 17:59:58,3.566666666666667,41.61,SP
c9a06ece156bb057372c68718ec8909b,4768.8,3.0,0.0,3.6666666666666665,2016-10-05 14:36:55,2017-02-28 12:49:50,4.833333333333333,48.78,DF
c9aafcd0621b2207c10e32c649cada4d,3093.25,4.072727272727272,0.07272727272727272,2.1636363636363636,2018-07-14 21:25:42,2018-08-12 12:13:28,1.0,52.76,SP
c9c7905cffc4ef9ff9f113554423e671,11023.15,4.13986013986014,0.11888111888111888,1.9090909090909092,2017-06-02 09:41:21,2018-08-21 19:49:49,14.833333333333334,53.07,SP
c9d2ba8dde44a275ae06475ed1d2fafc,28.79,5.0,0.0,1.0,2017-02-06 00:33:42,2017-02-06 00:33:42,1.0,60.0,MG
c9e5ad1f6647f5dbd1172adf6ae3cada,259.03,4.75,0.0,1.0,2017-10-23 22:10:42,2018-06-09 01:16:23,7.6,58.54,RS
ca3bd7cd9f149df75950150d010fe4a2,10125.05,3.76056338028169,0.02112676056338028,2.2464788732394365,2017-01-25 11:32:02,2018-08-06 17:47:40,18.6,53.58,SP
ca4b77513ac2040591b0d8fae6958380,1772.45,4.466666666666667,0.2,4.266666666666667,2018-07-15 13:52:04,2018-08-22 10:28:17,1.2333333333333334,51.09,SP
ca5832c6960267b71041f74bb39e8b12,79.9,1.0,1.0,4.0,2017-06-19 17:11:51,2017-06-19 17:11:51,1.0,6.01,SC
ca77545ca4d2dfd1431bf61334e2fa3c,760.0,4.8,0.0,1.7,2018-01-02 09:37:13,2018-04-24 15:34:22,3.7333333333333334,58.92,PR
ca7c6bd577e559472af1c699de9e764e,148.0,4.0,0.0,1.0,2018-03-22 11:49:41,2018-04-04 13:47:39,1.0,54.02,SP
caa9bc43a9fe8cf9c564ddd8a03cc4a6,803.87,4.6923076923076925,0.07142857142857142,2.142857142857143,2018-04-16 13:04:33,2018-08-27 18:50:06,4.433333333333334,56.14,SP
cab85505710c7cb9b720bceb52b01cee,12092.9,4.304545454545455,0.02262443438914027,2.1357466063348416,2016-10-08 04:01:53,2018-08-28 11:26:02,22.966666666666665,57.13,SP
cac4c8e7b1ca6252d8f20b2fc1a2e4af,4970.06,3.4361702127659575,0.24210526315789474,2.5473684210526315,2016-10-08 17:43:26,2018-08-16 04:29:53,22.533333333333335,44.17,SP
cac4e0bc1a3269fa2b6ea5e763f6115b,57.88,5.0,0.0,1.0,2017-11-26 20:39:49,2018-03-27 05:53:39,4.0,60.01,SC
cac63f48c38cd7d002a7e846dcd99a23,963.9000000000001,4.818181818181818,0.0,2.3636363636363638,2017-11-27 22:26:08,2018-08-18 19:39:10,8.766666666666667,59.07,SP
cac876b37d3abcd6bd76caca30277996,2712.57,4.5588235294117645,0.14285714285714285,3.142857142857143,2018-02-13 12:38:05,2018-07-26 13:09:26,5.433333333333334,53.51,PR
cad10cc982ab6a391570c211b995c17c,47.4,5.0,0.0,3.0,2018-04-22 12:03:21,2018-04-22 12:03:21,1.0,60.01,SP
cad9969167c09b48ae6f1d123f7fa68d,43.2,3.0,0.0,1.0,2018-07-24 10:56:17,2018-07-31 21:45:27,1.0,48.01,MG
cb0b3bcf14e0a709df412a99424a59d7,460.0,4.5,0.0,5.5,2018-04-05 22:53:51,2018-04-16 17:46:55,1.0,57.07,SP
cb162c8eef257253782d245c08d9097c,34.99,5.0,0.0,1.0,2017-11-19 20:37:11,2017-11-19 20:37:11,1.0,60.01,SP
cb32766839f443db85c82a43c4a6c19e,234.0,3.0,0.0,3.0,2017-02-10 15:43:45,2017-02-26 16:03:49,1.0,48.04,SP
cb3dd9ce66268c7a3ca7241ac70ab58c,3169.69,4.186440677966102,0.06779661016949153,2.610169491525424,2017-02-07 01:47:42,2018-04-23 21:42:34,14.666666666666666,53.6,SP
cb41bfbcbda0aea354a834ab222f9a59,4002.0,3.3333333333333335,0.3333333333333333,6.75,2017-11-28 09:10:12,2018-07-06 16:21:43,7.333333333333333,40.65,SP
cb4a705d00e100b9732d0ca34817d441,998.0,1.0,0.0,10.0,2017-11-24 22:07:05,2017-11-24 22:07:05,1.0,36.16,SC
cb5df0dcb9e280b1780e9d589889f2c7,3032.71,2.5789473684210527,0.1,3.6,2017-01-29 14:57:59,2017-06-14 17:06:33,4.533333333333333,42.97,SP
cb5ff1b9715e99589f3e0c7a6afab9e3,85.0,4.0,0.0,1.0,2018-08-02 12:05:14,2018-08-21 15:22:16,1.0,54.01,PR
cb6c9f5888a7a090c75beaf615925792,779.8900000000001,3.8181818181818183,0.09090909090909091,2.6363636363636362,2018-04-30 06:31:44,2018-08-19 19:12:14,3.7,50.31,ES
cb810bd318f51b3dc3c753944d61a1fa,1750.0,4.0,0.0,10.0,2018-08-16 15:02:31,2018-08-16 15:02:31,1.0,54.29,RJ
cb8bcce248bb1fb274ba762d8b971456,9542.1,4.214285714285714,0.014285714285714285,2.7857142857142856,2017-01-26 00:16:29,2018-08-18 06:29:22,18.966666666666665,56.42,MG
cb9fb4ca75d7ba8437480e8dde64fe98,532.14,4.0,0.0,2.3,2017-06-07 16:32:26,2017-10-11 09:41:39,4.166666666666667,54.09,SP
cbbd5ae8f53de5f5097cd8217b529e24,351.8,2.5,0.0,3.5,2017-02-10 21:37:36,2017-02-12 00:02:36,1.0,45.06,SP
cbd996ad3c1b7dc71fd0e5f5df9087e2,8707.48,4.0717948717948715,0.10194174757281553,2.1067961165048543,2017-02-15 21:50:37,2018-08-27 22:12:59,18.6,52.8,SP
cbf09e831b0c11f6f23ffb51004db972,1535.2,4.4,0.0,4.7,2018-05-03 11:21:25,2018-08-21 17:40:41,3.6666666666666665,56.65,SP
cc1f04647be106ba74e62b21f358af25,11.9,1.0,0.0,1.0,2018-06-22 12:48:41,2018-06-22 12:48:41,1.0,36.0,SP
cc3d14116804f7209f3884f6367f1152,6096.8,4.705882352941177,0.029411764705882353,3.8823529411764706,2017-05-03 21:07:12,2018-08-21 16:40:15,15.8,58.35,PR
cc419e0650a3c5ba77189a1882b7556a,110821.27,4.050928381962865,0.05916534601162177,2.6561014263074485,2017-01-31 17:15:33,2018-08-27 16:12:22,19.066666666666666,70.65,SP
cc5a78bbad32776dc4e3af205218368c,4269.18,4.473684210526316,0.02631578947368421,4.2631578947368425,2018-05-08 13:49:19,2018-08-24 02:24:29,3.566666666666667,56.75,MG
cc63f0dd2acba93ffed4fe9f8e0321fa,7096.71,4.0476190476190474,0.0,2.888888888888889,2018-05-10 14:37:54,2018-08-24 09:17:45,3.5,55.45,SP
cc80e2f693fa6e2408f47ccf62413fc1,420.0,4.0,0.0,3.0,2017-11-27 17:51:39,2017-12-01 16:49:36,1.0,54.07,PR
cca3071e3e9bb7d12640c9fbe2301306,69254.15,3.816742081447964,0.05432372505543237,3.4190687361419068,2016-10-03 22:06:03,2018-08-22 22:53:19,22.933333333333334,62.59,SP
ccada0ef508e698917a6eab263375905,172.8,3.6666666666666665,0.0,2.0,2017-07-13 09:44:51,2017-10-05 17:01:01,2.8,52.03,PR
ccb83a794700270fde70898fe9ff368b,15907.0,4.529411764705882,0.11764705882352941,4.176470588235294,2017-02-21 21:50:47,2017-08-06 13:09:40,5.5,56.25,SC
ccbd753e6863fe7314dc6c0ca5a074e7,495.0,4.0,0.0,6.0,2018-08-12 20:58:54,2018-08-12 20:58:54,1.0,54.08,SC
ccc4bbb5f32a6ab2b7066a4130f114e3,75794.31999999999,4.290816326530612,0.07106598984771574,4.786802030456853,2017-01-07 13:29:22,2018-08-21 20:53:43,19.7,66.01,PR
cce6ab8d1682639fe45ab70234f1665f,2757.6,4.375,0.06944444444444445,2.388888888888889,2017-05-31 17:06:39,2018-07-15 10:32:58,13.633333333333333,54.62,SP
ccf8813e5a7d6c84d865cd38bfc2b130,2733.5,4.407407407407407,0.07407407407407407,2.925925925925926,2017-08-30 15:25:39,2018-08-23 09:27:52,11.9,54.67,SP
cd06602b43d8800bd0afad514919d35c,2666.56,3.719298245614035,0.03508771929824561,2.543859649122807,2017-01-26 11:48:46,2018-08-04 16:19:07,18.5,51.7,SP
cd2169d9f31ff6fbb9ca3373b0c9e354,569.0,4.0,0.0,6.0,2018-06-15 11:46:28,2018-06-15 11:46:28,1.0,54.09,RJ
cd233f8bfa30ebfd651f47ee7d054951,79.9,5.0,0.0,2.0,2018-08-19 11:28:23,2018-08-19 11:28:23,1.0,60.01,SP
cd3d09fbe6e3e9ff0c0ac0c300e93ae7,745.01,4.0,0.07692307692307693,1.8461538461538463,2018-06-27 12:13:43,2018-08-18 12:18:56,1.7333333333333334,51.81,SP
cd52a8efd71af3336b14b5039b951cc1,170.8,2.3333333333333335,0.0,3.6666666666666665,2017-09-11 15:20:28,2017-11-25 01:15:04,2.466666666666667,44.03,SP
cd68562d3f44870c08922d380acae552,19890.7,3.9225352112676055,0.22377622377622378,2.7902097902097904,2017-04-16 19:48:10,2018-06-15 23:27:00,14.166666666666666,50.07,SP
cd6efc47efaabf134f8bdb654e10b4f1,4158.55,4.5,0.09375,4.09375,2017-11-13 08:04:09,2018-08-15 14:18:13,9.166666666666666,54.87,RJ
cd843d4cf8ef32827de0396605163ba3,1915.0,3.8,0.0,5.8,2017-07-28 10:36:12,2018-08-13 16:25:25,12.7,53.11,MG
cda598c48d7c614bc1cad7d8ff6f0010,1118.6000000000001,3.9444444444444446,0.0,2.1666666666666665,2018-03-17 21:11:23,2018-08-15 10:36:56,5.0,53.85,SP
ce20a2ec1514c25e16f2b5b39bc818f0,287.0,4.857142857142857,0.42857142857142855,4.0,2018-06-01 14:12:09,2018-08-13 14:18:20,2.433333333333333,46.33,SP
ce248b21cb2adc36282ede306b7660e5,16309.83,4.220588235294118,0.10294117647058823,3.1176470588235294,2017-07-18 15:19:37,2018-08-04 12:12:10,12.7,54.9,SC
ce27a3cc3c8cc1ea79d11e561e9bebb6,11402.45,3.859060402684564,0.017341040462427744,2.5491329479768785,2016-10-04 12:53:17,2018-08-25 13:07:13,23.0,54.5,SP
ce33c6211beaa8fef4cae8b52db39862,49.0,3.0,0.0,1.0,2017-02-12 15:53:19,2017-02-12 15:53:19,1.0,48.01,SP
ce3ad9de960102d0677a81f5d0bb7b2d,158.0,5.0,0.0,3.0,2018-07-30 12:20:10,2018-07-30 12:20:10,1.0,60.03,RJ
ce4755084bc097113867e6454f8f5e52,18.9,5.0,0.0,1.0,2018-06-12 11:26:30,2018-06-12 11:26:30,1.0,60.0,SP
ce616e1913288884e7742faac9d981db,365.1,4.666666666666667,0.041666666666666664,1.5833333333333333,2018-05-19 20:17:34,2018-08-21 19:13:36,3.1,56.81,SP
ce69a8021d18961dd2a40269b7c2c293,4994.8,4.523809523809524,0.09523809523809523,3.761904761904762,2018-03-27 20:39:09,2018-08-20 19:34:29,4.833333333333333,55.1,PR
ce7d1888639e6fb06b2749cbfdac1ff7,12897.89,3.869565217391304,0.15217391304347827,3.652173913043478,2017-08-12 20:33:46,2018-08-18 13:33:20,12.333333333333334,50.76,MG
cea729054f157f5870bdd321a958d994,2542.0,4.172413793103448,0.034482758620689655,1.9310344827586208,2018-03-27 00:17:22,2018-08-13 13:59:20,4.633333333333334,54.42,SP
ceaec5548eefc6e23e6607c5435102e7,53132.18,4.153846153846154,0.05660377358490566,4.650943396226415,2018-01-18 21:47:52,2018-08-15 20:48:09,6.933333333333334,61.91,SP
ceb7b4fb9401cd378de7886317ad1b47,399.9,3.0,0.0,8.0,2017-08-25 17:50:50,2017-08-25 17:50:50,1.0,48.06,RJ
cecd97bc34ed8330bd4cd15713eda670,57.99,1.0,0.0,4.0,2018-08-13 17:09:30,2018-08-13 17:09:30,1.0,36.01,SC
cee48807215b30a12ca2ca10ffb5f250,7458.030000000001,3.761904761904762,0.14285714285714285,3.2142857142857144,2017-08-04 15:34:27,2018-08-21 12:20:32,12.7,49.5,SP
cf1313c6e2c01c2f4b014f97db4bcd2b,384.6,5.0,0.16666666666666666,2.1666666666666665,2018-06-15 15:55:16,2018-08-06 20:55:21,1.7333333333333334,55.06,RJ
cf2384dd2f1dddea3f838efed0945e65,2357.3,3.9444444444444446,0.0,2.7777777777777777,2017-03-09 20:28:23,2018-08-02 12:14:15,17.0,54.05,SP
cf281cf8b7affbdfe751b29cc85580e1,64.9,1.0,0.0,1.0,2016-10-06 13:38:39,2016-10-06 13:38:39,1.0,36.01,CE
cf654707ed6a99f112c7ec3d6f314b8b,756.0,4.75,0.0,6.75,2018-05-14 08:59:51,2018-08-14 21:18:48,3.066666666666667,58.62,SP
cf6f6bc4df3999b9c6440f124fb2f687,3.5,5.0,0.0,1.0,2017-05-01 18:58:54,2017-05-01 18:58:54,1.0,60.0,SP
cf8ab1616079e2793aa29d524df01bb1,14391.0,2.0,0.1111111111111111,8.222222222222221,2017-12-01 14:09:20,2018-03-09 00:37:23,3.2333333333333334,41.02,SP
cfa5ab0e4d3fc212fd0b3410e7081c62,7580.79,3.409090909090909,0.0,4.545454545454546,2017-10-15 16:50:20,2018-08-20 21:59:32,10.3,51.69,MG
cfb1a033743668a192316f3c6d1d2671,14031.34,3.995049504950495,0.09359605911330049,3.6945812807881775,2017-02-01 09:12:31,2018-08-10 23:06:33,18.5,53.46,SP
cfd7ddab722b902f7ac5b5f3ba6d723d,3408.93,4.571428571428571,0.0,3.642857142857143,2018-06-07 18:54:10,2018-08-02 20:52:16,1.8666666666666667,57.99,MG
cfe94489ddd337d1e29e12f2a7205d10,2475.0,4.12,0.2,2.2,2018-02-26 18:44:28,2018-08-22 18:20:04,5.866666666666666,49.12,SP
d03698c2efd04a549382afa6623e27fb,17373.01,4.642857142857143,0.03571428571428571,4.321428571428571,2016-10-07 22:46:51,2018-07-31 20:19:04,22.033333333333335,59.63,BA
d05ae8f7a5bd1d2a690a44cd079e4e27,13628.0,3.753086419753086,0.08536585365853659,3.3902439024390243,2017-04-22 16:02:43,2018-08-18 12:25:09,16.066666666666666,52.19,RJ
d06d019f72a04e5497a0b64190af170c,2415.93,4.529411764705882,0.058823529411764705,4.294117647058823,2018-03-28 11:15:26,2018-08-21 17:00:16,4.866666666666666,55.81,SP
d0d70d21e2234dd7cd3cf63fe414148a,882.8,4.133333333333334,0.0,2.533333333333333,2018-06-28 00:41:07,2018-08-15 20:43:17,1.6,54.94,PB
d101c6da914ae3d53f7bee42283f2fe2,1384.1000000000001,4.0,0.05263157894736842,6.2631578947368425,2016-10-05 08:46:55,2017-05-30 09:27:49,7.9,52.65,SP
d12c926d74ceff0a90a21184466ce161,4492.54,4.045045045045045,0.009009009009009009,2.3333333333333335,2016-10-06 23:21:10,2018-05-13 22:20:16,19.433333333333334,54.73,SP
d13e50eaa47b4cbe9eb81465865d8cfc,7319.44,4.816901408450704,0.19718309859154928,2.211267605633803,2018-08-04 09:09:37,2018-08-28 10:00:01,1.0,54.18,SP
d149de2f383552baea37a7198c2296ce,320.70000000000005,5.0,0.0,2.0,2018-08-20 21:01:51,2018-08-27 17:18:42,1.0,60.05,SP
d1582f4043306e6b91afa6a8a884f898,990.0,4.111111111111111,0.1111111111111111,1.1111111111111112,2017-11-20 11:47:02,2018-02-12 20:28:01,2.8,51.49,SP
d17f467e4bf608a510c20d82f4ba3b6b,3021.66,4.0,0.16666666666666666,4.416666666666667,2018-07-17 20:23:27,2018-07-31 20:20:14,1.0,49.49,RS
d180e07dc1e58c31c3f0cd599dc4d945,58.8,3.0,0.0,5.0,2018-01-26 14:08:25,2018-01-26 14:08:25,1.0,48.01,MG
d197aa8fbc64087f61984deef05f6227,519.09,4.714285714285714,0.0,1.2857142857142858,2018-05-16 21:36:57,2018-08-21 13:46:22,3.2,58.37,SP
d1a1b40ec554c593a1a99366746289dd,49.7,2.0,0.0,6.0,2017-01-26 23:11:32,2017-01-26 23:11:32,1.0,42.01,PR
d1a5cc844736958c11b8efab9a2b4c87,237.6,1.0,1.0,5.0,2017-10-23 13:04:06,2017-10-23 13:04:06,1.0,6.04,PR
d1aa1ec0839dcab73a6161130eb1f94a,119.9,4.0,1.0,1.0,2017-04-19 10:20:51,2017-04-19 10:20:51,1.0,24.02,PR
d1b65fc7debc3361ea86b5f14c68d2e2,13170.87,4.558139534883721,0.046511627906976744,4.488372093023256,2017-03-28 09:00:00,2018-06-06 20:01:45,14.5,58.11,SP
d1b9d4be4b6f9ebd85f8acd6745ba612,1154.35,4.181818181818182,0.0,2.8181818181818183,2017-10-11 14:49:49,2018-08-21 17:03:40,10.466666666666667,55.28,MG
d1c281d3ae149232351cd8c8cc885f0d,29300.39,3.83011583011583,0.08045977011494253,4.134099616858237,2017-02-14 23:12:30,2018-08-16 18:04:47,18.233333333333334,55.36,SP
d1c7fa84e48cfa21a0e595167c1c500e,1156.03,4.333333333333333,0.0,2.0,2018-03-24 18:25:24,2018-07-23 15:59:52,4.0,56.19,RS
d1e2fe627180431ffda076abb303c56f,578.0,1.0,0.0,4.5,2018-03-23 20:22:36,2018-03-23 20:22:36,1.0,36.09,RJ
d1ef48b38baca7e831711c4a0aeb398f,1469.1200000000001,4.428571428571429,0.11428571428571428,2.085714285714286,2018-02-23 12:26:34,2018-07-25 21:14:25,5.066666666666666,53.38,PR
d20b021d3efdf267a402c402a48ea64b,4345.0,3.6194690265486726,0.15789473684210525,2.43859649122807,2017-02-26 15:43:16,2018-07-30 00:59:02,17.266666666666666,47.69,SP
d23019c84ffae2d5ef2270367b8605fc,29205.1,4.410256410256411,0.02564102564102564,4.923076923076923,2017-10-10 10:47:08,2018-08-22 19:54:03,10.533333333333333,60.47,PR
d2374cbcbb3ca4ab1086534108cc3ab7,23816.56,3.625180897250362,0.04721030042918455,2.456366237482117,2017-02-10 15:36:37,2018-08-21 11:28:41,18.533333333333335,54.23,SP
d2572f31e9023e9850ef986a636ff9bf,279.0,5.0,0.0,5.0,2017-03-25 12:28:48,2017-03-25 12:28:48,1.0,60.05,MG
d25aa0aaacb370e912f8cf6efeba38b3,2772.34,4.545454545454546,0.045454545454545456,4.2727272727272725,2018-03-11 12:49:14,2018-08-14 19:44:00,5.2,56.36,SC
d263fa444c1504a75cbca5cc465f592a,399.0,5.0,0.0,1.0,2018-07-24 09:46:27,2018-07-24 09:46:27,1.0,60.06,SP
d26aa40b90272d4843d63be7c1462c8d,152.9,4.5,0.0,1.0,2018-07-11 20:15:42,2018-08-01 12:43:05,1.0,57.02,SP
d297f1055de2956aedfd3b04113dce3e,54.3,4.0,0.0,1.0,2018-08-20 22:00:09,2018-08-20 22:00:09,1.0,54.01,SP
d29ba1220fb8634fa3a107e54497b8a4,724.94,3.2222222222222223,0.0,3.4444444444444446,2018-04-15 17:04:07,2018-08-15 21:17:21,4.066666666666666,49.45,SP
d2df77822373f19934e87694d8640767,155.9,3.0,0.0,1.5,2018-04-18 19:29:53,2018-04-26 10:46:49,1.0,48.02,PR
d2e753bb80b7d4faa77483ed00edc8ca,1389.7,3.625,0.0625,3.6875,2017-10-06 16:05:51,2018-05-18 00:35:08,7.433333333333334,50.1,BA
d2f3e277560ed4c6361284429b00f037,404.35,4.777777777777778,0.0,1.0,2017-07-08 11:34:46,2017-10-08 13:26:33,3.066666666666667,58.73,SP
d32e3909cfb714fb2a6cb092c85b9c5f,3924.6,3.357142857142857,0.35714285714285715,2.857142857142857,2017-08-10 17:08:10,2018-04-25 10:36:34,8.566666666666666,40.07,SP
d354c38a7182125a748cb10474fe963b,1610.33,4.315789473684211,0.05,2.75,2017-05-02 17:07:34,2018-03-16 17:44:05,10.6,54.66,RJ
d3674f271c91f824f82d24d92011f669,1758.2,3.9523809523809526,0.09523809523809523,2.9047619047619047,2017-07-07 13:26:33,2018-08-12 20:53:01,13.366666666666667,51.14,DF
d36b07fd3c5088e477a72d1fccfe29d4,328.9,5.0,0.0,6.0,2017-05-06 11:20:18,2017-05-06 11:20:18,1.0,60.05,SP
d379f449f2a3b271bc01c0782020f705,4652.85,3.875,0.0625,3.46875,2017-01-28 13:23:50,2018-08-22 10:48:54,19.0,52.14,MG
d3891911c2feae53c52fea2bd14054e5,141.0,5.0,0.0,3.0,2018-06-04 19:02:10,2018-06-19 14:14:49,1.0,60.02,SP
d3dcf0604eabf0224fbd5948b5e02f69,3451.2999999999997,4.0,0.3,4.0,2018-02-15 08:09:22,2018-07-27 15:54:52,5.4,45.56,SP
d3e7d37c0df9aef383f3f2a15b0dddfb,161.0,5.0,0.0,3.0,2018-07-22 11:50:22,2018-07-22 11:50:22,1.0,60.03,PR
d3f39f05462b79a4562d35893a28f159,2459.2,3.41025641025641,0.1282051282051282,2.41025641025641,2017-06-21 18:27:41,2018-06-17 02:25:02,12.0,47.02,SP
d4828feed4cda2cd9d6b37899a95a71e,39.9,2.0,0.0,2.0,2018-08-07 00:33:24,2018-08-07 00:33:24,1.0,42.01,CE
d4910f1cdcfdabd48d6b316e395d4a23,1146.88,4.916666666666667,0.08333333333333333,2.5833333333333335,2018-07-30 13:01:12,2018-08-17 17:13:02,1.0,57.19,SP
d4a5e99e0dd915df64ba55a7fbd583fd,65.15,1.6666666666666667,0.0,1.0,2017-10-26 11:22:23,2017-10-26 22:55:40,1.0,40.01,SP
d4d99b60c4c94cd35acd502cec65dc8d,72.9,3.0,0.0,1.0,2016-10-09 12:13:58,2016-10-09 12:13:58,1.0,48.01,SP
d4e12e7884759a14fa0f5f896c791cae,1487.6,4.647058823529412,0.058823529411764705,2.323529411764706,2017-09-07 15:21:22,2018-07-23 08:06:43,10.6,56.36,SP
d4e4b5192cba4e0e66eb12a9d347239d,441.8,4.166666666666667,0.0,1.6666666666666667,2017-03-14 00:25:55,2017-11-06 22:21:20,7.9,55.07,PR
d4f117125b59ce73c3302f88ee40c458,883.27,4.842105263157895,0.0,1.8421052631578947,2017-12-05 19:02:08,2018-08-12 15:55:36,8.3,59.2,SP
d4f91e8be86b38da2ee35bc489645a9d,49.99,5.0,0.0,3.0,2016-10-08 09:50:08,2016-10-08 09:50:08,1.0,60.01,SP
d4ffeb15b67e81ff9af2b4252d99fb7e,1400.4,4.3,0.0,4.416666666666667,2018-04-26 13:43:04,2018-07-27 19:57:12,3.066666666666667,56.03,SP
d50d79cb34e38265a8649c383dcffd48,13427.380000000001,4.260273972602739,0.06756756756756757,3.4054054054054053,2016-10-08 15:02:10,2018-08-10 10:56:10,22.333333333333332,55.73,SP
d51e0a403fe2e689ece6c73359d96e12,7790.0,4.230769230769231,0.07692307692307693,4.384615384615385,2017-08-21 15:49:41,2018-07-25 11:49:46,11.233333333333333,54.35,SP
d52cbce9845184537284a23c3bc3da0e,75.0,5.0,0.0,1.0,2018-02-02 00:54:15,2018-03-02 10:30:09,1.0,60.01,SC
d558ebe531605a1285ab2b1bc3256dfb,709.0,4.666666666666667,0.0,4.666666666666667,2018-03-16 18:48:02,2018-06-09 18:56:00,2.8333333333333335,58.12,MG
d566c37fa119d5e66c4e9052e83ee4ea,5145.7,4.71830985915493,0.0410958904109589,2.26027397260274,2018-03-16 14:11:50,2018-08-26 19:39:08,5.433333333333334,57.92,SP
d57e18d5f73c7ccb7f7339b61166898d,3307.5,4.415384615384616,0.03076923076923077,1.8615384615384616,2017-09-10 12:54:36,2018-08-21 13:41:26,11.5,56.11,SP
d58d521f3789def2e7a22715e0badd93,65.98,3.5,0.0,1.0,2017-11-10 10:25:55,2018-03-20 12:08:39,4.333333333333333,51.01,SP
d594982fd877af63ace38ea1fca27c76,217.04,4.428571428571429,0.0,1.1428571428571428,2018-06-29 18:11:23,2018-08-21 11:11:03,1.7333333333333334,56.61,SP
d598f929fc44e1e38678e7f47250ec04,69.9,5.0,0.0,8.0,2018-06-22 10:43:09,2018-06-22 10:43:09,1.0,60.01,GO
d5b9a084373da994a6e37f732169a853,1769.0,3.5714285714285716,0.2857142857142857,5.714285714285714,2018-01-20 21:21:28,2018-05-07 22:23:50,3.566666666666667,43.15,SP
d5ba419e26d246a0719437cf37d9b46d,4649.4,3.8378378378378377,0.18421052631578946,2.526315789473684,2017-05-05 18:30:01,2018-08-22 10:44:46,15.766666666666667,48.26,SP
d5c530f4884a75ae0dba9c148718d278,302.88,2.9,0.1,1.7,2017-09-15 13:52:28,2017-11-28 14:56:51,2.466666666666667,44.45,MG
d624126b9206f595fb3fbb6ba03b28a8,7558.7,4.357142857142857,0.034482758620689655,4.655172413793103,2017-05-14 21:45:11,2018-08-16 19:27:59,15.266666666666667,56.34,PR
d63c73efd41eb002280e7ec831424edb,5598.0,4.0,0.0,3.5,2017-11-20 11:46:07,2018-05-29 14:21:11,6.333333333333333,54.91,SP
d63f306de130e0391d38a792541723b8,49.0,5.0,0.0,1.0,2018-08-20 10:09:33,2018-08-20 10:09:33,1.0,60.01,SP
d650b663c3b5f6fb392b6326366efa9a,20160.9,4.225806451612903,0.06451612903225806,5.661290322580645,2017-12-03 19:47:05,2018-08-13 22:51:49,8.433333333333334,56.72,SP
d65f31d2413268e671989503f6cf9993,488.8,1.0,0.0,1.6666666666666667,2017-02-07 17:57:14,2017-03-05 19:39:34,1.0,36.08,SP
d66c11a9572221d92fbb8c4897db5f9b,776.56,4.5625,0.0,1.9375,2018-06-23 22:12:28,2018-08-22 18:36:40,1.9666666666666666,57.5,RJ
d66c305afaec317ebee552073a674429,4916.36,4.395833333333333,0.020833333333333332,3.4375,2017-01-11 00:13:51,2017-05-19 18:41:40,4.266666666666667,56.55,MG
d673a59aac7a70d8b01e6902bf090a11,4066.13,3.943820224719101,0.0898876404494382,2.292134831460674,2017-10-31 18:03:11,2018-08-23 00:20:45,9.833333333333334,51.63,SP
d6ab728cf30867cf3f1a2e216ae2f9b7,2002.0,4.428571428571429,0.0,2.142857142857143,2018-03-12 09:49:18,2018-08-21 15:43:35,5.4,56.9,SP
d6b1ce66b035a475f00c017792ff9769,12502.4,4.169811320754717,0.07207207207207207,3.063063063063063,2018-03-17 14:39:25,2018-08-26 22:50:16,5.4,54.9,SP
d6b664fa0667064c6d76394e7848d790,6080.0,4.833333333333333,0.16666666666666666,5.333333333333333,2017-05-04 01:04:02,2018-05-16 12:19:35,12.566666666666666,54.99,SP
d6cd01c59123df02fc226eadbadb5f89,244.9,2.3333333333333335,0.0,1.6666666666666667,2018-01-11 23:07:22,2018-05-28 11:18:59,4.533333333333333,44.04,SP
d71d863e5ef30d94e440c11be17dcd8f,11900.9,3.242424242424242,0.08333333333333333,4.027777777777778,2017-10-15 20:06:58,2018-05-19 19:12:08,7.166666666666667,48.9,SP
d73cbd89533ce8b041a9190241453ac8,368.6,3.5,0.0,3.75,2017-03-23 12:31:36,2017-07-31 16:05:08,4.333333333333333,51.06,MG
d7485b33791774c36108f8c69602d48d,399.82,3.7,0.1,1.5,2018-04-06 12:25:07,2018-07-24 22:56:00,3.6333333333333333,49.26,PR
d7827b2af99326a03b0ed9c7a24db0d3,1455.0,5.0,0.0,10.0,2018-04-12 19:18:18,2018-04-12 19:18:18,1.0,60.24,SP
d79e8478eed9999493990b44955fb22e,721.89,4.0,0.2,3.0,2018-06-28 09:14:43,2018-08-19 12:33:05,1.7333333333333334,48.12,RJ
d7ab82074b5f1dfba46db123df101bff,38.67,4.333333333333333,0.0,2.6666666666666665,2018-01-03 23:46:30,2018-01-04 12:52:13,1.0,56.01,SP
d7b2377bae6ace1b11fc69a11900ac36,329.6,3.25,0.25,3.5,2017-08-31 18:00:12,2017-11-29 21:46:31,3.0,42.05,SP
d7d517afce974cd491b8d52bb5b5b1fc,89.99,4.0,0.0,4.0,2018-08-16 02:24:08,2018-08-16 02:24:08,1.0,54.01,SP
d7f1cfc638473be93baedbfd02208016,30.0,5.0,0.0,1.0,2018-07-19 01:00:07,2018-07-19 01:00:07,1.0,60.0,RJ
d85efbc8eff2b7adf524e2820569adc8,55.0,5.0,0.0,1.0,2018-05-12 22:49:25,2018-05-12 22:49:25,1.0,60.01,SP
d8b8f2cf9ff6ba0389072541cb42498c,149.0,5.0,0.0,9.0,2018-05-23 10:49:50,2018-05-23 10:49:50,1.0,60.02,GO
d8bf0fc082fd4a77fc2e5679b6c00133,139.9,5.0,0.0,4.0,2018-07-20 14:50:31,2018-07-20 14:50:31,1.0,60.02,SP
d8c7ba53e7e38711eaef8c2849d6d2e1,1307.87,4.521739130434782,0.0,2.739130434782609,2018-05-08 23:46:50,2018-08-21 06:58:44,3.466666666666667,57.34,PR
d8cf3b6a2151949f930d0252b180ec42,623.7,3.0,0.0,1.5263157894736843,2018-04-13 10:09:10,2018-06-21 11:12:14,2.3,48.1,PR
d8d9567d0bfb0bc7eb845a205ba42657,74.6,3.5,0.5,1.5,2018-03-28 22:20:31,2018-08-22 08:25:48,4.866666666666666,36.01,SP
d8dd176509baa37f359644d082bf7f7b,198.0,1.5,1.0,5.5,2017-11-16 13:02:20,2017-11-25 11:34:38,1.0,9.03,SP
d90fe2229fee1a5da999ccd0c06c1667,450.0,4.666666666666667,0.0,2.3333333333333335,2018-07-22 13:03:37,2018-08-08 19:23:00,1.0,58.07,SP
d91fb3b7d041e83b64a00a3edfb37e4f,42804.13,4.096830985915493,0.05944055944055944,1.7027972027972027,2017-02-07 23:53:13,2018-08-24 17:59:20,18.733333333333334,59.8,SP
d921b68bf747894be13a97ae52b0f386,16637.6,4.585365853658536,0.012195121951219513,4.5,2018-04-17 08:33:54,2018-08-22 10:59:51,4.233333333333333,59.87,MG
d93844a9c55ba7ce353388bcf849ea56,2888.4,4.266666666666667,0.13333333333333333,3.8666666666666667,2017-03-15 08:19:58,2018-04-29 09:43:34,13.666666666666666,52.07,PR
d93919c944be9cff128f6c9cb899eacb,2666.7000000000003,4.0,0.18181818181818182,1.878787878787879,2017-11-29 14:47:08,2018-07-24 14:38:19,7.866666666666666,48.98,SP
d93b8458c6fe139d85cfa5eadbf55bd2,19.9,5.0,0.0,1.0,2017-11-19 19:35:01,2017-11-19 19:35:01,1.0,60.0,SP
d9442042130b7fe579d1295f9f4a248f,772.16,4.2272727272727275,0.045454545454545456,2.6818181818181817,2017-04-23 00:17:47,2017-09-11 20:01:57,4.7,54.13,SP
d94a40fd42351c259927028d163af842,14210.8,4.072727272727272,0.035398230088495575,3.84070796460177,2017-07-22 07:12:13,2018-08-08 13:18:36,12.733333333333333,55.7,MG
d94ba08b99bedd6a5f6c875ecc4a6fac,599.0,4.8,0.0,3.0,2017-04-12 11:02:29,2017-07-27 10:15:39,3.5,58.9,PR
d97df38225e5abadaff1e72cb72b823c,1991.0,4.064516129032258,0.15151515151515152,2.242424242424242,2017-11-03 16:38:02,2018-08-08 17:25:12,9.266666666666667,50.17,SP
d98eec89afa3380e14463da2aabaea72,7328.44,4.2356020942408374,0.020833333333333332,1.96875,2017-01-18 08:01:37,2018-08-27 10:46:53,19.533333333333335,55.99,RS
d9a84e1403de8da0c3aa531d6d108ba6,1544.3999999999999,4.611940298507463,0.04477611940298507,1.8208955223880596,2018-02-22 15:13:31,2018-08-28 09:18:17,6.2,56.58,SP
d9b00a97818674c7f8d8b1ef0e689679,69.9,3.0,0.0,4.0,2018-08-14 15:26:06,2018-08-14 15:26:06,1.0,48.01,PR
d9bd94811c3338dceb4181f3dbc0c73e,6979.36,4.82258064516129,0.11290322580645161,2.7580645161290325,2018-05-01 12:25:50,2018-08-21 15:39:07,3.7333333333333334,56.69,SP
d9c349beabc06aa6ff1c6d68b5e9e22e,168.1,5.0,0.0,4.0,2018-04-30 16:52:39,2018-04-30 16:52:39,1.0,60.03,SP
d9cb0052a666de5308b32f32ad5f1b1c,231.89999999999998,3.6666666666666665,0.0,1.3333333333333333,2018-01-19 00:21:43,2018-05-15 22:07:28,3.8666666666666667,52.04,SP
d9cd369bffa979d1634f8e1318bf2f1b,678.0,5.0,0.0,5.666666666666667,2018-05-13 22:12:59,2018-08-10 11:02:08,2.933333333333333,60.11,SP
d9d43faf741ceaa8da52fdbb81d9e0e3,210.0,3.5,0.0,2.0,2018-04-05 11:22:54,2018-08-07 09:46:50,4.1,51.03,SP
d9e7e7778b32987280a6f2cb9a39c57d,722.5,3.1538461538461537,0.3076923076923077,2.4615384615384617,2018-01-10 14:42:48,2018-06-08 16:40:18,4.966666666666667,39.81,SP
d9e8c084b68fe958861d8f2c21202e6b,3050.0,4.166666666666667,0.0,1.0,2017-10-05 11:57:47,2018-07-20 16:14:47,9.6,55.5,SP
da03c298e3999e9d828591fc2179d109,787.7,4.8,0.0,4.8,2017-12-04 21:12:17,2018-02-28 16:31:10,2.8333333333333335,58.93,SP
da20530872245d6cd9d2f5725613c430,596.96,4.333333333333333,0.0,1.6666666666666667,2017-10-18 23:22:09,2017-10-26 23:51:35,1.0,56.1,RS
da2782c804606d2a5d8e1760dbb3e7ec,89.0,1.0,1.0,5.0,2017-11-26 00:47:01,2017-11-26 00:47:01,1.0,6.01,SP
da3fede3469bf49b7293ce3fc45b294d,44.9,5.0,0.0,4.0,2018-03-17 18:07:02,2018-03-17 18:07:02,1.0,60.01,SP
da4d149c0ddbac90557103ac0a0ec356,730.0,3.0,0.0,10.0,2018-08-20 12:37:54,2018-08-20 12:37:54,1.0,48.12,SP
da6a60cc8cc724fe51be021ff8be779c,728.79,4.769230769230769,0.0,2.6923076923076925,2018-05-21 21:49:53,2018-08-17 00:51:18,2.9,58.73,RJ
da7039f29f90ce5b4846ffc0fcc93beb,1259.1,4.555555555555555,0.05555555555555555,2.7777777777777777,2018-04-20 08:04:26,2018-08-18 09:47:18,4.0,55.87,SP
da8622b14eb17ae2831f4ac5b9dab84a,171784.57,4.071256038647343,0.06919374247894103,3.444043321299639,2017-02-05 21:46:05,2018-08-28 21:56:30,18.966666666666665,80.44,SP
dace965ca58120f92f8d742a9fa1864b,1611.0,4.666666666666667,0.0,4.0,2018-03-25 18:37:26,2018-05-19 16:18:30,1.8,58.26,SP
dadc51ef321949ec9a3ab25cd902e23d,85.0,1.0,0.0,9.0,2017-09-15 15:51:13,2017-09-15 15:51:13,1.0,36.01,SP
daeb5653dd96c1b11860f72209795012,2442.4,4.130434782608695,0.08695652173913043,2.0,2017-09-07 16:56:45,2018-08-10 15:03:50,11.2,52.57,MG
daf565f087a52def0fd5c5825b3661bc,813.9000000000001,3.625,0.1111111111111111,3.5555555555555554,2018-06-16 21:14:44,2018-08-22 12:44:03,2.2,48.55,SC
db1f0f7c7e5e87f40b62226f020bb297,59.01,4.666666666666667,0.0,1.3333333333333333,2017-04-03 18:04:29,2017-05-09 10:19:17,1.1666666666666667,58.01,PR
db2956745b3a8e9f3785c99f34b5d25e,8599.0,3.7291666666666665,0.10416666666666667,2.6458333333333335,2018-04-14 15:12:34,2018-08-10 23:54:45,3.933333333333333,50.66,SP
db4350fd57ae30082dec7acbaacc17f9,3390.19,4.135135135135135,0.040268456375838924,2.087248322147651,2017-03-06 19:45:34,2018-08-21 16:53:34,17.733333333333334,54.16,SP
db46ca7bce82b11f7e247539271fc390,933.97,4.5625,0.0,2.75,2017-03-21 10:42:25,2017-07-05 09:08:28,3.5,57.53,RJ
db6a4d4b5f1f5f98820ce6ce2619e2de,135.99,5.0,0.0,1.0,2018-01-08 16:50:16,2018-01-08 16:50:16,1.0,60.02,SP
db7ed69a53aa9fb1c01930ba54a88bbe,109.0,5.0,0.0,1.0,2018-06-22 18:52:53,2018-06-22 18:52:53,1.0,60.02,SP
dbb9b48c841a0e39e21f98e1a6b2ec3e,7463.12,4.233870967741935,0.04032258064516129,2.782258064516129,2017-01-11 10:24:36,2018-06-26 18:51:12,17.7,55.41,SP
dbbcfe2c8d026742134ac3e28ccde274,582.48,4.333333333333333,0.0,1.8333333333333333,2017-07-25 09:07:16,2018-06-06 10:11:30,10.533333333333333,56.09,PR
dbc22125167c298ef99da25668e1011f,37327.96,4.160676532769556,0.02109704641350211,2.8734177215189876,2017-04-09 13:43:53,2018-08-23 19:09:34,16.7,60.43,MG
dbc51f5e45d654ecc16cb68e6817ecea,199.99,4.0,0.0,2.0,2017-02-24 22:28:55,2017-02-24 22:28:55,1.0,54.03,SP
dbd66278cbfe1aa1000f90a217ca4695,5693.6,4.548387096774194,0.04838709677419355,2.161290322580645,2017-11-25 20:26:00,2018-08-23 00:09:30,9.0,56.77,SP
dbdd0ec73a4817971d962698f2fea022,6384.0,4.375,0.0625,3.6875,2018-04-30 11:04:32,2018-08-19 21:21:03,3.7,55.42,CE
dbec9a0a7efeff029d4d9dce7dc4cc95,1170.0,4.0,0.0,3.3333333333333335,2018-06-15 21:45:12,2018-08-14 18:15:54,1.9666666666666666,54.19,MG
dc120d932ddf9d4dfb6fd68beefda622,130.0,1.0,0.0,3.0,2018-04-25 09:00:27,2018-04-25 09:00:27,1.0,36.02,PR
dc317f341ab0e22f39acbd9dbf9b4a1f,19488.2,4.083333333333333,0.05,4.133333333333334,2017-01-16 14:04:11,2018-07-01 17:40:56,17.7,56.19,RS
dc4a0fc896dc34b0d5bfec8438291c80,26730.19,3.732851985559567,0.061371841155234655,3.888086642599278,2017-02-04 21:27:04,2018-08-20 12:55:19,18.7,54.93,SP
dc50afafdfa325eadc890c7fa42a8f4e,513.1,4.6,0.0,1.8,2018-06-25 16:10:17,2018-08-11 10:25:29,1.5333333333333334,57.68,PR
dc64d75cc406bb0697be983831430e60,813.0,4.75,0.0,3.75,2018-05-22 15:15:50,2018-08-16 09:41:52,2.8333333333333335,58.63,MG
dc7192adf8ba09569261f4a8d576afe0,917.0,3.625,0.0,4.125,2018-07-22 19:49:25,2018-08-22 18:50:34,1.0,51.9,SP
dc8798cbf453b7e0f98745e396cc5616,2475.2999999999997,3.081967213114754,0.04918032786885246,2.0655737704918034,2016-10-05 00:32:31,2017-11-20 21:36:39,13.7,47.42,SP
dcb7367a92f5ffb89f1e2152ed260285,79.9,5.0,0.0,2.0,2018-03-18 16:47:16,2018-03-18 16:47:16,1.0,60.01,SP
dcf3755cefcdc158ad0b7bdde51e871b,269.70000000000005,4.0,0.0,1.3333333333333333,2018-03-18 14:44:29,2018-08-11 10:48:51,4.833333333333333,54.04,RS
dd264199fc8b687ad029de7de6d760e6,87.9,5.0,0.0,1.0,2017-01-19 11:47:55,2017-01-19 11:47:55,1.0,60.01,PR
dd2bdf855a9172734fbc3744021ae9b9,11565.9,3.7304347826086954,0.049586776859504134,3.3388429752066116,2016-10-05 12:44:09,2018-01-03 10:05:57,15.133333333333333,52.79,MG
dd39ad39b5d3df33037e141c72497ba6,135.8,5.0,0.0,2.5,2017-05-03 10:35:16,2017-06-10 22:07:50,1.2666666666666666,60.02,SP
dd4d95ba2d15c071e6c695e2ef6ce169,2185.0,4.2,0.6,1.2,2018-07-08 17:12:30,2018-08-12 13:03:21,1.1333333333333333,37.56,ES
dd533b429f380718b70ad9922c294bae,2819.77,3.7333333333333334,0.1111111111111111,2.9555555555555557,2017-03-31 13:22:29,2018-03-07 10:43:39,11.333333333333334,49.53,SP
dd5450b022b2d00a2145a66331e1aef6,59.0,5.0,0.0,2.0,2018-06-29 12:16:28,2018-06-29 12:16:28,1.0,60.01,SC
dd55f1bb788714a40e7954c3be6df745,7081.66,3.8157894736842106,0.15789473684210525,3.3947368421052633,2017-11-10 09:22:13,2018-07-16 19:20:36,8.266666666666667,49.32,SP
dd58ee93286b0821565574c570e9e1dc,2948.0,5.0,0.0,5.5,2017-01-30 17:05:18,2017-05-06 15:22:18,3.1666666666666665,60.48,PR
dd7ddc04e1b6c2c614352b383efe2d36,9866.57,3.7483870967741937,0.16666666666666666,2.0448717948717947,2017-04-26 10:53:06,2018-07-25 15:40:35,15.166666666666666,49.1,SP
dd88d13bea9e4c2bf47daf224f8141e5,458.0,5.0,0.0,9.0,2018-04-10 23:09:48,2018-04-10 23:09:48,1.0,60.07,RS
dd8a29ce82d5c705ba932d81494600a5,205.75,3.5,0.0,3.0,2017-05-25 21:25:09,2017-09-01 16:13:42,3.2666666666666666,51.03,SP
dd9661d3cda1e6feb237f0c4d8b26f2e,174.0,5.0,0.0,6.0,2017-10-12 09:19:59,2017-10-12 09:19:59,1.0,60.03,SC
dda37071807e404c5bb2a1590c66326f,199.99,5.0,0.0,1.0,2018-04-24 08:37:20,2018-04-24 08:37:20,1.0,60.03,SP
ddd51ae8cda92f3995a51fc0f0f3eec7,842.6999999999999,4.6,0.0,2.16,2017-01-28 18:30:17,2018-01-16 20:24:56,11.766666666666667,57.74,RJ
dde698c6d0bd24834c586e5111c2bba7,155.9,5.0,0.0,5.0,2018-07-30 02:16:14,2018-07-30 02:16:14,1.0,60.02,RJ
de09d00cfc265b8804c7df34075a68fa,784.0,3.3333333333333335,0.0,4.666666666666667,2017-10-15 10:29:07,2018-05-07 15:48:42,6.8,50.13,SP
de0c78824586e9a5f5f04fd84e25df39,2489.3,4.4375,0.0,2.0625,2018-04-08 10:59:17,2018-08-03 14:39:54,3.9,57.03,SP
de23c3b98a88888289c6f5cc1209054a,27441.54,4.190476190476191,0.1164021164021164,3.0952380952380953,2017-05-05 14:21:17,2018-08-17 13:11:13,15.6,56.14,SP
de66a66f2dd06bb9ec37aa96987466a3,353.32,4.25,0.0,1.125,2016-10-10 11:08:53,2017-02-04 21:38:34,3.9,55.56,RJ
de722cd6dad950a92b7d4f82673f8833,56425.5,4.15625,0.038860103626943004,2.411917098445596,2018-01-09 15:59:12,2018-08-23 13:48:07,7.5,63.0,PE
de9727ca376d1be6ec121b110aa7954c,1058.7,3.75,0.08333333333333333,1.5833333333333333,2018-05-12 15:48:03,2018-08-15 08:52:48,3.1333333333333333,50.17,PR
deaadd805612bf94faaa9fa702516e11,50.0,1.0,0.0,2.0,2017-05-09 21:42:43,2017-05-09 21:42:43,1.0,36.01,SP
debe6615cd90cc0c2eac2b8988e1f628,278.5,4.6,0.0,1.4,2017-01-28 23:09:31,2017-03-20 19:58:27,1.6666666666666667,57.64,SP
dedcab67899479e4ea5dcc4eba47f587,84.0,4.5,0.0,1.0,2018-06-10 22:28:53,2018-08-17 17:59:38,2.2333333333333334,57.01,SC
dee656f0f566ed1aa85bd137c943f08f,6358.77,4.360824742268041,0.05102040816326531,2.1122448979591835,2017-10-10 19:29:16,2018-08-22 10:16:30,10.5,55.67,SP
df0f42bc4c2142eacf0eaf2cffd0cfbb,1654.0,4.0625,0.0,3.125,2017-11-19 21:30:09,2018-07-15 01:16:15,7.9,54.64,SC
df47da4ae86fa4db890d05aaf24e21d8,310.5,4.2,0.0,3.0,2018-07-23 17:57:33,2018-08-23 10:47:14,1.0,55.25,SP
df560393f3a51e74553ab94004ba5c87,4460.18,3.5384615384615383,0.05128205128205128,2.5128205128205128,2016-10-04 14:13:22,2018-03-10 21:24:16,17.4,50.42,PR
df56d7b40d437f88407c5f78b63bc328,2870.1800000000003,3.8461538461538463,0.038461538461538464,2.1538461538461537,2017-10-19 10:05:02,2018-03-28 11:26:34,5.333333333333333,52.39,PR
df683dfda87bf71ac3fc63063fba369d,39.9,1.0,1.0,1.0,2017-03-13 20:17:10,2017-03-13 20:17:10,1.0,6.01,RS
df91910b6a03bb2e3358fa6a35e32f6f,2501.0,4.4,0.0,4.266666666666667,2018-06-24 09:54:00,2018-08-14 21:21:39,1.7,56.81,SP
dfa0c4c6229ab200a4a1336b4d7128ff,4807.0,4.022988505747127,0.034482758620689655,2.9080459770114944,2018-05-02 10:23:08,2018-08-23 07:36:13,3.7333333333333334,53.89,SC
dfc475d54e1b6dbeeb7d7d9bdaa63827,1793.76,4.380952380952381,0.047619047619047616,2.761904761904762,2018-02-21 14:30:22,2018-08-24 13:04:05,6.1,55.15,PR
dfc5fb7259bb2b599ca565e6e9448f0f,6689.6,4.108108108108108,0.10810810810810811,3.810810810810811,2017-07-27 19:34:53,2018-08-06 22:05:30,12.5,52.5,SP
dff87e4de60c9736ce8df835951b09bc,998.0,2.5,0.0,1.0,2017-11-12 19:43:04,2017-11-15 07:45:44,1.0,45.16,SP
e00d85ce20ea50c1224c66ca5050527d,149.0,4.0,0.0,1.0,2017-07-13 11:24:43,2017-07-13 11:24:43,1.0,54.02,SP
e0482f2c769468c3bbcd8a01e09d98c5,189.0,4.0,0.0,1.0,2018-08-10 20:43:30,2018-08-10 20:43:30,1.0,54.03,SP
e0487761face83d64fcada2408959a36,73.0,4.666666666666667,0.0,1.0,2018-08-24 15:05:27,2018-08-27 18:58:15,1.0,58.01,SP
e067ad2c1c0b48758eb1b5228bcf7a68,5153.4,4.142857142857143,0.09523809523809523,2.1746031746031744,2017-02-01 12:44:51,2018-08-13 20:25:15,18.6,52.84,SP
e06f09ec0a4aca210779cf1cfc63cf19,6182.89,4.157894736842105,0.05263157894736842,3.263157894736842,2017-06-27 23:17:52,2017-12-19 23:35:40,5.833333333333333,54.38,SP
e0878efa0e0b7e5313ac0b43bc04c081,5325.2,3.466666666666667,0.2,2.9,2017-11-04 19:22:13,2018-03-05 08:58:05,4.0,45.67,PR
e09887ca8c7bf8a4621ce481820414ef,119.96000000000001,3.0,0.25,3.5,2017-09-09 08:33:15,2017-11-25 14:10:20,2.566666666666667,40.52,SP
e0a366315b1b726b6c7832d664c0f530,7400.09,4.333333333333333,0.0392156862745098,4.7254901960784315,2017-06-10 15:22:55,2018-08-16 22:08:23,14.4,56.03,SP
e0a3c37054ade6478d923a6efc10f308,549.5,5.0,0.0,1.2,2018-07-03 20:23:05,2018-07-17 21:05:10,1.0,60.09,SC
e0b162a693bc7f9eab00f783a31d60ea,20.0,5.0,0.0,5.0,2018-05-04 13:13:49,2018-05-04 13:13:49,1.0,60.0,RS
e0eabded302882513ced4ea3eb0c7059,978.4000000000001,4.625,0.0,5.625,2018-04-02 03:54:22,2018-06-03 20:14:44,2.066666666666667,57.91,SP
e116c7455dd26a4d8c3e92532583905f,36.76,4.0,0.0,1.0,2018-04-05 10:50:34,2018-04-05 10:50:34,1.0,54.01,SP
e1643dff33666ca629e3644c02738179,170.0,4.333333333333333,0.0,1.0,2018-05-11 00:09:19,2018-05-28 21:16:13,1.0,56.03,SP
e174dc2de86d60fee178170a154c05e7,19.8,1.0,0.0,1.0,2017-08-17 12:18:55,2017-08-17 12:18:55,1.0,36.0,SP
e1a210d482714ce337763a19aef94ba4,49.9,1.0,0.0,1.0,2017-04-30 15:59:34,2017-04-30 15:59:34,1.0,36.01,PR
e1b12447a7563944843191754aeb5562,472.46000000000004,4.5,0.3,3.0,2017-09-12 13:52:02,2018-01-05 00:47:54,3.8,48.08,SP
e1bed63d68ac36fe1f3061befe196af5,199.0,5.0,0.0,3.0,2017-01-30 18:30:53,2017-01-30 18:30:53,1.0,60.03,SP
e1c76f339ebd5460999f25a2aa8c92c5,899.9,5.0,0.0,1.0,2018-05-12 17:51:47,2018-05-12 17:51:47,1.0,60.15,SP
e1dc0754bada9ee4cfe9713f22f61292,885.0,3.8333333333333335,0.0,3.0,2018-06-13 18:23:39,2018-08-20 14:38:06,2.2333333333333334,53.14,RJ
e21a1e8be4715b0fcfd5385643bc49c4,723.5,3.72,0.0,2.92,2017-04-25 13:35:09,2018-02-22 20:29:58,10.1,52.44,SC
e24d3429d294b2eb200b064ebb035879,1878.58,4.136363636363637,0.045454545454545456,2.0,2018-06-25 09:22:58,2018-08-26 04:53:46,2.033333333333333,53.76,SP
e24fc9fcd865784fb25705606fe3dfe7,15480.0,4.25,0.06666666666666667,4.1,2016-10-08 10:07:25,2018-03-26 23:31:51,17.8,56.03,SP
e250d617a0ad591ba9bd663e584a895d,2005.3600000000001,3.1666666666666665,0.0,6.041666666666667,2018-02-26 19:29:46,2018-08-21 10:47:37,5.833333333333333,49.33,SP
e256a62e0ac58c0edfba09966142d561,1474.1100000000001,4.5,0.0,2.357142857142857,2018-04-15 18:43:59,2018-07-30 09:37:39,3.5,57.24,PR
e26901d5ab434ce92fd9b5c256820a4e,12520.1,4.065502183406114,0.021834061135371178,2.1004366812227073,2017-01-30 15:32:24,2017-09-12 22:47:46,7.5,55.78,SP
e2a1ac9bf33e5549a2a4f834e70df2f8,14999.449999999999,4.8,0.0,6.4,2017-03-08 18:51:06,2017-07-06 14:51:37,3.966666666666667,61.25,SP
e2aee0892199b1d92530e371abd825bf,5712.56,3.7857142857142856,0.11904761904761904,3.7142857142857144,2017-01-12 00:06:12,2018-07-31 20:54:24,18.833333333333332,50.08,PR
e2c92f9c1c7746d899d18f2e158bbff7,2031.7,4.133333333333334,0.0,1.6,2018-04-18 22:14:34,2018-08-07 16:05:28,3.6666666666666665,55.13,SP
e333046ce6517bd8bb510291d44f0130,7337.0,4.4,0.05333333333333334,3.28,2017-07-13 09:00:21,2018-08-24 16:27:11,13.566666666666666,56.0,SP
e38db885400cd35c71dfd162f2c1dbcf,2121.7000000000003,4.515151515151516,0.12121212121212122,2.272727272727273,2017-08-20 19:32:32,2018-08-15 14:11:19,11.966666666666667,53.8,DF
e3a386fc36e22064434e1fa256f6a9fa,793.9,4.235294117647059,0.17647058823529413,2.2941176470588234,2018-01-23 17:08:56,2018-08-16 06:29:04,6.8,50.25,SP
e3b4998c7a498169dc7bce44e6bb6277,6897.9,2.6666666666666665,0.0,3.6666666666666665,2017-01-16 16:24:13,2017-02-12 20:37:36,1.0,47.13,SP
e3d3b3efac954a60d61be70b7e05b49b,1282.05,4.333333333333333,0.0,6.666666666666667,2018-06-06 12:18:34,2018-06-25 01:28:11,1.0,56.21,SP
e3dd723429d1b23614b7fa85e2c7a853,471.05,3.375,0.25,2.5,2018-03-25 14:10:37,2018-06-08 17:19:34,2.5,42.83,SP
e3e15e2c0b9700561efac21c6be48066,121.22999999999999,2.2,0.0,1.0,2018-02-04 17:31:51,2018-07-14 10:27:55,5.3,43.22,SP
e3e290b38963293022cdcd6db8328103,135.7,3.3333333333333335,0.0,4.0,2017-11-25 01:04:21,2017-12-03 20:13:13,1.0,50.02,SP
e4253cef933647000a82ff39c67b7bde,68.0,2.0,0.0,3.5,2017-05-07 22:55:53,2017-05-20 19:09:21,1.0,42.01,SP
e433f5fd4050e3352b5d83522b7fe24b,548.06,4.0,0.0,1.0,2018-08-23 11:45:59,2018-08-23 11:45:59,1.0,54.09,PR
e439f7176d763f92de325271111b2fd5,1348.4,5.0,0.0,1.5714285714285714,2018-05-01 16:18:19,2018-08-01 11:11:04,3.033333333333333,60.22,SC
e45edf75f568ed2f93f78d060e246e25,164.29999999999998,4.142857142857143,0.14285714285714285,3.2857142857142856,2018-06-06 11:26:30,2018-07-24 20:48:52,1.6,50.6,RJ
e46bc031f2c5bae4ccb40bb90712e9b4,277.3,1.0,0.0,5.0,2018-04-06 22:13:21,2018-04-06 22:13:21,1.0,36.04,SP
e48b04bf1aa1ef711caebeb7aede6180,3187.1000000000004,4.48,0.0,2.72,2017-01-26 18:33:10,2018-07-31 16:16:19,18.333333333333332,57.4,PR
e48cc16ab70bfa09e1401740dce0b3d7,1084.83,3.235294117647059,0.11764705882352941,2.0588235294117645,2017-05-27 10:15:14,2018-06-14 10:51:59,12.766666666666667,46.06,SP
e49c26c3edfa46d227d5121a6b6e4d37,4193.9400000000005,4.5,0.0,3.0714285714285716,2017-02-04 18:51:41,2018-07-25 14:20:31,17.833333333333332,57.69,PE
e4ebd3f87bf70440014f07ddda7fbe03,858.5,4.666666666666667,0.1111111111111111,2.0,2017-12-07 21:14:24,2018-03-05 18:13:14,2.9,54.81,SP
e4f121bf6ef8b9a1d4d3e65dd0473fab,70.0,3.0,0.5,4.0,2018-04-01 21:17:46,2018-05-07 08:58:38,1.1666666666666667,33.01,SP
e4fc40017a6d22c46a14ac2e17f87c3e,387.0,2.3333333333333335,0.0,3.6666666666666665,2017-05-30 15:55:30,2017-08-01 23:16:17,2.1,44.06,PR
e503f22be6a4f456d9851920a5d9c670,198.9,4.0,0.0,1.5,2018-07-30 12:28:26,2018-08-14 15:12:04,1.0,54.03,SP
e504a4e2efaa45cbff7e268a2c58c956,1188.8000000000002,3.6666666666666665,0.25,2.3333333333333335,2018-05-14 17:58:27,2018-08-15 10:11:11,3.066666666666667,44.69,SP
e51f22821f0c12a16ad5c020cdcd55e9,898.71,4.75,0.0,2.25,2018-05-29 09:23:00,2018-08-07 15:17:28,2.3333333333333335,58.65,SP
e53d5b9b29d1218281f4a907ada18626,350.67,4.8,0.0,2.8,2018-07-20 16:50:02,2018-08-20 08:11:26,1.0,58.86,PR
e546117ed9cafbc40239c0c78635c584,456.0,4.5,0.0,3.5,2018-04-23 17:07:27,2018-08-23 19:02:12,4.066666666666666,57.07,SP
e5475dcab1e07b63d7f6e902d8f5eda8,2400.0,4.291666666666667,0.041666666666666664,2.0833333333333335,2017-09-10 11:01:26,2018-08-06 20:27:28,11.0,54.89,SP
e5545d4d4473876ea78c5bcebca365c3,44.5,5.0,0.0,1.0,2018-06-27 11:45:21,2018-06-27 11:45:21,1.0,60.01,SP
e560e4022d8f7aebf155db95946c5c0f,780.0,5.0,0.0,1.0,2018-06-12 11:26:51,2018-07-11 20:39:58,1.0,60.13,MG
e5899683388855d3dabe8913bbe365de,452.88,4.0,0.0,2.6666666666666665,2018-07-01 22:28:19,2018-08-22 13:05:05,1.7,54.07,SP
e58a5b390e28abc0b216cfb0e07d27d7,1022.6,4.857142857142857,0.0,6.0,2018-04-25 19:54:53,2018-08-09 10:30:41,3.5,59.31,RJ
e595809a6c31ec4314fd06ef198c244d,39.0,5.0,0.0,1.0,2018-03-12 03:12:59,2018-03-12 03:12:59,1.0,60.01,SC
e59aa562b9f8076dd550fcddf0e73491,42043.8,4.398148148148148,0.06481481481481481,3.212962962962963,2017-09-05 16:19:06,2018-08-20 14:22:51,11.6,61.32,PR
e59e489e2ea74bd409b798b5daf49de3,495.0,2.2,0.0,1.6,2017-09-05 18:29:33,2018-05-01 15:58:00,7.9,43.28,PR
e59e575a175fadcadf8479e191770425,199.9,5.0,0.0,4.0,2018-06-09 11:53:43,2018-06-09 11:53:43,1.0,60.03,RJ
e5a3438891c0bfdb9394643f95273d8e,8322.15,3.749090909090909,0.18345323741007194,1.70863309352518,2017-05-15 21:33:28,2018-04-11 10:56:21,11.0,48.35,SP
e5a38146df062edaf55c38afa99e42dc,15600.23,3.937007874015748,0.0859375,3.1328125,2016-10-08 13:54:03,2018-08-21 17:33:29,22.733333333333334,53.59,SP
e5bd51692380fd8cabb19b756b95e714,119.69999999999999,2.3333333333333335,0.6666666666666666,1.3333333333333333,2017-12-20 22:59:28,2018-05-05 15:04:54,4.5,24.02,SP
e5c84227854980f1db19a58958c551d9,72.81,4.75,0.0,1.0,2018-07-26 16:14:02,2018-08-15 11:56:10,1.0,58.51,PR
e5cbe890e679490127e9a390b46bbd20,908.99,4.5,0.0,4.0,2018-06-11 22:31:34,2018-08-19 20:04:58,2.2666666666666666,57.15,SP
e5d4b2b0c3bca22085f7a19a28de0c42,205.8,4.5,0.25,2.75,2017-08-26 13:41:37,2017-11-26 05:27:45,3.033333333333333,49.53,SC
e5def42655b7490edac5a56fe8e9e603,129.9,5.0,0.0,1.0,2017-03-28 21:56:39,2017-03-28 21:56:39,1.0,60.02,SP
e5e33c0d8e7e002f398f5dc4cbbb338f,6698.7,4.344827586206897,0.10344827586206896,4.827586206896552,2017-03-04 17:36:19,2018-08-08 18:04:56,17.4,54.06,SP
e5f9e61ceb5f523cc966e0f34095032f,2908.0,4.2,0.2,1.4,2017-07-10 14:25:38,2018-02-28 11:29:07,7.733333333333333,49.67,SC
e601b04acf48b4576e73ddca9481f0dc,491.94,3.875,0.0,1.4375,2018-04-13 08:56:04,2018-08-27 11:19:47,4.533333333333333,53.33,SP
e603cf3fec55f8697c9059638d6c8eb5,297.0,4.454545454545454,0.0,2.5454545454545454,2017-02-07 11:32:53,2017-06-16 17:21:21,4.3,56.78,RS
e627629ba868740e287800f1a9be81c2,504.5,4.461538461538462,0.0,2.076923076923077,2017-02-03 21:44:34,2017-07-13 13:08:15,5.3,56.85,SP
e628d4a53c109f09ca88098338b3a3f5,285.0,1.0,0.0,2.0,2017-12-11 09:25:26,2017-12-11 09:25:26,1.0,36.05,MG
e62b2d6ac10570a035a30bafcf01d263,5849.71,3.9452054794520546,0.14102564102564102,3.282051282051282,2017-09-16 20:43:05,2018-08-20 13:42:28,11.233333333333333,50.4,SP
e63e8bfa530fb16910dd6956e592bb81,1400.3999999999999,4.304347826086956,0.043478260869565216,2.152173913043478,2017-08-07 09:14:30,2018-08-28 10:44:03,12.866666666666667,54.75,SP
e644cbadf7eeb30d0d29f335ce7d52ec,988.89,3.727272727272727,0.0,1.0,2018-07-03 09:10:24,2018-08-21 23:14:33,1.6333333333333333,52.52,SP
e64882b4ef12aee8d0faca4db5b681f4,230.0,4.0,0.0,1.0,2018-01-12 15:28:49,2018-01-12 15:28:49,1.0,54.04,GO
e64d65bc8dbec2accda90c58de5d1246,1678.8000000000002,3.0833333333333335,0.3333333333333333,3.25,2017-11-19 13:57:09,2018-03-15 09:38:31,3.8333333333333335,38.77,SP
e64ddbe1cbcf4f2fc3092b7c481f3f9d,20.9,5.0,0.0,1.0,2018-03-30 12:00:06,2018-03-30 12:00:06,1.0,60.0,SP
e6a69c4a27dfdd98ffe5aa757ad744bc,2100.12,3.6451612903225805,0.0,1.4838709677419355,2017-02-01 17:21:33,2018-06-10 18:20:21,16.466666666666665,52.21,SP
e6ffc9ac6a7adc9d16a1cfc2286dd546,34.99,1.0,0.0,2.0,2018-03-29 09:57:50,2018-03-29 09:57:50,1.0,36.01,SP
e70053bf73d1b5863932e53a9fa47496,4025.0,4.285714285714286,0.0,7.285714285714286,2018-02-14 13:38:33,2018-08-04 16:22:05,5.7,56.37,SP
e72b4feb7abe210c52aa667abc25a3a2,38.2,5.0,0.0,4.0,2017-06-17 11:54:02,2017-06-17 11:54:02,1.0,60.01,SP
e732329483fd5f27367dd997b47f598a,109.9,5.0,0.0,10.0,2017-08-31 15:28:40,2017-08-31 15:28:40,1.0,60.02,SC
e73bf2cea7fe4b0b4d287a7568ed1099,737.6999999999999,5.0,0.0,7.2,2018-07-29 19:40:38,2018-08-26 10:48:04,1.0,60.12,SC
e76ecc7e9a1a1e3c6df9d2a8261c423d,20.0,5.0,0.0,1.0,2017-08-13 10:23:44,2017-08-13 10:23:44,1.0,60.0,MG
e7d5b006eb624f13074497221eb37807,3508.92,3.140625,0.03125,2.578125,2017-08-12 11:02:56,2018-07-19 13:03:38,11.366666666666667,48.48,SP
e7df4cd29ab5abab70fb0783ddb53987,10607.699999999999,4.32,0.16,3.12,2017-02-16 12:58:36,2018-08-19 20:46:26,18.3,52.85,SP
e7f3bf1ecd8526eb7f3b18059e6716e5,1671.3400000000001,4.428571428571429,0.0,3.0,2017-02-28 17:39:47,2017-09-25 20:16:38,6.966666666666667,56.84,SP
e819bcfade7b5d88a27325eb6cfd62c5,238.7,3.769230769230769,0.07692307692307693,3.769230769230769,2018-07-20 14:35:51,2018-08-20 23:35:44,1.0333333333333334,50.35,SP
e81e1f9c3e762e620f3fb60a51499e16,4465.99,3.823529411764706,0.1111111111111111,3.2222222222222223,2017-05-02 11:14:08,2018-04-25 20:10:45,11.933333333333334,50.34,SC
e82de6494d91d3c4c54450f59b227a94,118.9,5.0,0.3333333333333333,2.3333333333333335,2017-10-09 01:17:54,2018-03-02 10:22:22,4.8,50.02,SP
e83c76265fc54bf41eac728805e4da77,237.29999999999998,3.625,0.125,1.0,2017-02-10 17:43:20,2017-05-08 09:08:43,2.8666666666666667,48.04,SP
e83e93b71371817b11d78a63ff156aee,484.0,4.8,0.0,5.8,2017-02-07 20:31:37,2017-04-09 15:32:33,2.0,58.88,SP
e84ad2127668df3aafc6b73531a0beb8,987.0,4.391304347826087,0.043478260869565216,1.391304347826087,2017-12-11 15:30:13,2018-08-08 13:37:57,7.966666666666667,55.2,SP
e88165a185134e13fdfc85d4fa654db8,108.0,3.0,0.5,1.0,2018-05-16 20:57:48,2018-06-18 09:27:06,1.0666666666666667,33.02,SP
e882b2a25a10b9c057cc49695f222c19,52774.270000000004,4.6,0.0,6.633333333333334,2018-01-04 19:07:29,2018-08-18 15:49:58,7.5,66.23,RJ
e883aa812c37a7413226856f4579fe91,4427.0,3.933333333333333,0.03333333333333333,2.566666666666667,2018-02-04 20:43:02,2018-08-17 18:20:27,6.433333333333334,53.32,SP
e88c9b79e592e370d6bd852eeefbf057,251.87,4.777777777777778,0.0,1.2222222222222223,2017-05-21 19:53:52,2017-07-13 11:44:22,1.7333333333333334,58.71,PR
e88f7a2995ba184710d339c5c4bf2e30,251.6,5.0,0.0,1.5,2018-03-08 12:54:55,2018-04-26 10:43:55,1.6,60.04,SP
e89c4adbe7b1d0819dbb636e16461cf1,3181.3,3.88,0.12,2.44,2018-01-10 13:22:49,2018-08-17 16:12:59,7.3,50.2,SP
e8a85b5f3df47be0984c55fd4064dbb4,743.0,4.714285714285714,0.14285714285714285,1.7142857142857142,2018-02-11 08:14:07,2018-08-21 08:35:57,6.366666666666666,54.12,DF
e8b3a3a38279a82f0e5d006d5e5b7d2c,14433.9,3.72,0.05,2.66,2017-10-10 01:06:52,2018-03-05 15:23:25,4.866666666666666,53.18,PR
e8b4225284fbb02d16f200513f1f395d,6190.22,4.21875,0.09375,4.71875,2018-04-05 20:32:06,2018-08-19 11:55:56,4.5,53.51,SP
e8dba4d70f7f2b20e775d09cae01142d,930.9,4.4,0.1,3.0,2018-05-29 21:59:03,2018-08-21 12:20:19,2.7666666666666666,53.55,SP
e8f6dc8e6a1dcde89d20e3995c8d90b3,2256.34,3.3541666666666665,0.0625,2.9166666666666665,2016-10-04 13:40:43,2017-11-30 02:29:55,14.033333333333333,48.62,SP
e8ff5a6ceb895583033fc2a0f314e3c2,139.89,5.0,0.0,3.0,2018-08-26 14:17:08,2018-08-26 14:17:08,1.0,60.02,SC
e908c0f3646e8b60375734a350d95d71,2951.0,4.0,0.0,10.0,2017-04-05 16:12:50,2017-04-05 16:12:50,1.0,54.48,SP
e94b64dc6979b302a5a5be1662c83bb6,306.89,5.0,0.0,4.5,2018-07-01 12:21:19,2018-07-03 19:34:23,1.0,60.05,SP
e9511df20ccd82658a30c37b7fb343af,2096.6,4.466666666666667,0.0,3.533333333333333,2017-11-23 19:55:23,2018-08-08 14:23:32,8.566666666666666,57.14,SP
e96498ed8daaa3e9c23f7a62da76591c,10379.07,3.888888888888889,0.16666666666666666,3.5,2017-10-10 17:26:22,2018-07-19 20:37:53,9.4,50.03,SP
e9729944ba65dc3ce425e0c5a22ae7b2,916.7,3.75,0.25,3.0,2018-05-03 07:32:52,2018-06-09 13:31:20,1.2333333333333334,45.15,RJ
e9779976487b77c6d4ac45f75ec7afe9,43889.26,4.16578947368421,0.07460732984293193,1.818062827225131,2017-03-01 09:25:31,2018-08-28 01:57:12,18.133333333333333,59.93,SP
e9874ae10b2d60d43917b6bbfa13a599,199.0,5.0,0.0,4.0,2018-04-18 20:42:34,2018-04-18 20:42:34,1.0,60.03,PR
e99e927c81e3f51739c94fcdfca9f10f,2902.79,3.5925925925925926,0.2222222222222222,2.2222222222222223,2017-01-26 22:15:22,2018-03-23 16:00:33,14.0,45.36,MG
e9b6c33b71b67737693b4cfa68341c8d,119.9,4.0,0.0,1.0,2017-08-16 20:08:12,2017-08-16 20:08:12,1.0,54.02,SP
e9bc59e7b60fc3063eb2290deda4cced,34840.26,3.95985401459854,0.12043795620437957,2.2554744525547443,2017-03-07 16:07:57,2018-08-16 16:37:43,17.566666666666666,55.84,PR
e9c2dc0dd4ac38448289be644ac94f42,118.39,5.0,0.0,1.6666666666666667,2018-07-03 23:37:11,2018-08-21 22:39:47,1.6,60.02,SC
e9c6969d40e6a3d2d0f90013165c2b98,5963.98,4.454545454545454,0.0,4.636363636363637,2017-11-06 08:57:51,2018-06-03 13:31:36,6.966666666666667,57.7,SP
e9d99831abad74458942f21e16f33f92,5178.92,3.871794871794872,0.09554140127388536,1.5414012738853504,2017-01-24 17:11:53,2018-08-26 20:58:26,19.3,51.21,SP
e9e446d01bd10a97a8ffcfc4a3a20cb2,60.05,3.5,0.0,1.25,2018-06-05 19:53:27,2018-07-08 19:59:16,1.1,51.01,SP
ea00f977a203ff88adf7057cb7806998,389.71999999999997,4.105263157894737,0.10526315789473684,1.1578947368421053,2018-07-02 21:01:18,2018-08-20 22:53:49,1.6333333333333333,51.54,SP
ea1776927851da2532aa70d6a32c095a,318.8,2.6666666666666665,0.0,4.666666666666667,2018-07-17 20:51:27,2018-08-05 22:27:23,1.0,46.05,SP
ea3ebea5317b0efbc663ecc8ce5e9bc2,299.70000000000005,4.0,0.0,1.6666666666666667,2018-05-03 08:15:45,2018-05-20 20:16:42,1.0,54.05,SC
ea4e9ce63a2134743b4a92777437fcdd,316.6,4.75,0.0,1.0,2018-04-15 15:23:10,2018-08-21 10:00:51,4.233333333333333,58.55,SC
ea566164622c6b439516ab18062c42cd,10742.12,3.8214285714285716,0.21428571428571427,2.1785714285714284,2017-11-12 23:19:39,2018-08-19 22:47:43,9.3,48.26,SP
ea65d8b58316a6f2362f2a9e4b3e86ad,2061.4,3.1875,0.0,3.8125,2018-03-01 16:43:57,2018-08-25 12:13:10,5.866666666666666,49.46,SP
ea67327e24487bdfac5fbfa37ea124df,6467.5,3.5428571428571427,0.02857142857142857,4.485714285714286,2018-01-07 23:08:30,2018-08-22 16:41:47,7.533333333333333,51.46,SP
ea6b12bf9ffe2bac34602ec631d97a47,2625.7999999999997,4.090909090909091,0.0,3.8181818181818183,2016-10-05 22:49:57,2017-05-30 22:15:57,7.866666666666666,54.97,SP
ea846a0e7ad98a741783e886d89dfa44,137.0,5.0,0.0,1.0,2018-08-07 09:30:10,2018-08-17 16:44:32,1.0,60.02,SP
ea8482cd71df3c1969d7b9473ff13abc,38255.869999999995,3.957015409570154,0.10161290322580645,2.166935483870968,2017-08-15 12:54:48,2018-08-24 09:20:03,12.433333333333334,56.95,SP
eaaa46e98c9e61f6764dd1d7a2ab8b3e,98.0,5.0,0.0,1.0,2018-08-05 14:07:53,2018-08-05 14:07:53,1.0,60.02,RN
ead2bab70821ea148476ae9bc08548ac,482.0,4.3,0.0,2.0,2017-10-04 16:29:59,2018-08-01 17:19:21,10.033333333333333,55.88,MG
eae9af4811c294c56795d70e715b7337,15.9,5.0,0.0,1.0,2017-10-17 01:24:28,2017-10-17 01:24:28,1.0,60.0,SP
eaf6d55068dea77334e8477d3878d89e,51.0,5.0,0.0,1.6666666666666667,2018-06-26 11:01:38,2018-07-28 19:53:30,1.0666666666666667,60.01,SP
eb1bf309f4f6af9a97e9ddac3fdbeabe,22.3,5.0,0.0,1.0,2018-05-24 11:05:40,2018-05-24 11:05:40,1.0,60.0,SP
eb3071b9f0b0ddaa2df5ea130f09f26b,6230.0,4.636363636363637,0.09090909090909091,2.0,2017-02-15 11:20:36,2018-05-16 10:05:44,15.133333333333333,56.11,SP
eb4a59a06b3948e851a7d7a830bcbc42,64.0,3.0,0.0,1.5,2018-02-23 17:55:18,2018-05-14 15:12:30,2.6333333333333333,48.01,BA
eb4df17aed01d918c65f0f8d650900c0,3739.87,3.909090909090909,0.2727272727272727,5.2727272727272725,2017-11-09 12:22:48,2018-08-15 15:01:55,9.3,45.88,SP
eb5b6204dde3a6e03b5f1bb8479f055b,571.5999999999999,3.888888888888889,0.037037037037037035,1.5925925925925926,2017-12-16 19:22:08,2018-06-11 22:12:41,5.9,52.32,SP
eb72802c83dc7547529c9546d1a9b8ef,1063.92,4.625,0.0,2.75,2018-05-07 20:36:52,2018-07-27 10:59:09,2.6666666666666665,57.92,SP
eb9267cccc90f1b49c8d2f9887c7dd97,319.9,5.0,0.0,2.0,2018-05-06 21:44:22,2018-05-06 21:44:22,1.0,60.05,PE
eb9cd5b35d95206585e2185318cb5c61,550.0,2.3333333333333335,0.3333333333333333,1.0,2018-06-21 12:24:00,2018-07-16 11:01:26,1.0,34.09,SP
eba88037e1dca898cd02881f67ced679,838.1,4.333333333333333,0.16666666666666666,5.666666666666667,2017-04-26 14:18:33,2018-03-10 17:32:15,10.6,51.14,SP
ebd1417732defaf66c50b5a800eb293e,309.0,5.0,0.0,1.0,2017-03-28 09:40:41,2017-03-28 09:40:41,1.0,60.05,PR
ebd2d60905fb58271facef5596b620d3,8253.42,4.153846153846154,0.03296703296703297,2.8351648351648353,2017-02-13 14:48:03,2018-08-17 18:41:50,18.333333333333332,55.28,SP
ebe3dabc4955c9b0d695e7bda38bf5c3,55.0,3.0,1.0,1.0,2018-02-20 15:22:53,2018-02-20 15:22:53,1.0,18.01,SP
ebef8d8c92b4fd3226e5d407bbff21ac,253.70000000000002,2.6666666666666665,0.3333333333333333,1.6666666666666667,2017-01-29 13:42:10,2017-03-13 22:19:52,1.4333333333333333,36.04,SP
ec21206b7894c503788a684a7bc822a6,247.8,2.6666666666666665,0.0,3.0,2017-08-03 19:04:35,2017-11-17 06:34:36,3.5,46.04,RJ
ec2e006556300a79a5a91e4876ab3a56,125.2,1.375,0.375,1.125,2018-02-02 14:26:45,2018-08-15 14:02:53,6.433333333333334,27.02,SP
ec4608a1f76453166bb312b2968aeaf4,1216.74,2.6944444444444446,0.19444444444444445,4.444444444444445,2017-02-22 15:57:47,2018-08-14 14:19:51,17.9,40.53,SP
ec5c1d94df153d473b37f880977ae58e,199.67000000000002,1.6666666666666667,0.0,5.666666666666667,2018-05-22 14:50:54,2018-06-03 13:21:09,1.0,40.03,SP
ec80e49e69745ab6c14f984bf2149423,4239.0,4.083333333333333,0.15384615384615385,5.461538461538462,2018-02-04 22:12:07,2018-08-22 22:17:56,6.633333333333334,50.58,SP
ec8463980a4e0ea9f8517aea1ed0c419,239.2,5.0,0.75,1.5,2018-07-16 16:35:30,2018-07-16 22:36:53,1.0,37.54,SC
ec8879960bd2221d5c32f8e12f7da711,4237.3,4.333333333333333,0.16216216216216217,2.2432432432432434,2017-05-16 22:35:38,2018-04-11 16:50:30,10.966666666666667,51.83,SP
ec933281fb017b5020d06df29c3f77e8,1432.0,5.0,0.0,4.875,2017-10-16 10:45:42,2018-07-30 21:21:05,9.566666666666666,60.23,SP
ecccfa2bb93b34a3bf033cc5d1dcdc69,1458.44,2.2,0.19047619047619047,2.611111111111111,2016-09-15 12:16:38,2016-10-10 11:39:06,1.0,37.72,PR
ececbfcff9804a2d6b40f589df8eef2b,7358.19,4.151785714285714,0.08928571428571429,2.4910714285714284,2017-06-26 16:05:09,2018-08-15 16:54:26,13.833333333333334,53.43,SP
ed4311e67debd72b8610a5347a743087,3925.0,4.518518518518518,0.07142857142857142,4.107142857142857,2017-12-14 14:07:48,2018-08-28 16:33:22,8.566666666666666,55.61,SP
ed46f1eb4a638113deb2a1137b5f22e9,3470.0,4.0,0.0,8.25,2018-07-26 16:11:51,2018-08-23 23:05:07,1.0,54.57,SC
ed49da7cadefc454d6a67de249eab240,43.0,3.0,0.0,2.0,2016-10-03 21:01:41,2016-10-08 16:02:07,1.0,48.01,SP
ed4acab38528488b65a9a9c603ff024a,14238.42,3.6744186046511627,0.023255813953488372,2.4651162790697674,2017-03-23 16:39:19,2018-07-27 15:27:42,16.333333333333332,53.68,SP
ed859002ad59dbf8cf3602696a6c3000,2421.7,4.0,0.0,6.538461538461538,2016-10-04 20:41:55,2017-01-23 20:35:00,3.6666666666666665,54.4,PR
ed8cb7b190ceb6067227478e48cf8dde,573.5,3.176470588235294,0.058823529411764705,1.1764705882352942,2018-07-19 15:36:35,2018-08-27 12:39:11,1.2666666666666666,47.39,SP
ed9eef5be0992d413d251fadba1a410d,404.09999999999997,4.555555555555555,0.0,2.7777777777777777,2017-01-26 00:20:23,2017-03-17 10:30:06,1.6666666666666667,57.4,SP
edb1ef5e36e0c8cd84eb3c9b003e486d,81220.15,4.427777777777778,0.07222222222222222,4.366666666666666,2017-09-28 09:48:29,2018-08-20 19:09:20,10.866666666666667,67.68,RJ
edb58a1390adf273840030a3d6253829,39.9,5.0,0.0,2.0,2018-08-25 11:15:44,2018-08-25 11:15:44,1.0,60.01,SP
edb65fe661681b1c0de8bd47c8655855,69.0,3.0,0.0,1.0,2017-04-26 12:37:33,2017-04-26 12:37:33,1.0,48.01,SP
edc518ba25576a0188a0e8f2c3af186f,1647.3899999999999,3.5,0.0,1.625,2018-06-30 20:06:44,2018-08-20 13:02:40,1.6666666666666667,51.27,SP
edd066cd02126d7800f9b66e980e9931,987.6999999999999,5.0,0.16666666666666666,3.3333333333333335,2017-06-17 11:42:52,2018-06-13 07:25:51,12.0,55.16,DF
eddd1991bd6d9309995a480c39b95137,1467.0,2.6,0.0,3.8,2017-10-07 17:31:53,2017-11-06 18:48:57,1.0,45.84,PR
ede0c03645598cdfc63ca8237acbe73d,2518.37,3.617021276595745,0.32,1.24,2018-02-21 12:25:12,2018-06-19 14:56:02,3.933333333333333,42.51,SP
ede2977fbaf3738583170735ca403f6c,289.9,5.0,0.0,4.0,2018-02-25 17:37:45,2018-02-25 17:37:45,1.0,60.05,PR
edf3fabebcc20f7463cc9c53da932ea8,219.9,4.0,1.0,4.0,2018-05-22 21:13:21,2018-05-22 21:13:21,1.0,24.04,SP
edf96ef93ed595084bbcbd9224bd2894,4230.0,3.806451612903226,0.12903225806451613,2.7096774193548385,2017-02-07 23:16:34,2018-08-16 15:32:45,18.466666666666665,49.66,SP
ee27a8f15b1dded4d213a468ba4eb391,6499.0,5.0,0.0,1.0,2017-05-24 18:14:34,2017-05-24 18:14:34,1.0,61.06,GO
ee2fbacc2fc3794e656cc4d933d59ce7,464.97,4.333333333333333,0.0,3.6666666666666665,2018-08-07 14:05:50,2018-08-21 21:36:22,1.0,56.08,SP
eeb6de78f79159600292e314a77cbd18,45802.84,4.3977272727272725,0.03409090909090909,5.6477272727272725,2017-02-18 18:28:46,2018-08-11 08:30:03,17.933333333333334,62.85,SC
eebb3372362aa9a46975164bed19a7e7,591.92,2.2857142857142856,0.25,3.375,2017-03-28 11:33:47,2017-05-23 22:11:22,1.8666666666666667,36.31,SP
eec3469d83e142f9a104886655338c37,185.7,4.5,0.0,1.0,2017-02-03 16:32:12,2018-08-17 14:22:37,18.633333333333333,57.03,SP
eed78ac17f7f795a19a709745f00cd4e,4469.1,3.396551724137931,0.0,5.896551724137931,2017-08-01 18:44:07,2018-07-17 14:25:51,11.633333333333333,51.11,SP
ef0ace09169ac090589d85746e3e036f,16443.100000000002,4.345070422535211,0.07746478873239436,3.387323943661972,2017-11-14 10:43:54,2018-08-23 21:20:25,9.4,56.43,RJ
ef2fbc2b607d8492bcffe657a4645434,970.8,3.909090909090909,0.09090909090909091,1.5,2018-07-02 16:44:40,2018-08-26 11:44:34,1.8,50.89,RJ
ef30892870c278497523264be1be2241,783.2,4.555555555555555,0.0,3.111111111111111,2017-12-05 21:18:13,2018-01-31 18:59:31,1.8666666666666667,57.46,SP
ef506c96320abeedfb894c34db06f478,10000.34,3.927536231884058,0.0830945558739255,2.2349570200573066,2017-01-23 07:03:04,2018-08-21 13:16:24,19.166666666666668,52.71,SP
ef728fa1f17436c91ed1ccd03dcf9631,128.7,4.0,0.0,2.5,2018-07-23 18:35:14,2018-08-23 12:31:37,1.0,54.02,SP
ef990a83bbea832f36ebe81376335aa8,4642.59,3.659090909090909,0.25,2.4318181818181817,2017-11-27 20:25:14,2018-08-12 18:43:51,8.566666666666666,45.21,SC
ef9952469137ff190bacafe117f51537,1002.66,4.8,0.0,3.8,2017-03-10 12:46:23,2017-05-30 15:57:13,2.7,58.96,MG
efb628aa07c8ca93d7db0d85b91a4f5a,204.0,4.0,1.0,5.0,2017-11-17 08:47:34,2017-11-17 08:47:34,1.0,24.03,RJ
efcd8d2104f1a05d028af7bad20d974b,2764.74,4.172413793103448,0.017241379310344827,2.586206896551724,2017-04-26 03:54:32,2018-08-22 03:16:24,16.066666666666666,54.97,SP
efff9341f3f8f5237b44ff67ed36a7bf,872.99,4.4,0.0,1.6,2018-05-01 22:37:30,2018-08-15 19:42:43,3.5,56.54,ES
f00e21b1e91a79653163b7fd8f293ff1,3900.09,4.1,0.03225806451612903,3.4516129032258065,2017-03-25 21:54:29,2017-12-02 18:38:46,8.366666666666667,54.27,SP
f00f5b35d0abcacbdd863672f4bb2c1a,299.0,4.0,0.0,6.0,2017-05-27 14:15:33,2017-05-27 14:15:33,1.0,54.05,SP
f021c962aaba8ef6eb527a9c2c8394d1,6508.400000000001,3.6666666666666665,0.0,5.0,2017-05-17 11:36:51,2017-08-06 17:55:55,2.7,53.06,SC
f049a72cf58fd31b11f8919cade515e7,138.75,3.5,0.0,2.0,2018-07-25 12:03:29,2018-08-06 18:48:35,1.0,51.02,SP
f0563bacf40c311f1c4d3d6b67b8a7a7,1199.0,1.0,0.0,10.0,2016-10-05 14:16:28,2016-10-05 14:16:28,1.0,36.2,SC
f0837c8d71434931d9e38e7b79234797,4633.9,4.64,0.04,4.12,2017-11-18 12:08:24,2018-08-14 17:27:42,8.966666666666667,57.4,RS
f08a5b9dd6767129688d001acafc21e5,14069.630000000001,3.4444444444444446,0.2222222222222222,3.888888888888889,2017-10-07 14:32:01,2018-01-16 09:15:25,3.3333333333333335,46.3,RS
f08c008c8a8d31417763738a1788a2a8,1359.6200000000001,3.1739130434782608,0.125,2.5,2017-10-10 23:58:26,2018-01-22 18:14:24,3.433333333333333,45.52,PR
f09b760d23495ac9a7e00d29b769007c,21.9,4.0,0.0,1.0,2016-10-03 16:56:50,2016-10-03 16:56:50,1.0,54.0,SP
f09e26011d833ddab11593c1a097a92a,79.9,1.0,0.0,2.0,2018-03-01 11:42:23,2018-03-01 11:42:23,1.0,36.01,SP
f0b47fbbc6dee9aafe415a6e33051b3f,3895.88,4.235955056179775,0.0898876404494382,2.0224719101123596,2017-07-25 10:57:26,2018-08-28 19:32:05,13.3,53.36,SP
f0e103c63864d5405b958d984b6e94c9,951.7,4.7272727272727275,0.0,3.272727272727273,2017-04-04 14:13:05,2017-08-26 00:59:30,4.766666666666667,58.52,SP
f0ec6a2adb05c62655a26dd347b8dede,72.0,1.0,0.0,2.0,2018-04-11 17:08:59,2018-04-11 17:08:59,1.0,36.01,SP
f0ec78809fe0bc3edb11c9fe5b97b059,100.5,3.6666666666666665,0.0,1.6666666666666667,2018-06-09 12:47:27,2018-07-18 12:50:16,1.3,52.02,SP
f114dca2828bf718548db175ebe2cfcd,139.0,1.0,0.0,2.0,2018-01-06 01:06:31,2018-01-06 01:06:31,1.0,36.02,PR
f1198c871e0171278b63f40d112caeec,475.8,4.5,0.0,3.5,2017-08-15 21:33:49,2017-11-10 18:13:05,2.8666666666666667,57.08,SP
f125f3a310c2e5f822d116147de1e474,2761.4,4.363636363636363,0.09090909090909091,3.3636363636363638,2018-01-15 19:59:47,2018-08-20 16:19:23,7.2,53.91,SP
f12d3c2a14729ae461b920c11fe20fdc,403.45,4.384615384615385,0.0,1.5384615384615385,2018-05-03 20:25:44,2018-07-31 20:56:04,2.966666666666667,56.37,SP
f12ff17ad8bbf01ec5c33b17e506649b,6527.0,3.6451612903225805,0.16129032258064516,3.161290322580645,2018-01-03 12:03:50,2018-05-22 11:20:15,4.6,48.1,SP
f18112da765e0971ca5d510dec322bdd,327.8,4.0,0.0,3.0,2018-01-01 22:11:36,2018-01-02 19:20:35,1.0,54.05,SC
f181738b150df1f37cb0bd72e705b193,6186.7,4.525,0.1,3.2,2017-05-15 19:45:02,2018-08-22 16:51:32,15.433333333333334,55.16,SP
f19516b9ff26bfeb091b30108db4ddbd,727.6,2.6,0.0,1.8,2017-08-17 21:08:06,2017-11-14 21:09:04,2.966666666666667,45.72,SP
f1b854361f4e15d5851b494df66f22b2,1168.8,2.75,0.0,7.75,2018-04-15 17:02:51,2018-07-25 15:35:55,3.3333333333333335,46.69,RJ
f1b93673502375d491780bb49d615dbc,2638.9300000000003,2.7,0.2,4.1,2018-03-11 19:07:43,2018-08-18 11:57:34,5.3,40.63,SP
f1c1ac3f3efc07e659c035008e615e66,2561.96,3.5714285714285716,0.0,9.357142857142858,2017-03-30 12:39:15,2017-09-27 12:56:13,6.033333333333333,51.85,SP
f1ce5fdecd64935c28b9ff932751d0dc,158.0,4.5,0.0,3.5,2017-03-25 21:48:06,2017-06-29 17:19:23,3.1666666666666665,57.03,SP
f1ed6bd0a9b11b581f16c851c6a5a527,1677.24,4.421052631578948,0.05263157894736842,3.6842105263157894,2017-03-04 21:08:40,2018-05-19 00:41:02,14.666666666666666,55.22,RS
f1fd5ab1181f827ffad998c1a5de7d74,7045.99,4.666666666666667,0.0,5.266666666666667,2017-11-16 13:58:07,2018-08-09 06:47:46,8.833333333333334,59.15,PR
f1fdf2d13186575751aa25876536d85c,26.3,5.0,0.0,1.0,2018-03-29 21:39:51,2018-03-29 21:39:51,1.0,60.0,SP
f205b1a3ca9a34e0f8a228bae6e4c7b3,1187.0,4.888888888888889,0.0,5.111111111111111,2018-07-13 12:35:28,2018-08-26 17:28:44,1.4666666666666666,59.53,RS
f214d28e8d8e3ef068748498ccc2f813,2342.4,4.033898305084746,0.06666666666666667,1.7166666666666666,2017-08-13 12:10:48,2018-08-19 13:40:36,12.366666666666667,52.59,SP
f22a247b79dd22ecd91dc8e3b2a1b07c,479.92999999999995,3.6666666666666665,0.3333333333333333,3.0,2018-05-02 15:21:52,2018-08-23 20:21:35,3.7666666666666666,42.08,SP
f2336e113377dd21c744d9c4fc8293a9,3563.0,4.25,0.0,8.75,2017-02-22 17:46:56,2017-09-15 13:18:29,6.8,56.08,SP
f235413f677777a0738ff215d0184901,1696.7,3.6666666666666665,0.0,10.0,2017-01-16 18:36:49,2017-02-22 16:10:31,1.2,52.28,SP
f25e239052084705e17a982bc600ab2a,8178.0,4.333333333333333,0.0,5.0,2017-03-18 17:56:04,2018-08-15 18:01:23,17.166666666666668,57.34,SP
f262cbc1c910c83959f849465454ddd3,10752.68,4.004524886877828,0.08558558558558559,1.7162162162162162,2017-11-04 10:25:02,2018-08-27 07:18:36,9.833333333333334,53.22,SP
f266295f49a28eee21f413e0cbb0521d,149.8,4.5,0.0,5.5,2017-11-08 18:18:31,2017-11-09 15:06:08,1.0,57.02,PR
f26d70155c2b6326fcfa1780c8c684e4,202.89,5.0,0.0,1.0,2017-06-26 16:50:06,2017-06-26 16:50:06,1.0,60.03,SC
f27e33c6d29b5138fa9967bcd445b6d5,8888.3,4.091836734693878,0.10204081632653061,1.8265306122448979,2017-07-25 12:31:12,2018-08-25 20:24:40,13.2,52.94,SP
f3041c2e75ec683697a6a5ea82192210,145.0,5.0,0.0,1.0,2017-02-05 20:43:42,2017-02-05 20:43:42,1.0,60.02,MG
f3055483058c84d75ca2a3314fb4deef,67.5,1.0,0.0,7.0,2017-12-04 11:30:23,2017-12-04 11:30:23,1.0,36.01,BA
f307937c1bb287c3efc2a514b94b0d1d,189.99,5.0,0.0,1.0,2017-06-03 23:46:04,2017-06-03 23:46:04,1.0,60.03,MG
f326006815956455b2859abd58fe7e39,3147.16,4.7,0.0,6.866666666666666,2017-11-07 14:07:03,2018-08-01 13:30:49,8.866666666666667,58.71,SP
f3295428338a40977a03f555246a70f4,872.54,3.0,0.17647058823529413,1.6470588235294117,2017-10-23 14:59:46,2018-02-05 23:24:02,3.5,42.85,ES
f3511c85f59f8dec53d140501ee8e7a8,69.9,5.0,0.0,7.0,2017-08-13 20:03:35,2017-08-13 20:03:35,1.0,60.01,PR
f356c348fbc8df6a882823e21f5ce8b7,195.18,2.5,0.0,1.5,2018-08-17 13:57:35,2018-08-20 12:40:44,1.0,45.03,RS
f35b3c613c4f7b2275f4185d0a3c59ec,4047.25,4.555555555555555,0.2222222222222222,5.222222222222222,2018-02-28 07:37:29,2018-06-03 00:27:27,3.1333333333333333,51.33,SP
f35becee938e982bd615edf8ef12bcfb,148.59,4.0,0.0,2.3333333333333335,2017-03-09 10:36:58,2017-08-02 18:18:33,4.866666666666666,54.02,SP
f3862c2188522d89860c38a3ea8b550d,15.5,5.0,0.0,1.0,2018-05-15 17:41:00,2018-05-15 17:41:00,1.0,60.0,SP
f3975e8a41157005d4bcbb358678cd9b,178.8,5.0,0.0,5.5,2018-04-02 16:10:57,2018-08-19 14:29:37,4.6,60.03,SC
f3b80352b986ab4d1057a4b724be19d0,11173.6,4.18,0.0,3.51,2017-02-14 10:49:41,2018-07-26 19:00:25,17.566666666666666,56.91,DF
f3c38ab652836d21de61fb8314b69182,1581.0,4.266666666666667,0.06666666666666667,2.533333333333333,2018-04-11 13:05:11,2018-08-06 17:54:58,3.9,53.86,SP
f3da5b2ff499efb8d4a6d371d175d7dd,3976.6800000000003,3.8636363636363638,0.12087912087912088,1.7472527472527473,2017-11-04 09:24:45,2018-07-10 15:47:15,8.266666666666667,50.21,SP
f410c8873029fcc3809b9df6d0b28914,289.8,5.0,0.0,1.0,2018-08-08 18:22:24,2018-08-20 09:32:27,1.0,60.05,SP
f419677537694f0462a91990df6ca44f,250.45,3.857142857142857,0.14285714285714285,1.8571428571428572,2017-12-27 08:36:53,2018-03-14 15:47:48,2.566666666666667,48.9,SP
f41ce2e25237f9092cd8e6e7516c7a2f,2100.8,4.241379310344827,0.0,2.4482758620689653,2016-10-07 14:42:07,2017-12-18 14:55:09,14.566666666666666,55.79,SP
f435898e493ba0356019a0b1cb8b55b1,649.76,4.333333333333333,0.0,3.4166666666666665,2017-02-05 02:16:12,2018-05-25 10:23:03,15.8,56.11,PR
f43827dd686be3a4a80e00aa299990fb,95.54,2.0,0.0,1.0,2018-01-25 10:09:48,2018-01-25 10:09:48,1.0,42.02,SP
f44b6f775a2b390380e0e30b5c9d3eee,2930.0,4.9,0.0,4.3,2017-06-30 20:06:54,2018-08-26 13:49:27,14.033333333333333,59.88,SP
f44bdc12aa39f5271f0b95f66cd4c289,502.5,3.125,0.125,3.75,2017-11-20 15:39:42,2018-08-07 19:58:03,8.666666666666666,45.08,SP
f45122a9ab94eb4f3f8953578bc0c560,22777.47,3.9047619047619047,0.06666666666666667,2.7142857142857144,2017-02-09 22:25:41,2018-08-22 09:39:57,18.6,55.15,SP
f457c46070d02cadd8a68551231220dd,20340.7,3.8218623481781377,0.060240963855421686,1.7751004016064258,2017-12-23 17:20:36,2018-06-30 13:24:32,6.266666666666667,54.45,PR
f46490624488d3ff7ce78613913a7711,5880.65,3.4623655913978495,0.10752688172043011,2.4516129032258065,2018-05-23 13:50:08,2018-08-21 16:39:32,3.0,48.51,SP
f4a04f7be452aa3bb31760bf00055dd0,1362.0,4.684210526315789,0.05263157894736842,2.526315789473684,2017-10-31 21:47:13,2018-08-17 16:02:15,9.633333333333333,56.75,SP
f4aba7c0bca51484c30ab7bdc34bcdd1,3121.56,3.808333333333333,0.07377049180327869,1.4918032786885247,2016-10-07 15:53:31,2017-07-29 15:38:47,9.8,51.15,SP
f4c4daa86e30c7e5a553a8d518ac03a5,7712.7699999999995,3.6666666666666665,0.08333333333333333,5.333333333333333,2017-03-21 14:37:07,2017-11-27 13:26:43,8.333333333333334,50.76,PR
f4ce8ca9fa7157e3b33f536ac9a4487d,409.6,4.75,0.0,3.25,2018-07-16 08:45:31,2018-08-20 10:58:06,1.1666666666666667,58.57,SP
f4db9b37944bcb8873e6b456ee190bbf,3579.7700000000004,4.565217391304348,0.08695652173913043,4.434782608695652,2017-04-08 19:22:41,2018-08-15 10:31:34,16.433333333333334,55.37,SP
f524ad65d7e0f1daab730ef2d2e86196,578.0,1.0,1.0,6.0,2018-01-29 22:29:52,2018-01-29 22:29:52,1.0,6.09,RS
f52c2422904463fdd7741f99045fecb6,567.79,4.3076923076923075,0.07692307692307693,1.7692307692307692,2018-06-15 21:52:01,2018-08-21 18:44:58,2.2,53.63,SP
f5403d3f50089112c4eed37928b7f622,190.8,1.0,0.0,3.0,2017-02-05 18:11:48,2017-02-25 15:37:25,1.0,36.03,SP
f543ba3c973276f519d89d59bd46cead,387.0,2.3333333333333335,0.0,6.0,2018-02-09 17:36:42,2018-06-24 14:49:59,4.466666666666667,44.06,SP
f593898ec748b7a8cb81fc04edafd98a,2967.38,3.6,0.16,2.48,2017-09-17 16:34:35,2018-02-06 20:34:19,4.733333333333333,47.28,SP
f5a590cf36251cf1162ea35bef76fe84,55826.78,4.248,0.096,4.488,2017-03-28 18:48:20,2018-08-18 23:53:24,16.933333333333334,61.74,SP
f5b44895715ddfe3087dc414f30268f3,416.8,4.0476190476190474,0.047619047619047616,1.5714285714285714,2017-09-18 12:19:09,2018-07-25 20:05:09,10.333333333333334,52.92,SP
f5b84683a9bf9e1df748cf40f601b39c,83.9,5.0,0.0,5.0,2016-10-08 22:11:57,2016-10-08 22:11:57,1.0,60.01,SP
f5f1f2c5f923f36ad79ea1d07185ddc9,1912.15,3.076923076923077,0.07692307692307693,4.230769230769231,2018-02-22 14:47:02,2018-04-04 18:42:39,1.3666666666666667,46.47,SP
f5f2ab9bdb6b30c14c61be68c5ed37da,2134.6800000000003,4.277777777777778,0.1111111111111111,4.055555555555555,2016-10-05 22:53:45,2017-12-04 19:12:17,14.133333333333333,52.68,SP
f5f46307a4d15880ca14fab4ad9dfc9b,1762.94,4.090909090909091,0.09090909090909091,4.454545454545454,2017-07-12 14:37:58,2017-11-29 21:51:19,4.666666666666667,52.11,SC
f5fea3ffed6c2e889bab72705557c63a,1059.9,3.6666666666666665,0.3333333333333333,7.333333333333333,2017-02-23 12:18:09,2017-04-18 23:53:54,1.8,42.17,RJ
f6122bc84774df1b372bdb3bb88ddb9f,4799.87,3.6666666666666665,0.3333333333333333,5.333333333333333,2017-10-04 09:43:36,2018-03-19 14:01:34,5.533333333333333,42.78,SP
f615fe7efbef0f4f08fd3086bc7a3e60,2359.27,4.375,0.08333333333333333,3.25,2017-07-12 17:40:18,2017-10-21 11:08:42,3.3333333333333335,54.14,SP
f61c63d13f7cd800549d5acdd390ae72,3311.9,4.133333333333334,0.06666666666666667,2.466666666666667,2017-09-14 10:23:41,2018-08-20 10:19:46,11.3,53.34,SP
f626e15b7314c267e4429010866f70e9,193.54999999999998,4.142857142857143,0.0,1.1428571428571428,2018-02-24 09:33:05,2018-07-30 20:48:59,5.2,54.89,SP
f62d7bb4a613ec758a03342d46b580b2,26165.0,4.411764705882353,0.11764705882352941,5.705882352941177,2018-01-10 18:29:18,2018-08-09 18:02:26,7.0,57.22,MG
f63d8f293af3a6454377546bd9dd19ff,1751.82,3.8214285714285716,0.21428571428571427,2.25,2017-05-14 14:59:05,2018-02-13 16:01:40,9.166666666666666,46.79,SP
f650a9708fa1bab22bdd8d3a818cc415,599.46,3.0,0.0,4.833333333333333,2017-01-25 13:42:49,2017-08-02 14:08:18,6.3,48.1,SC
f664f98bfda2eaf266a23ff144e7a872,153.99,3.0,0.0,4.5,2017-07-18 11:48:20,2017-11-19 20:27:48,4.133333333333334,48.02,SP
f67efa3f0b6761102a7f8c6b7b571f5d,5188.68,4.4375,0.0,3.71875,2016-10-04 18:02:37,2018-04-09 10:47:49,18.366666666666667,57.47,PR
f680f85bee2d253556ac91be391d2c82,5223.82,4.290909090909091,0.01818181818181818,1.8909090909090909,2017-09-30 19:19:56,2018-08-24 21:06:11,10.933333333333334,56.05,SP
f682e0f848abafc6f41e0d4e868c66ef,269.98,3.5,0.5,2.5,2017-10-11 12:45:13,2018-05-18 14:37:45,7.3,36.04,SP
f7315bb81aea4ddca2d39e249a801c98,379.8,4.5,0.5,5.0,2018-06-14 12:12:21,2018-08-01 15:15:05,1.6,42.06,SP
f7496d659ca9fdaf323c0aae84176632,5327.37,4.620689655172414,0.06896551724137931,2.9310344827586206,2016-10-08 10:55:44,2018-08-16 11:34:12,22.566666666666666,56.53,SP
f76a3b1349b6df1ee875d1f3fa4340f0,4300.69,3.36,0.4,3.48,2018-01-04 17:09:02,2018-08-17 19:14:14,7.5,38.86,SP
f7720c4fa8e3aba4546301ab80ea1f1b,2149.35,4.197530864197531,0.037037037037037035,2.888888888888889,2017-03-28 23:13:25,2018-08-17 18:16:56,16.866666666666667,54.42,PR
f783a638e9c6af4a7d0dbfde811e7a81,1389.4,4.444444444444445,0.1111111111111111,1.7777777777777777,2018-02-04 03:44:01,2018-04-03 16:17:10,1.9333333333333333,53.56,SP
f789d2c4f2c2eb38fc4373e7a4b35264,4864.24,4.183673469387755,0.04081632653061224,2.816326530612245,2017-04-04 22:29:47,2018-08-22 11:28:14,16.8,54.67,MG
f7ba60f8c3f99e7ee4042fdef03b70c4,73380.0,4.2073170731707314,0.16260162601626016,4.788617886178862,2017-07-31 16:03:55,2018-08-26 22:37:58,13.033333333333333,62.36,SP
f7c31656c19db6275a8acadca289f426,61.56,3.0,0.0,3.0,2018-02-15 11:26:40,2018-02-15 11:26:40,1.0,48.01,SP
f7ccf836d21b2fb1de37564105216cc1,2865.4,3.824324324324324,0.09210526315789473,2.5789473684210527,2017-12-08 13:53:26,2018-08-19 22:12:22,8.466666666666667,50.65,SP
f7df46c1e0ec44eed5c6726478da4a17,429.70000000000005,1.0,0.0,6.333333333333333,2017-06-17 22:46:24,2017-07-05 23:56:40,1.0,36.07,RS
f805b96fa705ba7995a221f1749dc141,2744.44,4.428571428571429,0.0,3.2857142857142856,2017-06-28 12:18:17,2018-03-14 16:13:12,8.633333333333333,57.02,PR
f80edd2c5aaa505cc4b0a3b219abf4b8,9436.7,4.090909090909091,0.06015037593984962,2.6842105263157894,2017-04-06 15:51:57,2018-08-27 12:59:16,16.9,54.28,SP
f8201cab383e484733266d1906e2fdfa,889.0,4.1,0.2,2.1,2017-06-17 15:21:29,2018-08-11 19:39:37,14.0,48.74,SC
f84a00e60c73a49e7e851c9bdca3a5bb,6168.74,3.6534653465346536,0.09900990099009901,2.4158415841584158,2017-02-20 11:45:39,2018-07-25 11:32:31,17.3,49.96,RJ
f84fa566034f5e8e880a07ec624c56af,5153.69,4.2745098039215685,0.11650485436893204,2.0,2017-07-21 00:45:06,2018-08-14 16:22:27,12.966666666666667,52.99,SP
f88adb15807168d3c43d71021090ce4a,488.8,3.3333333333333335,0.0,2.6666666666666665,2018-04-23 22:45:21,2018-08-14 18:06:34,3.7333333333333334,50.08,SP
f8d5c7085db9a4ad2b8c1ffbeb2798c8,263.0,5.0,0.0,1.5,2017-03-30 11:59:33,2018-02-05 19:51:29,10.4,60.04,SP
f8db351d8c4c4c22c6835c19a46f01b0,52396.7,4.227931488801054,0.06028833551769332,2.1520314547837485,2017-01-25 22:46:24,2018-08-25 19:56:43,19.2,62.13,SP
f8e2c1b59cd4225a3e4fd0d013a76b93,219.8,5.0,0.0,5.0,2017-09-01 10:23:11,2017-12-31 02:09:21,4.0,60.04,SP
f8f35af4634605e6693c17cc3ffff5a8,90.0,5.0,0.0,4.0,2017-11-12 18:04:56,2017-11-12 18:04:56,1.0,60.01,MG
f90f77ef2799a27f80d90c425ca944f7,70.0,5.0,0.0,1.0,2018-05-15 08:42:18,2018-05-15 08:42:18,1.0,60.01,PR
f918546be4bec7104d117789ba758b2b,1483.0,3.8260869565217392,0.17391304347826086,3.1739130434782608,2017-12-05 09:22:52,2018-06-26 15:07:53,6.766666666666667,47.98,SP
f9244d45189d3a3605499abddeade7d5,15731.43,4.285714285714286,0.0,5.857142857142857,2017-02-07 22:29:03,2018-08-18 12:45:56,18.533333333333335,58.29,SP
f92d8c817434bd2d84d4e9c61322b7fa,174.84,4.6,0.2,1.0,2018-01-19 14:57:16,2018-07-26 18:24:47,6.266666666666667,51.63,SP
f97e2b0650c2068227e1d366140eb62f,3654.0,3.65,0.047619047619047616,4.285714285714286,2017-06-14 17:57:21,2018-08-19 09:49:20,14.333333333333334,51.07,SP
f9903dd0f812c7e771fcad47b6fff231,1684.8500000000001,2.933333333333333,0.0,5.133333333333334,2017-11-15 10:43:50,2018-08-20 14:34:51,9.266666666666667,47.87,SC
f9a02f1922d1de564392e656d82b3fda,125.9,4.0,0.0,1.0,2017-04-05 09:11:24,2017-04-05 09:11:24,1.0,54.02,SP
f9bbdd976532d50b7816d285a22bd01e,357.0,5.0,0.0,2.0,2017-05-25 23:22:43,2017-09-14 21:21:35,3.7,60.06,SP
f9d010e39375d9c91dce3f40b73a2f84,1212.0,3.0,0.4,4.8,2018-02-17 15:54:49,2018-07-23 09:02:12,5.166666666666667,36.2,SP
f9ec7093df3a7b346b7bcf7864069ca3,519.2,4.777777777777778,0.1111111111111111,1.7777777777777777,2018-07-05 06:46:44,2018-08-26 20:08:21,1.7333333333333334,55.42,SP
f9eda05b67bef472deaddbba84aca289,185.0,1.0,0.0,2.0,2018-06-05 19:06:38,2018-06-05 19:06:38,1.0,36.03,SC
f9eedec3129e8cc6b6429c42d0808c5b,789.8,4.5,0.0,4.0,2018-07-24 21:30:17,2018-07-26 00:39:18,1.0,57.13,RJ
f9f68daa2af419d38f745478bcb3da1a,22.4,3.0,0.0,1.5,2017-01-27 19:55:05,2017-04-24 09:00:17,2.8666666666666667,48.0,SP
fa14641f57b655e933124a9ea49cd7a5,359.92999999999995,4.571428571428571,0.0,1.2857142857142858,2017-05-19 18:42:14,2018-02-05 13:55:53,8.7,57.49,SP
fa18c782a4866d313cadab567097f8f1,117.98,1.0,0.0,1.0,2017-05-16 22:17:00,2017-05-16 22:17:00,1.0,36.02,MG
fa1a9dec3a9940c072684a46728bf1fc,7023.700000000001,4.016129032258065,0.0,3.6666666666666665,2016-10-06 12:22:07,2018-08-22 20:55:15,22.833333333333332,55.24,SC
fa1c13f2614d7b5c4749cbc52fecda94,203984.22,4.343801652892562,0.10180623973727422,4.773399014778325,2017-01-07 20:45:31,2018-08-29 09:48:09,19.933333333333334,86.36,SP
fa3a0b5aabb344b9a92e3524b0202123,2087.0,4.125,0.125,2.875,2018-01-26 00:09:45,2018-06-16 21:53:42,4.7,51.34,SP
fa40cc5b934574b62717c68f3d678b6d,16690.25,4.417613636363637,0.059322033898305086,1.6836158192090396,2016-10-10 00:01:50,2018-05-21 20:30:42,19.6,57.45,SP
fa5fdc4e4bb6bd1009ad0e4ac4096562,161.99,5.0,0.0,4.0,2016-10-10 12:39:06,2016-10-10 12:39:06,1.0,60.03,SP
fa74b2f3287d296e9fbd2cc80f2d1cf1,2459.89,2.3636363636363638,0.18181818181818182,4.2727272727272725,2017-07-20 16:59:53,2017-12-26 15:47:25,5.266666666666667,39.13,SP
fa7ad8ae9bcb2c4493fdf38e96b1d74f,88.0,1.0,0.0,1.0,2017-11-13 00:07:07,2017-11-13 00:07:07,1.0,36.01,SP
fa8d335d68129e464e60c1826a683e96,139.9,4.0,0.0,10.0,2017-10-20 08:49:05,2017-10-20 08:49:05,1.0,54.02,RS
fac1a9017ade7bdc94058fc1c969f355,2586.74,4.615384615384615,0.0,1.2307692307692308,2018-05-11 15:21:35,2018-08-17 14:01:36,3.2333333333333334,58.11,SP
fac35d150712afb921ec59ac5f39bb11,696.0,4.166666666666667,0.0,3.6666666666666665,2018-02-24 14:37:03,2018-07-16 13:57:23,4.7,55.11,MG
fad44952713764836814be105382aee5,5489.0,4.235294117647059,0.029411764705882353,3.4705882352941178,2018-01-04 19:21:49,2018-08-14 08:38:20,7.366666666666666,55.43,RJ
fadb07c842a2aef5d5a676b85f220e71,398.75,4.714285714285714,0.0,2.5714285714285716,2018-06-05 13:24:11,2018-08-27 15:04:59,2.7666666666666666,58.35,SP
fb3cfbc8a86f5d7fbb4d36b8df63f60d,1077.2,3.25,0.0,1.4375,2018-06-11 23:08:00,2018-08-18 15:58:52,2.2333333333333334,49.68,RJ
fb503a924a0b9db19d83dd0ac6dbef8c,13.9,5.0,0.0,3.0,2017-05-16 00:48:59,2017-05-16 00:48:59,1.0,60.0,RS
fb8904a8ea99f8831b64ce27db2c1765,417.0,4.333333333333333,0.3333333333333333,2.0,2017-11-12 14:52:36,2017-11-24 21:39:39,1.0,46.07,SP
fb89df7f89fd1b8f03fa2acca1ba7364,2434.5,3.8461538461538463,0.07692307692307693,3.0384615384615383,2017-10-10 20:21:15,2018-08-18 21:18:15,10.4,51.17,PR
fbc14c0cf93505ef89f64665ffa4a7b5,12227.82,4.176470588235294,0.05555555555555555,4.944444444444445,2017-08-17 17:36:22,2018-08-08 21:34:09,11.866666666666667,55.39,SP
fc0b214b59a83615fea981c6424a02ae,319.8,5.0,0.0,1.0,2018-08-17 10:15:31,2018-08-17 10:15:31,1.0,60.05,SP
fc38b5dceee1a730fad8853453437fbd,119.2,4.6,0.0,1.6,2017-04-05 08:23:43,2017-12-15 19:13:52,8.466666666666667,57.62,SP
fc4751cfe3b279c419615b9b00c1abb4,453.7,5.0,0.0,1.0,2017-02-16 15:53:00,2017-02-16 15:53:00,1.0,60.07,PR
fc59392d66ef99377e50356ee4f3b4e1,554.99,3.8333333333333335,0.0,2.8333333333333335,2018-05-20 01:15:58,2018-08-12 07:47:57,2.8,53.09,BA
fc5a0d7a310a7a41abf86a458585ff2b,162.8,2.5,0.0,1.5,2017-06-02 16:34:22,2018-05-16 08:53:35,11.566666666666666,45.03,SP
fc6295add6f51a0936407ead70c1001d,160.0,1.0,0.0,10.0,2017-11-06 19:20:14,2017-11-06 19:20:14,1.0,36.03,SP
fc906263ca5083d09dce42fe02247800,4607.4,4.368852459016393,0.0,2.581967213114754,2017-04-11 12:45:06,2017-12-23 18:17:06,8.533333333333333,56.97,MG
fc908879b9ca1bd65419e54e50432d38,119.19999999999999,5.0,0.0,1.25,2017-12-18 10:29:38,2018-07-25 21:39:51,7.3,60.02,SP
fc99f99385ae90f66f01733856fb88c9,89.9,1.0,0.0,2.0,2017-06-13 21:10:05,2017-06-13 21:10:05,1.0,36.01,SP
fcb5ace8bcc92f75707dc0f01a27d269,8374.43,3.810810810810811,0.02666666666666667,2.1066666666666665,2017-11-20 11:47:07,2018-08-09 23:10:26,8.733333333333333,53.43,SP
fcba71d4d5db057f43249145e4eb1e27,494.55,4.666666666666667,0.0,6.333333333333333,2017-10-30 21:45:33,2018-02-26 21:43:45,3.933333333333333,58.08,SP
fcdd820084f17e9982427971e4e9d47f,4783.99,3.259259259259259,0.07407407407407407,1.8888888888888888,2018-03-07 15:15:15,2018-08-17 11:15:25,5.4,48.12,SP
fce62094ffe6a4009188ec44e681dfdd,2969.7,3.1818181818181817,0.45454545454545453,2.272727272727273,2017-02-07 18:01:15,2018-03-01 18:07:51,12.9,35.94,SP
fcf16b7a8697e559f0123190bb30177d,1052.8,3.142857142857143,0.5714285714285714,7.857142857142857,2018-02-18 18:41:59,2018-08-13 20:33:57,5.866666666666666,31.89,SP
fd312b6bf05efac6c3772d5b52205d8a,118.69999999999999,5.0,0.0,1.0,2017-03-29 17:44:04,2017-06-26 16:04:07,2.933333333333333,60.02,SP
fd386aa7bed2af3c7035c65506c9b4a3,2477.05,4.325,0.1125,1.9,2018-02-23 10:29:24,2018-08-28 14:11:30,6.2,52.98,SP
fd435faa3c0422b60440ea3480d0e77c,749.0,5.0,0.0,10.0,2018-08-20 07:36:53,2018-08-20 07:36:53,1.0,60.12,PB
fdaaf5bfda82b7b80535610c831b8d09,2728.8,4.0,0.1875,3.0625,2017-09-05 22:14:52,2018-05-06 11:40:50,8.066666666666666,48.82,SP
fdb9095204a334cd8872252ffec6f2db,8532.0,4.15625,0.046875,3.734375,2017-06-27 23:21:05,2018-05-28 10:55:14,11.133333333333333,54.93,SP
fde0cc9ea29c8ccfc0a2c22256a58c71,4225.0,4.447368421052632,0.02631578947368421,2.3684210526315788,2017-10-11 13:27:29,2018-08-19 19:06:06,10.4,56.59,PR
fdf736c18c589ed030e058312203e1b2,30.0,5.0,0.0,1.0,2018-08-02 12:07:30,2018-08-02 12:07:30,1.0,60.0,MG
fe19dce63ae80346207c6c55713d1023,49.9,5.0,0.0,2.0,2017-01-31 15:39:27,2017-01-31 15:39:27,1.0,60.01,MG
fe1b067411b8c5066e962aa146ccee03,847.78,4.625,0.0,2.875,2018-07-24 13:41:59,2018-08-21 09:33:04,1.0,57.89,SP
fe1bbc5feda5c8979a8a1b3b2512d5a6,769.71,3.8181818181818183,0.09090909090909091,2.909090909090909,2017-02-03 06:55:52,2017-07-14 17:24:41,5.366666666666666,50.31,MG
fe2032dab1a61af8794248c8196565c9,67250.51,4.37012987012987,0.08653846153846154,4.676282051282051,2017-03-08 11:54:55,2018-08-21 15:12:32,17.7,64.62,SP
fe26f3ecb51a15e6d8335cd92da42562,2708.96,4.428571428571429,0.14285714285714285,5.142857142857143,2017-11-17 13:15:59,2018-02-18 21:05:38,3.1,52.73,SP
fe49ee029e61e789a1f3a5525f57ba8d,2527.5899999999997,4.0588235294117645,0.058823529411764705,2.0,2017-11-28 14:09:58,2018-03-26 11:59:06,3.9,53.0,SP
fe4cd9461203cee790d36792420b310f,391.15,4.0,0.0,4.0,2017-03-13 08:11:00,2017-09-06 22:28:42,5.9,54.06,MG
fe701d88b67eaca109dffd464d1be9f9,1868.7,3.8461538461538463,0.07692307692307693,2.3076923076923075,2017-11-21 23:13:30,2018-07-24 14:11:22,8.133333333333333,51.07,RJ
fe8055980a4ff7f64ed889c2b5926929,196.70000000000002,4.666666666666667,0.0,2.6666666666666665,2018-06-11 13:46:46,2018-07-25 19:07:16,1.4666666666666666,58.03,PR
fe87f472055fbcf1d7e691c00b1560dc,1085.8,4.5,0.16666666666666666,4.833333333333333,2018-05-07 13:09:18,2018-08-19 21:44:37,3.466666666666667,52.18,SP
fe9d9cf8631285d5982c6e2cf27fb114,69.9,4.0,0.0,1.0,2018-07-19 21:58:43,2018-07-19 21:58:43,1.0,54.01,MG
feb793c88d836c3a75efa4b5a3465d70,466.0,5.0,0.0,10.0,2018-03-23 19:26:13,2018-03-23 19:26:13,1.0,60.08,SP
febab0275244b9a49a623f0bd613ca2f,7647.0199999999995,4.294117647058823,0.03676470588235294,2.5220588235294117,2017-02-15 20:49:15,2018-08-17 20:05:53,18.233333333333334,55.91,SP
fec6275253471ace26d209bbaa64cd0f,2840.0,4.6,0.0,3.6,2018-01-22 11:14:54,2018-07-06 16:38:58,5.5,58.06,RJ
fec6912baad85d41729669edd6b4d3b8,210.0,1.0,0.0,1.0,2018-04-13 20:44:27,2018-04-13 20:44:27,1.0,36.03,SP
fec8cd45395b3cb0c2b173d7739706a1,1280.0,3.75,0.0,3.25,2018-01-04 11:11:33,2018-04-25 15:44:24,3.7,52.71,SP
fedaedd3ca31d56ab33e92035e4b361c,39.9,4.0,0.0,1.0,2016-10-06 20:06:26,2016-10-06 20:06:26,1.0,54.01,RJ
fedf2c1386e137f296b3bbf3b635e69d,131.74,3.2,0.0,6.4,2018-02-28 09:08:07,2018-05-23 20:01:45,2.8,49.22,SP
ff063b022a9a0aab91bad2c9088760b7,12268.5,4.288659793814433,0.030612244897959183,2.938775510204082,2017-02-14 06:59:36,2018-08-20 14:39:22,18.4,56.82,SP
ff1e15b778c700abdd4d239b81ac466d,414.3,4.571428571428571,0.0,1.0,2018-08-02 12:06:18,2018-08-21 18:42:15,1.0,57.5,PR
ff1fb4c404b2efe68b03350a8dc24122,7426.0,4.098039215686274,0.13725490196078433,1.8235294117647058,2018-01-20 23:30:17,2018-08-21 06:06:38,7.066666666666666,51.68,SP
ff314fa6033cc68ec451c47aee2d6ba4,537.9,5.0,0.0,4.5,2017-01-25 09:09:46,2017-05-19 16:09:06,3.8,60.09,SP
ff4e2d38692ce827b1a4f4b8196e680d,518.9,4.2727272727272725,0.0,1.5454545454545454,2017-08-20 16:31:57,2018-07-08 10:36:42,10.7,55.72,SP
ff4ea69c2a729e83e63c7579e4ef8170,7866.0,4.555555555555555,0.0,5.0,2017-02-28 19:07:02,2017-07-21 12:54:47,4.733333333333333,58.62,SP
ff69aa92bb6b1bf9b8b7a51c2ed9cf8b,23209.8,3.7142857142857144,0.23809523809523808,7.190476190476191,2017-12-02 19:55:21,2018-06-18 22:43:08,6.6,48.94,SP
ff82e8873fba613f2261a9acc896fd84,124.6,3.5,0.0,3.0,2017-12-06 12:41:52,2018-02-16 19:30:29,2.4,51.02,MG
ffa6adafb71b807dc13159e26431354c,2828.9,3.789473684210526,0.0,2.3157894736842106,2018-03-16 07:38:09,2018-08-13 14:18:44,5.0,53.2,PR
ffad1e7127fb622cb64a900751590acd,884.3,4.866666666666666,0.0,3.533333333333333,2018-03-13 14:21:08,2018-07-14 17:40:59,4.1,59.34,SP
ffc470761de7d0232558ba5e786e57b7,1759.9099999999999,4.28125,0.06060606060606061,1.5757575757575757,2018-02-20 18:47:21,2018-08-17 20:31:07,5.933333333333334,54.16,SP
ffcfefa19b08742c5d315f2791395ee5,69.9,1.0,0.0,1.0,2018-06-23 17:34:33,2018-06-23 17:34:33,1.0,36.01,PR
ffdd9f82b9a447f6f8d4b91554cc7dd3,2140.8,4.285714285714286,0.0,3.6666666666666665,2017-03-05 16:21:27,2018-08-19 14:37:08,17.7,56.06,PR
ffeee66ac5d5a62fe688b9d26f83f534,1839.8600000000001,4.214285714285714,0.14285714285714285,2.5714285714285716,2017-09-30 15:56:56,2018-05-14 08:55:22,7.5,51.3,SP
fffd5413c0700ac820c7069d66d98c89,9360.9,3.819672131147541,0.12903225806451613,3.532258064516129,2017-07-24 21:13:55,2018-08-26 19:56:12,13.233333333333333,50.58,SP
ffff564a4f9085cd26170f4732393726,1426.3,2.1,0.0,1.85,2016-10-07 17:37:49,2017-04-03 22:08:47,5.933333333333334,42.83,SP
