seller_names;seller_id;total_revenue;avg_review_score;late_rate;avg_installments;first_order;last_order;active_months;solvability_score;seller_state
vendeur 1;0015a82c2db000af6aaaf3ae2ecb0532;2685.0;3.6666666666666665;0.0;7.333333333333333;26/09/2017 22:17;18/10/2017 8:16;1.0;52.44;SP
vendeur 2;001cca7ae9ae17fb1caed9dfb1094831;25248.93;3.911764705882353;0.0539419087136929;3.721991701244813;04/02/2017 19:06;12/07/2018 21:38;17.433333333333334;55.98;ES
vendeur 3;001e6ad469a905060d959994f1b41e4f;250.0;1.0;0.0;3.0;07/08/2018 22:50;07/08/2018 22:50;1.0;36.04;RJ
vendeur 4;002100f778ceb8431b7a1020ff7ab48f;1303.1;4.033898305084746;0.1525423728813559;1.4406779661016949;14/09/2017 1:00;12/04/2018 12:58;7.0;49.84;SP
vendeur 5;003554e2dce176b5555353e4f3555ac8;120.0;5.0;0.0;3.0;15/12/2017 6:52;15/12/2017 6:52;1.0;60.02;GO
vendeur 6;004c9cd9d87a3c30c522c48c4fc07416;25385.3;4.101941747572815;0.0717703349282296;4.033492822966507;27/01/2017 10:34;03/05/2018 11:13;15.366666666666667;56.61;SP
vendeur 7;00720abe85ba0859807595bbf045a33b;1007.5;3.6538461538461537;0.0769230769230769;2.0;27/01/2018 13:46;03/08/2018 16:57;6.266666666666667;49.78;SP
vendeur 8;00ab3eff1b5192e5f1a63bcecfee11c8;98.0;5.0;0.0;2.0;18/03/2017 11:40;18/03/2017 11:40;1.0;60.02;SP
vendeur 9;00d8b143d12632bad99c0ad66ad52825;86.0;5.0;0.0;5.0;21/03/2018 11:17;21/03/2018 11:17;1.0;60.01;MG
vendeur 10;00ee68308b45bc5e2660cd833c3f81cc;21959.0;4.292553191489362;0.0793650793650793;3.386243386243386;19/09/2017 1:02;09/08/2018 20:45;10.8;56.96;SP
vendeur 11;00fc707aaaad2d31347cf883cd2dfe10;13409.9;3.7375886524822697;0.0422535211267605;2.105633802816901;31/01/2018 15:33;13/06/2018 16:19;4.433333333333334;53.35;PR
vendeur 12;010543a62bd80aa422851e79a3bc7540;1416.0;4.5;0.0;6.5;04/07/2017 17:54;02/08/2017 13:49;1.0;57.23;SP
vendeur 13;010da0602d7774602cd1b3f5fb7b709e;849.5;1.0;0.0;5.0;06/06/2018 18:37;06/06/2018 18:37;1.0;36.14;SP
vendeur 14;011b0eaba87386a2ae96a7d32bb531d1;99.98;4.0;0.0;1.0;06/10/2016 7:08;06/10/2016 7:08;1.0;54.02;SP
vendeur 15;01266d4c46afa519678d16a8b683d325;90.25;5.0;0.0;1.3333333333333333;02/08/2018 16:07;20/08/2018 19:14;1.0;60.01;PR
vendeur 16;013900e863eace745d3ec7614cab5b1a;1664.6;4.7407407407407405;0.0;3.4814814814814814;04/03/2017 10:02;13/04/2018 16:35;13.5;58.72;PR
vendeur 17;014c0679dd340a0e338872e7ec85666a;7168.0;3.625;0.125;6.3125;26/01/2017 0:20;04/07/2018 23:17;17.466666666666665;49.17;MG
vendeur 18;014d9a685fd57276679edd00e07089e5;729.88;3.8333333333333335;0.0;4.583333333333333;21/11/2017 13:22;17/08/2018 13:13;8.933333333333334;53.12;PR
vendeur 19;0176f73cc1195f367f7b32db1e5b3aa8;4853.0;4.05;0.1;3.875;16/11/2017 17:42;13/08/2018 17:54;9.0;52.09;SP
vendeur 20;01bcc9d254a0143f0ce9791b960b2a47;1756.79;4.333333333333333;0.0;1.8461538461538465;12/08/2017 16:25;02/02/2018 10:03;5.766666666666667;56.29;GO
vendeur 21;01c97ebb5cdac52891c0ed1c37ba0012;577.5;4.083333333333333;0.0;1.75;13/04/2017 23:47;31/07/2018 19:13;15.766666666666667;54.59;SP
vendeur 22;01cf7e3d21494c41fb86034f2e714fa1;13228.46;4.2967032967032965;0.0326086956521739;2.652173913043478;06/10/2016 18:03;26/02/2018 9:41;16.9;56.96;PR
vendeur 23;01ed254b9ff8407dfb9d99ba1e17d923;1465.99;5.0;0.0;4.8;04/08/2017 10:33;08/11/2017 20:24;3.2;60.24;SP
vendeur 24;01fd077212124329bac32490e8ef80d9;1247.0;4.3;0.025;1.1;16/04/2018 10:44;24/08/2018 17:52;4.333333333333333;55.25;SP
vendeur 25;01fdefa7697d26ad920e9e0346d4bd1b;15237.03;4.358208955223881;0.0592592592592592;2.9851851851851854;26/04/2017 15:57;20/08/2018 21:50;16.033333333333335;56.86;PR
vendeur 26;0241d4d5d36f10f80c644447315af0bd;33888.200000000004;4.306818181818182;0.0528301886792452;3.720754716981132;08/10/2017 19:00;28/08/2018 15:11;10.766666666666667;59.8;PR
vendeur 27;0249d282d911d23cb8b869ab49c99f53;393.0;4.2727272727272725;0.1818181818181818;1.818181818181818;18/09/2017 20:48;22/03/2018 22:37;6.166666666666667;50.25;SP
vendeur 28;024b564ae893ce8e9bfa02c10a401ece;706.4000000000001;4.75;0.0;3.25;05/10/2016 12:41;12/02/2017 18:46;4.333333333333333;58.61;SP
vendeur 29;028872bfa080090a9d0abd4f1af168f8;70.5;5.0;0.0;1.0;19/08/2017 9:10;19/08/2017 9:10;1.0;60.01;MG
vendeur 30;02a2272692e13558373c66db98f05e2e;54.98;3.0;0.0;4.0;06/02/2017 15:33;08/03/2017 11:51;1.0;48.01;RJ
vendeur 31;02b72cdeb9cfcc429f1af6f4e3f3b737;522.65;4.75;0.0;2.5;25/07/2018 21:20;22/08/2018 20:09;1.0;58.58;SP
vendeur 32;02c988090b766852e088c69d7fb3b551;1694.23;4.277777777777778;0.0;2.1578947368421053;16/07/2017 12:39;15/08/2018 9:44;13.133333333333333;55.94;SP
vendeur 33;02d35243ea2e497335cd0f076b45675d;5794.0;2.6875;0.375;4.25;29/04/2017 22:33;02/08/2018 17:53;15.3;35.82;RN
vendeur 34;02dcd3e8e25bee036e32512bcf175493;1641.9;3.3157894736842106;0.3684210526315789;1.368421052631579;28/10/2017 12:09;22/08/2018 16:20;9.933333333333334;39.11;MG
vendeur 35;02ecc2a19303f05e59ce133fd923fff7;5503.09;4.56;0.0;5.88;18/06/2017 18:04;21/08/2018 20:13;14.3;58.26;SP
vendeur 36;02f5837340d7eb4f653d676c7256523a;3883.05;4.833333333333333;0.0333333333333333;3.333333333333333;01/11/2017 20:55;08/08/2018 14:13;9.3;58.63;PR
vendeur 37;02f623a8eb246f3c5f7c2f96462654e6;6518.0;4.545454545454546;0.0888888888888888;2.1555555555555554;25/04/2018 15:13;22/08/2018 23:52;3.966666666666667;55.67;SP
vendeur 38;0307f7565ff85b299b6e5ef162b1b1a9;4762.6;2.888888888888889;0.0;4.222222222222222;10/10/2016 18:09;25/05/2017 7:49;7.533333333333333;48.11;SP
vendeur 39;0336182e1b3e92f029d5354832045fdf;29.8;2.0;0.0;3.0;05/10/2016 19:09;05/10/2016 19:09;1.0;42.0;SP
vendeur 40;034b9387752bfa309f350a70cd45ffa3;108.0;4.444444444444445;0.0;1.0;11/04/2018 15:53;22/08/2018 16:05;4.433333333333334;56.68;SC
vendeur 41;038b75b729c8a9a04b0d07cba7eabe86;467.0;3.5;0.5;6.0;20/04/2018 12:29;22/04/2018 18:42;1.0;36.08;SP
vendeur 42;039b29ff3b3473435d0cd59040575de9;114.9;4.444444444444445;0.0;1.2222222222222223;26/04/2018 11:32;23/08/2018 13:56;3.966666666666667;56.68;SP
vendeur 43;039e6ad9dae79614493083e241147386;12925.0;4.0;0.2;7.2;03/04/2018 11:35;10/07/2018 20:53;3.2666666666666666;50.11;SP
vendeur 44;03a2a6dcbe45d639c4dc2a0d24769c40;1078.41;4.111111111111111;0.1111111111111111;3.0;13/03/2018 8:11;15/08/2018 18:21;5.166666666666667;51.51;SP
vendeur 45;03bd479e1d9484cdb14104d3023f7321;359.70000000000005;4.333333333333333;0.3333333333333333;1.6666666666666667;09/05/2018 17:37;24/07/2018 17:28;2.5;46.06;MG
vendeur 46;0417b067eeab773d2f7061a726dc477f;1938.77;4.0;0.2857142857142857;2.7857142857142856;01/03/2018 20:13;20/08/2018 12:38;5.7;45.75;SC
vendeur 47;042573af89b6d931f672efaf789d8358;471.98;4.0;0.25;1.0;21/01/2018 17:44;11/02/2018 13:08;1.0;46.58;SP
vendeur 48;04308b1ee57b6625f47df1d56f00eedf;60130.6;3.882978723404255;0.1170212765957446;5.5212765957446805;14/11/2017 16:57;12/08/2018 0:13;9.0;59.62;SC
vendeur 49;0432ead42b6c8a0bdf68154add917fdf;8091.6;4.505263157894737;0.031578947368421;2.968421052631579;02/04/2017 16:31;27/07/2018 18:03;16.033333333333335;57.41;SP
vendeur 50;044668ccd5316b12a7cf0d54a156e3e9;173.13;5.0;0.0;1.0;08/08/2018 17:54;20/08/2018 21:07;1.0;60.03;SP
vendeur 51;04843805947f0fc584fc1969b6e50fe7;1400.0;5.0;1.0;8.0;05/08/2018 14:55;05/08/2018 14:55;1.0;30.23;RS
vendeur 52;048c2757535328e0d7dac690ad3c0aae;9521.38;4.211538461538462;0.1320754716981132;3.830188679245283;04/03/2017 15:23;21/08/2018 16:31;17.833333333333332;52.86;SP
vendeur 53;04aa0a1c5ce6b222003403a3e11c3cc0;5518.0;3.5294117647058822;0.1176470588235294;5.235294117647059;22/03/2017 17:10;24/01/2018 11:40;10.233333333333333;48.55;SP
vendeur 54;04aba03279157f6d4e0fe8ccaf21963c;2575.9;4.3125;0.0625;4.5625;10/05/2017 11:51;26/08/2018 13:25;15.766666666666667;54.42;RJ
vendeur 55;04e38a233f726ef161074ab1c9b0399a;1449.1;3.827586206896552;0.1034482758620689;1.7241379310344829;15/09/2017 0:53;05/05/2018 21:12;7.733333333333333;50.1;SP
vendeur 56;04ee0ec01589969663ba5967c0e0bdc0;289.49;5.0;0.0;5.0;21/08/2018 11:29;21/08/2018 11:29;1.0;60.05;RS
vendeur 57;04fdea0c111866e6cf812f1570d6b5bd;1055.0;3.2;0.1;2.5;14/10/2017 9:11;31/01/2018 13:57;3.633333333333333;46.37;SP
vendeur 58;0509040ea3fe50071181bbc359eb7738;3851.15;4.49;0.0686274509803921;2.0686274509803924;03/05/2017 14:22;02/08/2018 12:05;15.166666666666666;55.51;MG
vendeur 59;052577151711aec5c744fe12e66db3e1;2748.0;2.25;0.0;5.5;26/10/2017 18:35;20/12/2017 12:01;1.8;43.95;SC
vendeur 60;054694fa03fe82cec4b7551487331d74;9983.1;3.363636363636364;0.2727272727272727;4.5;07/01/2017 17:20;09/04/2018 16:57;15.2;43.63;SP
vendeur 61;056b4ada5bbc2c50cc7842547dda6b51;12333.39;4.123076923076923;0.106060606060606;5.045454545454546;01/12/2017 10:20;23/08/2018 13:21;8.833333333333334;53.57;RJ
vendeur 62;0570350b23eda5444f8d1d9544932058;626.9;5.0;0.0;4.909090909090909;12/04/2018 23:43;22/05/2018 20:17;1.3;60.1;SP
vendeur 63;05730013efda596306417c3b09302475;952.0;5.0;0.0;2.25;06/07/2018 18:37;22/08/2018 20:16;1.5666666666666669;60.16;SC
vendeur 64;058cb5aeb36d7c0fcae20fc85d5e0a59;1328.0;3.3846153846153846;0.0769230769230769;3.8461538461538463;25/09/2017 22:41;14/08/2018 23:23;10.766666666666667;48.22;RJ
vendeur 65;058fd0aa2bfdb2274e05e1ae971dabb6;7889.9;4.348484848484849;0.0757575757575757;3.4242424242424243;03/08/2017 11:36;07/06/2018 19:45;10.266666666666667;55.11;SP
vendeur 66;05a48cc8859962767935ab9087417fbb;42.9;5.0;0.0;1.0;02/08/2018 12:05;02/08/2018 12:05;1.0;60.01;SP
vendeur 67;05a940b4ecae36cadfd8e93bd9c43257;952.0;3.9;0.0;2.0;16/07/2017 17:22;19/02/2018 15:20;7.233333333333333;53.56;GO
vendeur 68;05aebce0b5c8f0d41b29b686f2d05fd3;74.99000000000001;5.0;0.5;1.0;05/03/2018 16:24;10/08/2018 16:15;5.233333333333333;45.01;SP
vendeur 69;05ca864204d09595ae591b93ea9cf93d;179.9;5.0;1.0;1.0;16/08/2018 9:18;16/08/2018 9:18;1.0;30.03;SP
vendeur 70;05d2173d43ea568aa0540eba70d2ca76;5772.73;4.015384615384615;0.0597014925373134;2.074626865671642;27/09/2017 12:01;12/08/2018 20:44;10.633333333333333;53.24;MG
vendeur 71;05e107217c7266362fd44b75b2cd4cc4;193.38;4.125;0.5;1.75;29/06/2018 23:02;21/08/2018 5:26;1.7333333333333334;39.78;SP
vendeur 72;05f51e13da97139648b8125c31e5f51b;13769.01;4.095238095238095;0.1428571428571428;3.65079365079365;10/07/2017 16:09;23/03/2018 10:44;8.5;52.54;MG
vendeur 73;05feb94f19d094d4b0f9281f0b1d4c99;11016.0;4.571428571428571;0.0;6.571428571428571;14/08/2017 8:05;18/02/2018 18:26;6.266666666666667;59.23;SP
vendeur 74;05ff92fedb5be47920fea08e501238b9;23368.38;4.136363636363637;0.0454545454545454;3.712121212121212;04/10/2016 16:02;07/08/2018 21:31;22.4;57.28;RS
vendeur 75;062c325cd6a2b87845fab56b4ec2eeae;133.22;5.0;0.0;1.5;07/05/2018 11:48;01/08/2018 21:33;2.8666666666666667;60.02;SP
vendeur 76;062ce95fa2ad4dfaedfc79260130565f;7604.8;4.0;0.032258064516129;3.177419354838709;26/01/2017 18:48;10/09/2017 0:14;7.533333333333333;54.28;RS
vendeur 77;06532f10282704ef4c69168b914b77be;21211.9;1.7837837837837838;0.0;2.135135135135135;03/03/2017 14:12;18/08/2017 16:26;5.6;44.17;PR
vendeur 78;06579cb253ecd5a3a12a9e6eb6bf8f47;4797.1;3.7260273972602738;0.1506849315068493;2.9315068493150687;03/08/2017 17:47;11/08/2018 21:27;12.433333333333334;48.62;SP
vendeur 79;066a6914e1ebf3ea95a216c73a986b91;9496.36;4.0;0.0394736842105263;2.776315789473684;06/10/2016 17:10;10/08/2018 12:12;22.4;54.37;PR
vendeur 80;0691148aee60ca47977c187804f935ae;6288.01;4.068965517241379;0.0344827586206896;2.9655172413793105;24/11/2017 15:13;27/08/2018 8:56;9.166666666666666;54.41;PR
vendeur 81;0692610d8abe24f287e9fae90ea0bbee;173.99;4.0;0.25;1.0;02/06/2018 11:14;22/08/2018 15:45;2.7;46.53;SP
vendeur 82;06a2c3af7b3aee5d69171b0e14f0ee87;36786.9;3.987593052109181;0.2341463414634146;2.9390243902439024;19/01/2018 9:51;22/08/2018 11:49;7.166666666666667;52.92;MA
vendeur 83;06bb3a2fe5e7b7a845b13e8fb91bd944;1618.19;4.631578947368421;0.0;2.3684210526315788;11/09/2017 8:09;04/07/2018 22:45;9.866666666666667;58.05;MG
vendeur 84;06df0c10d34e459d9672bc77388742eb;9070.0;4.366666666666666;0.1;3.933333333333333;16/03/2018 13:58;06/08/2018 19:44;4.766666666666667;54.68;PR
vendeur 85;06e5eefc71ec47ae763c5c6f8db7064f;23461.68;3.857142857142857;0.02;3.17;25/04/2017 16:33;22/08/2018 17:14;16.133333333333333;56.38;RS
vendeur 86;07017df32dc5f2f1d2801e579548d620;946.49;4.111111111111111;0.0;3.4444444444444446;08/03/2017 15:00;29/07/2018 21:34;16.933333333333334;54.82;PB
vendeur 87;070d165398b553f3b4b851c216b8a358;4918.55;3.7111111111111112;0.108695652173913;2.3043478260869565;24/08/2017 10:29;16/08/2018 14:21;11.9;49.81;SP
vendeur 88;0725b8c0f3f906e58f70cbe76b7c748c;2314.5;3.5121951219512195;0.1951219512195122;3.414634146341464;20/01/2017 17:23;07/08/2018 17:41;18.8;45.6;SP
vendeur 89;0743a0239d764b9a0f959a57d07e36ab;385.95;4.8;0.0;2.0;24/07/2018 10:50;04/08/2018 17:01;1.0;58.86;SP
vendeur 90;0747d5bb69f0586cc869d8af4c50f93e;346.6;3.466666666666667;0.0666666666666666;2.466666666666667;06/10/2016 13:39;25/06/2017 17:54;8.733333333333333;48.86;RJ
vendeur 91;0761743cbffb25d7148189e9f1a5f03a;241.2;4.285714285714286;0.0;1.7142857142857142;30/11/2017 9:38;02/02/2018 18:42;2.1333333333333333;55.75;SP
vendeur 92;077c5fae4bea9500e3737b16f71b9d3a;106.8;4.666666666666667;0.0;1.0;19/09/2017 12:44;22/06/2018 13:20;9.2;58.02;SP
vendeur 93;0791d9fc1e30678ecf03d3e55fa108d3;842.0;2.727272727272727;0.0;6.2727272727272725;15/05/2018 14:03;24/07/2018 16:03;2.333333333333333;46.5;MG
vendeur 94;079d295dcbf06ee8bb1b65ba964eb2b6;349.3;4.8;0.0;5.4;25/06/2018 12:37;09/08/2018 20:00;1.5;58.86;SP
vendeur 95;07a9bc7f61396b658ddf3ac534efe44c;239.8;3.5;0.0;3.0;26/06/2017 11:44;26/06/2017 11:44;1.0;51.04;SP
vendeur 96;07bf9669d84d1f11be443a9dd938f698;1776.0;3.25;0.0;4.416666666666667;08/03/2017 16:34;27/06/2018 9:01;15.833333333333334;49.79;SP
vendeur 97;07d75e33f2750d97d467fb57e4dfdd8a;722.4;2.5;0.0;3.5;06/03/2018 9:17;07/05/2018 9:49;2.066666666666667;45.12;SP
vendeur 98;07de60b03d150fb3ea09eab5da5e4c8b;862.9000000000001;4.363636363636363;0.0909090909090909;3.4545454545454546;31/01/2018 23:06;18/08/2018 20:44;6.6;53.6;SP
vendeur 99;07e8e8fc5222bb358e6f259da3197074;51.8;4.0;0.0;1.5;21/02/2018 6:27;08/08/2018 22:13;5.6;54.01;SP
vendeur 100;080102cd0a76b09e0dcf55fcacc60e05;5788.56;4.5;0.0378787878787878;1.3106060606060606;23/07/2017 11:22;26/08/2018 16:26;13.3;56.81;MG
vendeur 101;080199a181c46c657dc5aa235411be3b;14683.69;4.614457831325301;0.0238095238095238;3.130952380952381;20/09/2017 5:02;24/08/2018 11:43;11.266666666666667;59.37;SP
vendeur 102;08061dc0fc165ed41288cc7acde738ee;152.8;4.6;0.2;1.0;23/03/2017 0:48;14/11/2017 12:48;7.866666666666666;51.62;SP
vendeur 103;08084d990eb3f53af056ccbc1730c8a7;372.5;4.454545454545454;0.0;1.3333333333333333;08/02/2018 7:04;14/08/2018 20:56;6.233333333333333;56.79;SP
vendeur 104;081acf3de680d554796c9cf041be7bc2;1597.3;4.125;0.125;9.75;27/11/2017 14:39;23/05/2018 18:30;5.9;51.26;MG
vendeur 105;082e0bf4cb865a6533b1e8e498cc0255;2073.3;3.3043478260869565;0.1304347826086956;5.652173913043479;29/10/2017 13:42;17/08/2018 7:09;9.7;46.25;SP
vendeur 106;085f6f7e049c996695fb2074fe38d45e;324.20000000000005;3.7777777777777777;0.0;2.555555555555556;26/02/2018 14:22;02/05/2018 15:25;2.1666666666666665;52.72;SP
vendeur 107;08633c14ef2db992c11f840f04fad4cd;7644.3;4.237113402061856;0.0618556701030927;2.979381443298969;13/12/2017 9:15;24/08/2018 14:57;8.466666666666667;54.82;SP
vendeur 108;0873d9f8f36123f8d910f4760e788cfb;7265.59;3.1666666666666665;0.5;9.5;07/05/2018 20:22;14/08/2018 14:19;3.2666666666666666;35.19;SP
vendeur 109;0885aaf116795758dfeb5f1032487bcd;2827.9;4.225806451612903;0.032258064516129;4.193548387096774;14/12/2017 21:06;19/08/2018 17:17;8.233333333333333;54.85;SP
vendeur 110;0887a9f087bcd5d9f6642b52f897fc6c;1642.0;4.416666666666667;0.0833333333333333;3.6666666666666665;02/02/2017 15:22;05/08/2017 13:51;6.1;54.27;SP
vendeur 111;08ad4ac1388e4420ca531c3edfc46198;221.62;2.7142857142857144;0.0;1.5714285714285714;11/06/2018 19:55;18/08/2018 18:52;2.2333333333333334;46.32;SP
vendeur 112;08cdbae123ff67ca4e36d9d641ce0119;3517.99;2.4285714285714284;0.7142857142857143;6.714285714285714;20/02/2018 8:12;29/07/2018 15:29;5.3;23.72;MG
vendeur 113;08d0949a9a17c027262db1f3c450c26c;354.7;3.5384615384615383;0.0;2.3846153846153846;21/08/2017 13:38;23/08/2018 0:54;12.2;51.29;PR
vendeur 114;08d1c9478fb0d7d7fcac9c0da4e82fc7;538.0;5.0;0.0;2.0;12/06/2018 8:29;12/06/2018 8:29;1.0;60.09;MG
vendeur 115;08d2d642cf72b622b14dde1d2f5eb2f5;944.0;4.428571428571429;0.1363636363636363;1.5454545454545454;12/02/2017 21:40;06/12/2017 8:31;9.866666666666667;52.63;SP
vendeur 116;08f5819815f3d06545011850bd70f0a8;452.0;4.666666666666667;0.0;3.333333333333333;21/06/2018 0:56;12/08/2018 16:01;1.7333333333333334;58.07;SP
vendeur 117;091065b789659bc3cd9af9cb3a6253ff;1359.0;3.5;0.0;2.5;15/10/2017 13:01;18/01/2018 17:13;3.1666666666666665;51.22;RS
vendeur 118;0936e1837d0c79253456bbb2ffaaef10;38.9;5.0;0.0;7.0;11/04/2017 22:09;11/04/2017 22:09;1.0;60.01;SP
vendeur 119;093805f8f2aeb63881444571e1f48f30;1215.79;3.814814814814815;0.037037037037037;2.4074074074074074;31/08/2017 20:38;30/01/2018 12:01;5.033333333333333;51.98;SP
vendeur 120;094ced053e257ae8cae57205592d6712;1538.1;4.1;0.0;2.6;04/04/2018 20:43;30/07/2018 10:59;3.866666666666666;54.85;SP
vendeur 121;0951a6e282947e09cd47969f4ed0b47f;492.3;4.857142857142857;0.0;2.571428571428572;26/07/2018 9:25;27/08/2018 14:39;1.0666666666666669;59.22;SP
vendeur 122;09883d9ab71c8fe8a9bfc7fc3075b07e;329.5;3.4;0.2;2.4;25/04/2017 17:46;24/11/2017 10:37;7.066666666666666;44.45;SP
vendeur 123;099095b050cfe8eb1ddff5317587e96e;5193.83;2.95;0.15;3.65;16/12/2017 9:01;13/08/2018 18:43;8.0;44.05;SP
vendeur 124;09bad886111255c5b5030314fc7f1a4a;487.5;5.0;0.0;1.6;08/08/2018 18:25;27/08/2018 19:37;1.0;60.08;SP
vendeur 125;09f952a5f58d2285b0372551ae8f9b01;14767.42;3.742424242424242;0.0454545454545454;3.590909090909091;15/09/2017 9:24;24/08/2018 22:21;11.433333333333334;53.51;SP
vendeur 126;0a198e95d32b1be2da9424c962a6ebfa;69.99;5.0;0.0;1.0;13/06/2018 12:09;13/06/2018 12:09;1.0;60.01;MG
vendeur 127;0a82f5fb06a4fe4ac2cf7cb412ec71b8;462.0;5.0;0.0;2.5;03/02/2018 13:14;31/03/2018 12:09;1.8333333333333333;60.07;SP
vendeur 128;0a85ebe4e328db81ac9109781205e2f7;667.9;4.583333333333333;0.0833333333333333;2.25;11/05/2018 10:18;24/08/2018 15:40;3.5;55.11;SP
vendeur 129;0aa124728afc1131dff5655f4c6f487b;850.92;1.0;0.0;3.0;16/07/2018 10:15;13/08/2018 12:56;1.0;36.14;MG
vendeur 130;0aa2205ca24f113f4658a5c536667426;815.62;2.8181818181818183;0.0;1.0;18/04/2018 11:16;14/08/2018 17:39;3.933333333333333;47.04;SP
vendeur 131;0ac4201fda2c68ebc0e47cb9423cf3c9;1716.87;4.333333333333333;0.0666666666666666;3.533333333333333;19/06/2017 8:18;17/06/2018 13:20;12.1;54.28;SP
vendeur 132;0ad80de75c811326389cfb1daba7d45e;1449.4;5.0;0.0;3.1666666666666665;19/10/2017 8:38;05/01/2018 20:37;2.6;60.24;RJ
vendeur 133;0adac9fbd9a2b63cccaac4f8756c1ca8;16156.25;3.905405405405405;0.046979865771812;3.0268456375838926;22/01/2017 20:25;16/08/2018 20:56;19.03333333333333;54.66;SP
vendeur 134;0ade5cc4a305ed7093a23f68ca47519c;158.88;5.0;0.0;5.5;24/11/2017 9:11;21/01/2018 14:20;1.933333333333333;60.03;PR
vendeur 135;0aea4c6ae1505b3228ddf3dd7822ee5b;1985.87;4.1;0.2;3.9;09/10/2017 20:23;30/04/2018 7:04;6.733333333333333;48.92;SP
vendeur 136;0af2ab31141893d26aca5a404a537dab;59.0;5.0;0.0;5.0;23/08/2018 22:37;23/08/2018 22:37;1.0;60.01;SP
vendeur 137;0af977692321d895349eded183341d28;257.75;4.5;0.0;5.0;01/04/2018 2:54;20/08/2018 16:20;4.7;57.04;SP
vendeur 138;0afccdb8a34ee5c79f7c06faf2b4d56e;1225.5;4.041666666666667;0.08;1.56;05/04/2017 11:04;07/04/2018 13:48;12.233333333333333;52.05;MG
vendeur 139;0b09101900100c0e9d312861fad5a1b9;153.75;4.0;0.0;8.0;27/01/2017 14:59;27/01/2017 14:59;1.0;54.02;SP
vendeur 140;0b0ddbc7b9d9584f442c7ac92b0ff6c9;1416.76;4.666666666666667;0.0;5.666666666666667;30/03/2018 20:29;04/06/2018 23:21;2.2;58.23;SP
vendeur 141;0b18d63d0cd1d723567903fd34a07df2;1678.14;4.785714285714286;0.0;3.2857142857142856;11/04/2017 14:30;12/06/2018 23:52;14.233333333333333;58.99;SP
vendeur 142;0b1ca3ef18a63d7eb0c8897fa0849c08;55.0;5.0;0.0;1.0;12/04/2018 0:10;12/04/2018 0:10;1.0;60.01;SP
vendeur 143;0b35c634521043bf4b47e21547b99ab5;13753.45;3.5316455696202533;0.1125;6.0375;07/12/2017 11:06;12/08/2018 2:11;8.233333333333333;50.06;PR
vendeur 144;0b36063d5818f81ccb94b54adfaebbf5;765.0;5.0;0.0;10.0;30/01/2017 21:44;30/01/2017 21:44;1.0;60.12;SC
vendeur 145;0b3f27369a4d8df98f7eb91077e438ac;245.18;3.6666666666666665;0.0;8.333333333333334;13/11/2017 15:19;22/11/2017 18:38;1.0;52.04;SP
vendeur 146;0b46f784306be7200ca1700aa55d819f;19.9;5.0;0.0;1.0;19/03/2017 8:36;19/03/2017 8:36;1.0;60.0;MG
vendeur 147;0b64bcdb0784abc139af04077d49a20e;137.6;4.75;0.0;1.0;06/04/2018 19:54;13/07/2018 10:56;3.2333333333333334;58.52;RS
vendeur 148;0b90b6df587eb83608a64ea8b390cf07;29374.36;4.00462962962963;0.032258064516129;2.3179723502304146;24/10/2017 14:48;16/08/2018 22:03;9.866666666666667;57.86;PR
vendeur 149;0bae85eb84b9fb3bd773911e89288d54;7753.5;4.194805194805195;0.0064935064935064;2.7337662337662336;24/03/2017 21:48;21/08/2018 20:24;17.133333333333333;56.24;SP
vendeur 150;0bb27263628258b8111a0262769fa9db;22.2;5.0;0.0;3.0;01/04/2017 17:24;01/04/2017 17:24;1.0;60.0;SP
vendeur 151;0bb738e4d789e63e2267697c42d35a2d;2388.3;4.580645161290323;0.032258064516129;1.870967741935484;01/02/2017 12:59;20/06/2018 6:58;16.766666666666666;56.91;SP
vendeur 152;0be8ff43f22e456b4e0371b2245e4d01;11975.2;3.912568306010929;0.0601092896174863;2.453551912568306;09/05/2017 10:57;29/08/2018 10:22;15.866666666666667;53.63;SP
vendeur 153;0bebbb2cea103a4a020c95d43fd7d754;1367.2;4.888888888888889;0.0;2.7777777777777777;30/06/2018 19:07;28/08/2018 12:48;1.933333333333333;59.56;SP
vendeur 154;0bf0150d5b9d60d9cd2906003332f085;5879.400000000001;3.7540983606557377;0.1875;3.0;16/02/2017 23:15;14/07/2018 14:08;17.066666666666666;47.86;SP
vendeur 155;0bfd0b434243adc5c2e1aa6baf19c6aa;371.2000000000001;3.6666666666666665;0.0;2.5;23/10/2017 22:16;03/02/2018 23:27;3.433333333333333;52.06;RJ
vendeur 156;0c7533c71df861ec58ad7ff999ed0e8d;3174.6;3.9220779220779214;0.0389610389610389;2.220779220779221;11/07/2017 23:14;28/07/2018 10:25;12.7;52.88;SP
vendeur 157;0c7f30ae9b147eca07affbef92832a6a;479.5;5.0;0.0;1.6;03/03/2017 11:02;17/04/2017 20:12;1.5;60.08;PR
vendeur 158;0c8380b62e38e8a1e6adbeba7eb9688c;18645.19;4.080508474576271;0.0504201680672268;3.827731092436975;04/10/2016 17:25;21/08/2018 10:38;22.83333333333333;56.02;MG
vendeur 159;0cab2da43793a6f3c5ed8514c5f54627;309.70000000000005;5.0;0.0;2.333333333333333;11/05/2018 10:26;27/07/2018 10:30;2.566666666666667;60.05;PR
vendeur 160;0cbcee27c791afa0cdcb08587a2013a8;5594.15;3.9069767441860463;0.0930232558139534;3.046511627906977;09/10/2016 15:39;14/07/2018 18:39;21.433333333333334;51.57;MG
vendeur 161;0d33a55da925bbf1ff02af5f6059fc7f;575.3;4.52;0.04;1.44;09/11/2017 12:56;01/08/2018 12:32;8.8;56.01;SP
vendeur 162;0d4c8269e7f0401201794deef160edd6;792.64;4.0;0.0;7.5;17/10/2017 22:36;07/11/2017 17:17;1.0;54.13;SP
vendeur 163;0d83f8e03188682112cc0d93523705cc;696.26;2.75;0.5;3.5;14/11/2017 9:05;22/01/2018 11:52;2.3;31.61;RS
vendeur 164;0d85bbda9889ce1f7e63778d24f346eb;4965.0;4.166666666666667;0.2;3.7;22/03/2017 17:40;27/03/2018 7:30;12.3;49.81;MG
vendeur 165;0daf5180aa44356f60f8effa533b55a2;144.8;5.0;0.5;2.0;30/07/2018 12:19;20/08/2018 14:16;1.0;45.02;GO
vendeur 166;0db783cfcd3b73998abc6e10e59a102f;9458.4;4.219858156028369;0.0352112676056338;2.8380281690140845;08/10/2016 20:02;07/04/2018 15:24;18.166666666666668;55.81;SP
vendeur 167;0dd184061fb0eaa7ca37932c68ab91c5;18832.92;3.938461538461538;0.1020408163265306;2.9285714285714284;04/12/2017 19:18;16/08/2018 13:52;8.466666666666667;53.65;SP
vendeur 168;0ddefe3c7a032b91f4e25b9c3a08fca1;402.9;4.5;0.0;2.2;12/04/2018 15:09;24/08/2018 12:41;4.433333333333334;57.07;SP
vendeur 169;0df3984f9dfb3d49ac6366acbd3bbb85;11220.99;4.287234042553192;0.0106382978723404;3.0319148936170213;12/03/2017 9:25;17/06/2018 15:32;15.4;57.24;MG
vendeur 170;0dfbed20065e425d2eaefb101f9816c0;84.35;2.6666666666666665;0.3333333333333333;1.6666666666666667;12/05/2018 23:13;04/06/2018 21:18;1.0;36.01;SP
vendeur 171;0e44d110fa6a54e121cb2c095a77762f;227.52;3.857142857142857;0.2857142857142857;1.1428571428571428;04/08/2017 6:36;13/06/2018 0:02;10.4;44.61;SP
vendeur 172;0e72c1a751b496722a6cb1f10653b62a;140.8;4.666666666666667;0.0;2.6666666666666665;11/05/2018 0:18;30/07/2018 21:42;2.6666666666666665;58.02;SP
vendeur 173;0e982cff76cc0579f632cea8a0e38c9d;1307.34;3.25;0.0;1.8333333333333333;26/09/2017 12:57;03/04/2018 7:28;6.266666666666667;49.71;SC
vendeur 174;0ea22c1cfbdc755f86b9b54b39c16043;11340.0;4.315602836879433;0.0139860139860139;2.3811188811188813;06/10/2016 18:50;22/08/2018 18:03;22.8;57.33;MG
vendeur 175;0eaa7e33d73809f1f925f7d07c506cbd;1552.0;4.714285714285714;0.0;2.6666666666666665;10/04/2017 10:28;27/08/2018 17:01;16.8;58.54;SP
vendeur 176;0ebd97a106433a45a4aebe57c1799778;3176.7000000000003;4.515151515151516;0.0;3.5454545454545454;16/05/2017 9:12;13/07/2018 21:05;14.1;57.61;MG
vendeur 177;0ec28cec4046a4a199b6de9b4c891d97;296.6;5.0;0.0;2.25;22/04/2018 15:59;17/05/2018 14:47;1.0;60.05;GO
vendeur 178;0ed6ce5d87fd9c69eaacaeb778d67235;2141.42;4.404761904761905;0.1395348837209302;2.0232558139534884;05/10/2017 17:40;21/08/2018 11:40;10.633333333333333;52.59;SP
vendeur 179;0ee4fb99ac55ffbbc98795aa01b7f8fa;59.9;5.0;0.0;1.0;01/05/2017 10:30;01/05/2017 10:30;1.0;60.01;SP
vendeur 180;0ef83d7d83ed97cd2a0049ac8be5f88a;4755.9;4.267857142857143;0.0175438596491228;2.1578947368421053;24/11/2017 11:01;28/08/2018 13:29;9.233333333333333;55.86;PR
vendeur 181;0f0c984a4a955310903b6b6008660bad;369.81;3.75;0.25;2.5;24/04/2018 18:30;27/05/2018 10:25;1.0666666666666669;45.06;SP
vendeur 182;0f519b0d2e5eb2227c93dd25038bfc01;79.9;5.0;0.0;1.0;27/01/2017 12:10;27/01/2017 12:10;1.0;60.01;SP
vendeur 183;0f7eea709efdf942b5f95c7516dbacd7;195.74;4.0;0.0;2.333333333333333;05/04/2018 19:11;13/05/2018 14:59;1.2333333333333334;54.03;SP
vendeur 184;0f80a40c312b2472dca482cf50f5186f;129.9;3.0;0.0;2.0;22/08/2018 11:12;22/08/2018 11:12;1.0;48.02;SP
vendeur 185;0f94588695d71662beec8d883ffacf09;9.0;5.0;0.0;2.0;01/03/2017 10:56;01/03/2017 10:56;1.0;60.0;SC
vendeur 186;0fe2d9733ed841eb064503920015a8c0;389.64;4.666666666666667;0.0;5.0;14/05/2018 18:58;09/07/2018 22:14;1.8666666666666667;58.06;SP
vendeur 187;0ff83046c3fa22efee8ecf291888b191;978.6;4.714285714285714;0.0;2.2857142857142856;01/04/2017 18:33;01/04/2018 22:36;12.166666666666666;58.45;RS
vendeur 188;0ffa40d54288e4f3499b8780dd0f144f;2162.8;4.4;0.1428571428571428;2.742857142857143;10/01/2018 8:52;11/05/2018 10:49;4.033333333333333;52.47;SP
vendeur 189;10076e5788b8ee532724bcd460baf762;871.46;4.62962962962963;0.037037037037037;2.6296296296296298;11/05/2017 17:19;24/07/2018 16:05;14.6;56.81;SP
vendeur 190;10089e9f2fd0c668a8fd4e52e1698888;1489.9;4.25;0.0;6.75;12/03/2017 17:35;14/11/2017 9:41;8.2;55.74;SP
vendeur 191;101921376b577a4540dc30e9009133ca;373.0;2.0;0.0;1.0;19/05/2017 16:14;19/05/2017 16:14;1.0;42.06;SP
vendeur 192;101a3a003516bc11253298b2fad3cb65;450.0;4.833333333333333;0.0;2.6666666666666665;21/06/2018 20:47;26/07/2018 19:02;1.1333333333333333;59.07;SP
vendeur 193;1025f0e2d44d7041d6cf58b6550e0bfa;143675.53;3.862116040955631;0.0900473933649289;3.3676371022342586;09/07/2017 11:15;26/08/2018 9:22;13.733333333333333;73.96;SP
vendeur 194;10264f60a8f0a4d2f30810f5c661c673;284.6;5.0;0.0;2.25;19/06/2018 21:10;09/08/2018 12:44;1.6666666666666667;60.05;SP
vendeur 195;1099a00e0ee3a50935e6c2447ca090c5;849.6999999999999;3.6666666666666665;0.3333333333333333;3.333333333333333;09/11/2017 18:46;02/01/2018 18:05;1.7666666666666666;42.14;RJ
vendeur 196;10cdd491d1dbea8fb4ead97b19c334ce;208.9;5.0;0.0;1.6666666666666667;26/06/2018 20:11;24/07/2018 21:26;1.0;60.03;MG
vendeur 197;10ff823eda2b032e2c93d17a7d294736;2494.8900000000003;2.5294117647058822;0.0;3.3529411764705883;14/06/2017 17:47;06/04/2018 10:26;9.833333333333334;45.58;SP
vendeur 198;112453736dbe3889cfb74e1aaa0ba0c1;1890.0;4.071428571428571;0.0;4.857142857142857;13/06/2018 9:39;18/08/2018 20:19;2.2;54.74;SP
vendeur 199;1127b7f2594683f2510f1c2c834a486b;7167.52;4.136690647482014;0.0575539568345323;2.6402877697841727;24/02/2017 21:36;22/08/2018 20:38;18.1;54.26;SP
vendeur 200;11305281b50fff20ae8bb473f8e11876;6528.7;4.35;0.125;3.9;09/10/2016 13:31;21/08/2018 21:18;22.7;53.42;MG
vendeur 201;113e3a788b935f48aad63e1c41dac1bd;873.37;4.387755102040816;0.04;2.06;22/07/2017 13:30;17/08/2018 8:59;13.0;55.27;SP
vendeur 202;116ccb1a1604bc88e4d234a8c23f33de;2004.89;4.602739726027397;0.0547945205479452;2.068493150684932;09/11/2017 12:05;21/08/2018 21:49;9.5;56.3;SP
vendeur 203;11742f81550ac064cc9a40f67151d9ad;781.9;5.0;0.0;6.5;02/08/2018 14:41;17/08/2018 19:00;1.0;60.13;SP
vendeur 204;117cfc326c6d50da67ca858ff5c0c852;829.6;4.3;0.0;2.9;02/05/2018 15:22;19/05/2018 16:47;1.0;55.94;RJ
vendeur 205;11938fcc75f6902fea1d0a6f72b54a57;594.98;3.0;0.0;9.0;11/01/2018 21:19;27/05/2018 23:24;4.533333333333333;48.1;SC
vendeur 206;119c7f1a00ef43fad0e57604e76a747c;189.8;4.5;0.0;1.5;15/10/2017 2:37;27/02/2018 20:13;4.5;57.03;SP
vendeur 207;119d1aef1b4144adba89163f6cd9f5d4;1094.0;4.75;0.0;6.75;26/05/2017 20:01;17/11/2017 19:46;5.8;58.68;SP
vendeur 208;11bfa66332777660bd0640ee84d47006;4462.85;3.7788461538461537;0.173076923076923;2.519230769230769;06/09/2017 20:20;23/08/2018 10:27;11.666666666666666;48.21;SP
vendeur 209;11d4c477d09821164bca4f70a2eae031;83.04;5.0;0.0;1.75;18/07/2017 20:52;28/08/2017 20:47;1.3333333333333333;60.01;SP
vendeur 210;11eac105f3f90a9b87b19c89d91e24f3;802.89;3.6;0.0;4.8;24/05/2017 10:21;12/07/2017 17:17;1.6333333333333333;51.73;SP
vendeur 211;11fb6f6d341adbe19e81733701704635;1197.0;5.0;0.0;6.0;07/08/2018 17:16;25/08/2018 18:36;1.0;60.2;SP
vendeur 212;120476eb7a04c149d14772edaf5d9bf2;2368.8;3.8333333333333335;0.0;2.833333333333333;14/07/2018 9:19;10/08/2018 11:56;1.0;53.39;RJ
vendeur 213;1284de4ae8aa26997e748c851557cf0e;1459.97;2.6666666666666665;0.0;2.6666666666666665;11/05/2017 18:46;18/10/2017 11:41;5.3;46.24;SP
vendeur 214;128639473a139ac0f3e5f5ade55873a5;12461.95;4.182776801405975;0.0608695652173913;1.2121739130434783;12/05/2017 23:12;18/08/2018 11:11;15.4;55.31;PR
vendeur 215;128f9bfbe4c7d5185033914b1de3d39a;1394.98;4.7368421052631575;0.0526315789473684;3.0526315789473686;13/09/2017 17:44;17/06/2018 13:26;9.2;57.07;SP
vendeur 216;12a8eb0f8d1cd3270695bf2a99f55966;397.0;3.5;0.5;4.5;12/10/2017 1:21;13/12/2017 17:49;2.066666666666667;36.06;SP
vendeur 217;12b9676b00f60f3b700e83af21824c0e;28085.0;4.5285714285714285;0.0212765957446808;4.219858156028369;07/03/2017 22:10;26/08/2018 21:55;17.866666666666667;61.12;RS
vendeur 218;12c2ed9cded6138cf0c75f525f565fc7;314.96;4.25;0.5;1.25;09/11/2017 19:40;03/08/2018 17:21;8.866666666666667;40.55;SP
vendeur 219;13074f016982ff2bd6c58ced8682f000;2334.0;3.941176470588236;0.2352941176470588;1.9411764705882355;02/11/2017 20:58;28/07/2018 13:20;8.9;46.97;RS
vendeur 220;131fcb0a0c9a47bba4474aacff0f14b7;369.8;4.0;0.0;2.5;03/06/2018 19:44;09/08/2018 1:13;2.2;54.06;SP
vendeur 221;1336efc61c316ddf92c899eb817f7cae;4849.3;3.941860465116279;0.0930232558139534;2.8372093023255816;22/01/2017 21:42;16/08/2018 1:59;19.0;51.65;SP
vendeur 222;134285d1f41da5c13a756ee8142c8a4e;2570.5;2.1666666666666665;0.0;4.833333333333333;10/06/2018 13:27;16/08/2018 21:31;2.2333333333333334;43.42;SP
vendeur 223;134a288e7de827ec5ec62e3ec9c3a295;877.45;4.777777777777778;0.0;2.111111111111111;01/05/2017 12:25;17/09/2017 21:55;4.633333333333334;58.81;SP
vendeur 224;134b867a0f7f8bbe6abf10f91874891e;789.89;4.0;0.0;3.0;19/04/2018 22:04;19/04/2018 22:04;1.0;54.13;SP
vendeur 225;13511db12ac61e2f89c53b72a944a60b;798.0;3.5;0.1666666666666666;4.833333333333333;23/04/2018 13:50;18/08/2018 19:15;3.9;46.13;RS
vendeur 226;1352e06ae67b410cdae0b2a22361167b;696.0;2.333333333333333;0.5;5.5;07/04/2017 18:12;23/06/2017 1:15;2.533333333333333;29.11;RJ
vendeur 227;1354d51653f645349064725ed204e85e;2570.0;3.7142857142857135;0.0476190476190476;1.809523809523809;05/06/2017 16:49;21/08/2018 8:54;14.7;51.28;SP
vendeur 228;138dbe45fc62f1e244378131a6801526;1125.56;3.9827586206896552;0.0344827586206896;1.827586206896552;07/05/2018 11:11;24/08/2018 14:30;3.633333333333333;53.05;SP
vendeur 229;139157dd4daa45c25b0807ffff348363;29.9;4.0;0.0;1.0;31/08/2017 11:09;31/08/2017 11:09;1.0;54.0;SP
vendeur 230;13c2ed7698b3ca92dad49e849219da59;498.61;4.444444444444445;0.0;2.0;03/01/2018 20:20;02/08/2018 12:06;7.0;56.75;PR
vendeur 231;13d058e4eeac2ce8217660b2f8a05812;3829.77;4.217391304347826;0.1304347826086956;2.869565217391304;11/05/2017 18:25;20/07/2018 20:25;14.5;52.02;SP
vendeur 232;13d95f0f6f73943d4ceffad0fc2cd32c;249.99;3.0;1.0;10.0;13/03/2018 12:23;13/03/2018 12:23;1.0;18.04;GO
vendeur 233;13dd308f81fea30cc670c656b2b46cc3;117.7;5.0;0.3333333333333333;1.6666666666666667;30/07/2018 23:51;27/08/2018 19:32;1.0;50.02;SP
vendeur 234;13e85aac53340018b40c2af68001b7e0;17.8;5.0;0.0;1.0;08/10/2016 22:41;08/10/2016 22:41;1.0;60.0;SP
vendeur 235;13f57c12a00ed4610db646b913a7f5c6;772.7;4.8125;0.125;1.5;25/09/2017 10:08;04/05/2018 6:35;7.333333333333333;55.25;SP
vendeur 236;13fa2a6c6b9d0f43cb588d7c82117a12;4987.0;4.090909090909091;0.3636363636363636;3.090909090909091;09/06/2017 17:38;27/09/2017 21:06;3.6666666666666665;44.45;SP
vendeur 237;141440cad9341e553f8401c574a2aa38;1288.2;4.166666666666667;0.0;3.1666666666666665;01/05/2018 12:22;14/08/2018 2:08;3.466666666666667;55.21;PR
vendeur 238;1430239a858e7682bbc43b20758af153;660.79;3.9565217391304346;0.0;1.9130434782608696;22/08/2017 16:56;21/08/2018 18:22;12.133333333333333;53.85;SP
vendeur 239;1444c08e64d55fb3c25f0f09c07ffcf2;2749.0;1.0;0.0;10.0;28/04/2018 12:23;28/04/2018 12:23;1.0;36.45;BA
vendeur 240;1464afc72f696af775557a821c2e253f;1079.26;4.129032258064516;0.032258064516129;2.032258064516129;12/04/2017 12:13;19/08/2018 9:08;16.433333333333334;53.98;RJ
vendeur 241;14a08204d03bb6b6bde8029f801ae0eb;2185.4;3.8157894736842106;0.0;1.868421052631579;15/03/2018 20:13;20/08/2018 20:02;5.233333333333333;53.25;SP
vendeur 242;14d7985702e72162bbf13b6beb74ab2b;3887.0;4.342105263157895;0.131578947368421;2.236842105263158;31/03/2017 14:40;17/08/2018 18:49;16.8;52.74;SP
vendeur 243;14ee35374a7876217954b5fa08e50463;809.0;4.333333333333333;0.1666666666666666;4.666666666666667;04/10/2017 19:55;17/01/2018 11:42;3.466666666666667;51.13;SP
vendeur 244;14f2b3587172b9db894c9bad8dab520b;244.0;2.5;0.0;4.5;21/03/2018 13:01;14/07/2018 14:55;3.8333333333333335;45.04;RS
vendeur 245;152ee17e4c8aaf53dac99f3462e4999b;308.96000000000004;4.333333333333333;0.0;1.6666666666666667;14/07/2017 14:16;14/10/2017 11:58;3.033333333333333;56.05;SC
vendeur 246;154bdf805377afea75a3bd158e9eab10;89.9;1.0;1.0;1.0;02/07/2018 18:42;02/07/2018 18:42;1.0;6.01;SP
vendeur 247;1554a68530182680ad5c8b042c3ab563;33090.5;4.314935064935065;0.0764331210191082;2.8980891719745223;04/09/2016 21:15;15/08/2018 19:30;23.633333333333333;59.01;MG
vendeur 248;157c3e4b42f81ac4a44e8b1ca2fe9876;2561.5;3.909090909090909;0.0606060606060606;2.4545454545454546;19/10/2017 22:49;16/08/2018 11:37;10.0;52.05;SP
vendeur 249;1588ac4010787100dddef64568f0ae35;599.97;3.0;0.0;4.666666666666667;22/12/2017 20:35;18/01/2018 15:29;1.0;48.1;PR
vendeur 250;15aac934c58d886785ac1b17953ea898;4353.9;4.115384615384615;0.1538461538461538;3.076923076923077;19/10/2017 19:59;26/06/2018 13:02;8.3;50.79;ES
vendeur 251;15ac3c501e2599e4917316fde5c5669a;144.2;1.0;0.0;3.0;26/02/2017 21:03;26/02/2017 21:03;1.0;36.02;SP
vendeur 252;15aec03fe4cf30dfa574cf550f5ff5ff;86.69999999999999;1.0;0.0;1.0;09/02/2017 16:09;09/02/2017 16:09;1.0;36.01;RJ
vendeur 253;15b3b1b81484422eb41df68ac87f1f50;78.35;1.0;0.0;1.5;24/11/2017 23:01;22/01/2018 10:41;1.933333333333333;36.01;SP
vendeur 254;15cd6eefe58588619aaed41dfa6621b1;1658.64;4.368421052631579;0.0526315789473684;3.5789473684210527;17/07/2017 21:44;12/05/2018 17:35;9.933333333333334;54.9;MG
vendeur 255;15ead3a5037a918ddb520dfe39a3d2b9;333.5;4.5;0.2;1.6;22/01/2018 13:48;24/04/2018 9:38;3.033333333333333;51.05;MG
vendeur 256;15fa791d5e017f66402dc28c44480657;1872.0;4.333333333333333;0.1111111111111111;1.4444444444444444;16/02/2018 14:52;12/06/2018 21:05;3.866666666666666;52.97;SP
vendeur 257;160851d3ece7aa1a510f8d1a4bb8a8af;102.05;5.0;0.0;1.0;29/07/2018 11:15;20/08/2018 15:38;1.0;60.02;SP
vendeur 258;16090f2ca825584b5a147ab24aa30c86;25894.33;4.046228710462287;0.1062801932367149;1.4661835748792271;31/01/2017 17:40;27/08/2018 22:54;19.1;55.32;SP
vendeur 259;160e4f13fd3a64b1b86807be88b5ffb0;886.0;4.25;0.0;7.25;15/11/2017 19:51;13/02/2018 19:14;2.966666666666667;55.64;PR
vendeur 260;164a5a8794e6d42e14f55e447b12a3bc;73.99;5.0;0.0;3.0;27/07/2018 11:24;27/07/2018 11:24;1.0;60.01;PR
vendeur 261;165b1235e9e9942cb5fae67103576fb0;2085.15;4.3125;0.0625;2.0625;20/05/2018 8:41;19/08/2018 7:41;3.0;54.34;SP
vendeur 262;165fc07beebdcb6190fba8a06db2a449;17481.4;3.6875;0.125;3.09375;07/08/2017 10:21;14/08/2018 17:42;12.4;51.23;PR
vendeur 263;1660ad786c27fd935378b6192a90b417;1700.0;4.642857142857143;0.0714285714285714;3.7857142857142856;17/08/2017 10:06;22/07/2018 17:19;11.3;55.99;SP
vendeur 264;166e8f1381e09651983c38b1f6f91c11;78.8;5.0;0.0;1.5;25/07/2017 1:53;21/08/2017 0:27;1.0;60.01;SC
vendeur 265;167fd940acebc789debd6eb418c46e38;1077.58;3.0;0.2;3.2;30/11/2017 18:26;04/06/2018 20:13;6.2;42.18;SP
vendeur 266;1690cada046eb7e92c12f98b1f8a8167;1959.0;4.545454545454546;0.0909090909090909;3.272727272727273;16/04/2018 21:52;10/08/2018 17:09;3.8333333333333335;54.87;SP
vendeur 267;16bdc8cefd0e32a6f0824d296c5ad14a;41.76;5.0;0.0;1.0;11/04/2018 8:22;11/04/2018 8:22;1.0;60.01;SP
vendeur 268;1703bc09972dab9782e7a9194943b69f;249.9;5.0;0.0;7.0;14/07/2018 17:52;14/07/2018 17:52;1.0;60.04;MG
vendeur 269;1710c3aaa9c6b44ec3883ee0fe300e21;1188.9;5.0;0.0;7.0;25/04/2018 17:22;02/05/2018 13:13;1.0;60.19;SP
vendeur 270;17306570e772e7718c92a562d33f5f1d;9889.7;3.5454545454545454;0.0606060606060606;4.757575757575758;28/02/2017 21:17;18/04/2018 14:37;13.766666666666667;51.07;SP
vendeur 271;173d56ffbd4c56cb80fc3615487d712b;358.0;5.0;0.0;5.5;18/08/2018 8:27;20/08/2018 11:20;1.0;60.06;SP
vendeur 272;1746c1ae87ac63d530c7c943d0ac42e2;229.9;5.0;0.0;8.0;12/12/2017 22:04;12/12/2017 22:04;1.0;60.04;SP
vendeur 273;1771297ac436903d1dd6b0e9279aa505;2881.27;4.628571428571429;0.0277777777777777;2.9722222222222223;19/01/2017 22:41;17/08/2018 12:46;19.133333333333333;57.41;SP
vendeur 274;1782ce2db72c3dda627d5e7c898104e1;2246.8;4.181818181818182;0.0909090909090909;2.272727272727273;06/02/2017 10:13;05/05/2018 16:45;15.1;52.73;SP
vendeur 275;17908cf9b444ee34047cadd5c0f4a516;1993.99;4.545454545454546;0.0909090909090909;2.4545454545454546;21/09/2017 21:02;11/08/2018 22:01;10.8;54.87;GO
vendeur 276;17998cf586426bf0f2c3726cb0a4b211;69.8;4.0;0.0;2.5;28/07/2017 4:06;01/01/2018 14:06;5.233333333333333;54.01;MG
vendeur 277;179d859f51292aac5c10806a356f7af9;404.47;4.315789473684211;0.1578947368421052;1.0;29/06/2018 0:34;10/08/2018 16:02;1.4;51.22;SP
vendeur 278;17a053fcb14bd219540cbde0df490be0;41782.82;4.218543046357616;0.0784313725490196;3.6405228758169934;06/07/2017 12:53;13/08/2018 21:46;13.433333333333334;59.79;SP
vendeur 279;17adeba047385fb0c67d8e90b4296d21;809.6999999999999;1.0;0.0;1.0;08/03/2017 10:44;08/03/2017 10:44;1.0;36.13;SP
vendeur 280;17ca9b9e9b9ef8fdb529001b49ebb50f;10094.65;4.007407407407407;0.0222222222222222;3.333333333333333;11/07/2017 9:36;21/08/2018 12:21;13.533333333333331;55.03;MG
vendeur 281;17e34d8224d27a541263c4c64b11a56b;57902.88;4.135036496350365;0.0797101449275362;4.061594202898551;16/02/2017 23:14;20/08/2018 11:27;18.3;61.89;SP
vendeur 282;17eea220a40cc0d2c0c5346379682398;1414.98;3.75;0.5;2.75;14/09/2017 10:29;26/10/2017 19:12;1.4;37.73;SP
vendeur 283;17f51e7198701186712e53a39c564617;49829.0;4.365079365079365;0.0793650793650793;6.888888888888889;04/02/2017 12:29;05/08/2018 9:58;18.2;61.96;SP
vendeur 284;180c3376aff0e43dd5788709df48a843;4513.0;4.7;0.1;2.2;11/08/2017 11:35;03/01/2018 17:24;4.833333333333333;55.94;SP
vendeur 285;1835b56ce799e6a4dc4eddc053f04066;34427.5;3.601754385964912;0.1041666666666666;2.8784722222222223;05/09/2017 23:06;25/08/2018 16:36;11.766666666666667;54.11;SP
vendeur 286;1838dd9b8977065acf51d95e0053ea7a;2820.3;4.2388059701492535;0.044776119402985;1.2388059701492538;28/07/2017 9:06;01/08/2018 22:15;12.3;54.55;MG
vendeur 287;184725737946a1a938bbbd1a9e978103;359.70000000000005;4.666666666666667;0.0;5.666666666666667;12/08/2018 23:15;21/08/2018 15:56;1.0;58.06;SP
vendeur 288;184a67a8f9f63234d3a92340bbdb727f;291.03000000000003;3.583333333333333;0.0;2.6666666666666665;04/10/2016 15:02;08/11/2017 7:52;13.3;51.55;SC
vendeur 289;186cdd1b2df32caa72cfb410bba768d3;1341.45;5.0;0.0;2.5;11/05/2018 11:17;06/08/2018 13:16;2.9;60.22;SC
vendeur 290;189ca3538ce9f920cacf0f982cbe223b;419.0;3.8;0.0;3.0;21/06/2018 19:06;07/08/2018 14:50;1.5333333333333334;52.87;SP
vendeur 291;18a349e75d307f4b4cc646a691ed4216;8986.52;3.3666666666666667;0.0463576158940397;1.490066225165563;21/08/2017 12:54;26/08/2018 19:04;12.333333333333334;50.28;SP
vendeur 292;18e694e0e48ed6f7aa3f24aade5fd697;761.51;4.648648648648648;0.027027027027027;1.972972972972973;05/06/2018 19:28;26/08/2018 19:07;2.7;57.21;SP
vendeur 293;1900267e848ceeba8fa32d80c1a5f5a8;27527.99;3.8708551483420592;0.0946643717728055;2.7900172117039586;17/05/2017 22:01;26/08/2018 20:06;15.5;54.89;SP
vendeur 294;191d55f7edb8524d525ed01b20fe32e8;996.0;3.0;0.25;3.75;27/11/2017 23:57;18/01/2018 0:19;1.7;40.66;DF
vendeur 295;1927cdb9fa74f5270097f6250e8e8f34;120.0;5.0;0.0;1.0;06/08/2018 15:47;06/08/2018 15:47;1.0;60.02;SP
vendeur 296;19484c79cef6c062cb177aa4ef2fcc3c;201.9;1.0;1.0;1.0;03/08/2018 1:50;03/08/2018 1:50;1.0;6.03;SP
vendeur 297;1961c3e1272bfeceb05d0b78b5bbfdaf;896.0;3.75;0.0;1.5;28/07/2018 23:32;18/08/2018 22:35;1.0;52.65;SP
vendeur 298;1967a9e2ad6f51802b093147d861df58;380.0;1.0;0.0;6.0;07/03/2017 20:57;15/03/2017 21:29;1.0;36.06;SP
vendeur 299;1976a05ecf2996d6ffb7b5430e635fe7;1796.2;4.0;0.2222222222222222;4.111111111111111;25/02/2017 11:11;12/09/2017 16:06;6.633333333333334;47.63;SP
vendeur 300;1987cd4be10fe09ee50454f9c354d1c6;2877.7;4.25;0.0625;3.4375;08/10/2017 16:38;02/03/2018 23:16;4.833333333333333;54.09;MG
vendeur 301;198c7ea11960a9844b544d9bcdca860c;1733.75;3.88;0.12;2.52;26/01/2017 13:14;22/08/2017 22:19;6.933333333333334;49.96;MG
vendeur 302;1992f8fb6b19fcccd97ca819811e7267;28.8;1.0;0.0;3.0;26/07/2018 12:45;26/07/2018 12:45;1.0;36.0;SP
vendeur 303;1996942dc085d7773ba77a529b163cd0;2943.51;3.9;0.0;5.7;29/05/2018 21:30;15/08/2018 23:20;2.6;53.88;SP
vendeur 304;19a7c9f66ffa6452ff4b4c0cca71da27;279.0;5.0;0.0;6.0;30/09/2017 16:14;30/09/2017 16:14;1.0;60.05;PR
vendeur 305;19d62d484cba71963c93f0f00ab42013;139.9;4.0;0.0;4.0;26/04/2018 16:49;26/04/2018 16:49;1.0;54.02;SC
vendeur 306;19e0f40a907ec568c34bfac15de4f4a1;178.0;5.0;0.0;2.0;31/01/2017 11:26;17/10/2017 10:30;8.6;60.03;SP
vendeur 307;1a3df491d1c4f1589fc2b934ada68bf2;24736.6;4.157894736842105;0.0526315789473684;4.489473684210527;29/04/2017 20:57;15/08/2018 20:49;15.733333333333333;57.41;SC
vendeur 308;1a6245add4353f18ed55138808906979;60.0;3.0;0.0;3.0;22/07/2017 0:37;22/07/2017 0:37;1.0;48.01;SP
vendeur 309;1a8e2d9c38b84a9702ac7922924b0573;80.0;5.0;0.0;1.0;06/02/2018 10:54;06/02/2018 10:54;1.0;60.01;SC
vendeur 310;1a932caad4f9d804097d7f8e615baed1;4897.0;3.59375;0.125;4.1875;02/05/2018 15:14;22/08/2018 18:16;3.733333333333333;48.61;SP
vendeur 311;1acde099eb406aa220b1169b188b42da;311.1;4.3;0.0;1.7;10/09/2017 22:32;06/11/2017 12:41;1.8666666666666667;55.85;SP
vendeur 312;1b0b0f4f95e962d6f32fe90c759d0479;139.8;5.0;0.0;2.0;01/12/2017 12:05;16/08/2018 13:45;8.6;60.02;SP
vendeur 313;1b1ae47a313a825a7ccceb8e2e30fa9d;2553.7;3.8333333333333335;0.0;2.5384615384615383;04/10/2017 21:39;07/05/2018 13:37;7.133333333333334;53.42;PR
vendeur 314;1b45169b635ef59425637e9a33eb5fb3;308.9;4.625;0.0;2.0;13/02/2018 13:27;15/08/2018 23:04;6.1;57.8;PR
vendeur 315;1b4b28463457a256e9a784ebe2a8f630;699.42;1.0;1.0;1.0;07/08/2018 16:49;07/08/2018 16:49;1.0;6.11;SP
vendeur 316;1b4c3a6f53068f0b6944d2d005c9fc89;14809.3;4.111111111111111;0.059322033898305;3.4915254237288136;16/02/2017 17:42;26/07/2018 13:09;17.466666666666665;55.31;SC
vendeur 317;1b61fb1f0f2185d89e9a126c498e9cc7;49.7;5.0;0.0;6.0;23/06/2017 7:15;23/06/2017 7:15;1.0;60.01;PR
vendeur 318;1b65c144b17e607c0f37f10bb7dfec8d;1109.5;2.0;0.0;4.0;20/04/2018 20:36;29/06/2018 11:31;2.3;42.18;SC
vendeur 319;1b7e5006cb25dd23ce8686691013b121;2636.74;4.363636363636363;0.1818181818181818;4.454545454545454;30/09/2017 12:48;03/08/2018 13:37;10.233333333333333;51.16;SP
vendeur 320;1b8356dabde1d35e17cef975c3f82730;3746.34;4.045454545454546;0.0151515151515151;2.227272727272727;03/02/2017 16:13;13/11/2017 22:06;9.433333333333334;54.43;SP
vendeur 321;1b8b75e227c9a9c100d0c210fb6176ce;2054.82;3.25;0.05;3.4;08/01/2017 20:57;30/11/2017 15:39;10.833333333333334;48.34;SP
vendeur 322;1b938a7ec6ac5061a66a3766e0e75f90;4046.5;4.235294117647059;0.0294117647058823;3.7058823529411766;22/09/2017 17:15;18/08/2018 18:46;11.0;55.19;SP
vendeur 323;1bb2bdb95f4841f1bba2c0d2cd83d3c9;5109.08;4.579545454545454;0.0674157303370786;1.4831460674157304;30/01/2017 18:43;13/08/2018 11:43;18.633333333333333;56.29;SP
vendeur 324;1bb3812d5f0747a3ab7348f199001a10;834.4000000000001;4.888888888888889;0.0;2.4444444444444446;06/11/2017 23:39;14/08/2018 19:46;9.333333333333334;59.47;SP
vendeur 325;1bc2e21de46adfea6b98cc96b00f3b40;1039.95;3.6;0.0;3.8;06/02/2017 23:01;16/05/2017 10:55;3.2666666666666666;51.77;SC
vendeur 326;1c129092bf23f28a5930387c980c0dfc;9716.52;4.1875;0.0533333333333333;2.9244444444444446;02/10/2017 14:50;11/08/2018 14:36;10.4;55.11;SP
vendeur 327;1c40343cc5d18c2d8248ac2f3366de34;2461.41;4.545454545454546;0.0909090909090909;3.772727272727273;28/05/2018 21:38;20/08/2018 21:51;2.8;54.95;SP
vendeur 328;1c56ffe0e9dea2657fc6e95b53f40b13;183.0;4.333333333333333;0.0;1.3333333333333333;23/07/2018 11:36;22/08/2018 21:47;1.0;56.03;SP
vendeur 329;1c5e4e49b9079480255b49d50aac1aa9;10173.11;4.333333333333333;0.0;4.166666666666667;09/03/2017 18:15;05/08/2018 4:43;17.1;57.66;SP
vendeur 330;1c68394e931a64f90ea236c5ea590300;26133.56;3.943820224719101;0.0337078651685393;2.51123595505618;15/07/2017 11:56;13/08/2018 10:39;13.1;56.92;PR
vendeur 331;1c742ac33582852aaf3bcfbf5893abcf;97.9;5.0;0.0;1.0;22/06/2018 16:07;22/06/2018 16:07;1.0;60.02;MG
vendeur 332;1c83418358f249c9d6affa52d579db0e;24.9;5.0;0.0;3.0;29/04/2017 6:54;29/04/2017 6:54;1.0;60.0;SP
vendeur 333;1ca4bdb0cd7fc48e949bac066188ed26;1520.0;4.5;0.25;5.0;22/03/2018 14:08;30/07/2018 13:00;4.3;49.75;MG
vendeur 334;1ca7077d890b907f89be8c954a02686a;13490.57;2.18978102189781;0.181159420289855;2.898550724637681;15/09/2017 13:53;09/04/2018 17:09;6.866666666666666;39.91;SP
vendeur 335;1caf283236cd69af44cbc09a0a1e7d32;986.61;4.564102564102564;0.1025641025641025;1.3333333333333333;07/04/2017 12:07;26/07/2018 19:41;15.833333333333334;54.47;RJ
vendeur 336;1cbcd2ee0afb3fc09963b87eb65e7e4f;90.0;5.0;0.0;1.0;18/06/2018 11:15;18/06/2018 11:15;1.0;60.01;PR
vendeur 337;1cbd32d00d01bb8087a5eb088612fd9c;1045.47;4.25;0.0833333333333333;3.25;10/05/2018 14:32;19/08/2018 12:31;3.333333333333333;53.17;SP
vendeur 338;1cbd50a8c52e6cf8e315c5709fab386f;785.97;3.7777777777777777;0.1111111111111111;1.5555555555555556;23/01/2018 12:49;20/07/2018 12:28;5.9;49.46;PR
vendeur 339;1cbdc7cf130a41fd13a3c2a7d2fcfda7;165.8;5.0;0.0;1.5;06/05/2018 11:15;03/07/2018 10:46;1.9;60.03;MG
vendeur 340;1cd9e0cc1839d55516843def5600816d;825.0;5.0;0.0;3.6;18/06/2018 13:34;19/08/2018 15:43;2.066666666666667;60.13;SP
vendeur 341;1ce3ae5a399804d1a87e706f8a813c3e;2632.9;3.733333333333333;0.0888888888888888;2.8;03/08/2017 11:45;20/08/2018 14:45;12.733333333333333;50.16;SC
vendeur 342;1d0646a72178a6fb37ee8082140e06ec;61.0;5.0;0.0;2.5;16/07/2018 14:24;22/08/2018 18:52;1.2333333333333334;60.01;SC
vendeur 343;1d0997ff06b524ce9289ffd75114ecd3;3747.0;3.6666666666666665;0.3333333333333333;5.0;27/01/2017 16:21;24/11/2017 9:43;10.0;42.61;PE
vendeur 344;1d139e3a3b14025640d8df1b230aace0;36.49;3.5;0.0;2.0;13/09/2017 12:24;19/11/2017 18:41;2.2333333333333334;51.01;SP
vendeur 345;1d1bbb8ac1581824986f582583fff01d;198.87;3.8;0.2;2.6;27/04/2018 10:01;24/08/2018 13:59;3.966666666666667;46.83;SC
vendeur 346;1d2732ef8321502ee8488e8bed1ab8cd;1148.0;3.2;0.2;2.8;19/04/2017 11:58;03/05/2018 16:46;12.633333333333333;43.39;RJ
vendeur 347;1d29dfba02015238dfbe2449a5eaa361;612.8;4.5;0.0833333333333333;1.9166666666666667;01/02/2017 9:54;10/05/2018 13:09;15.433333333333334;54.6;MG
vendeur 348;1d4587203296c8f4ad134dc286fa6db0;2323.3;4.3023255813953485;0.0465116279069767;1.697674418604651;15/12/2017 11:52;27/08/2018 19:29;8.5;54.8;SP
vendeur 349;1d503743d2526f03f0c2c89540ee008c;576.03;4.277777777777778;0.0555555555555555;1.2222222222222223;25/01/2018 15:23;15/07/2018 12:57;5.666666666666667;54.09;SP
vendeur 350;1d8dbc4f32378d715c717c1c1fc57bae;11535.89;3.887755102040817;0.1;3.41;20/03/2017 16:41;24/06/2018 18:49;15.366666666666667;52.21;PR
vendeur 351;1d953075c2f0dd990bacf27b83b330f1;59.0;5.0;0.0;1.0;13/08/2018 11:35;13/08/2018 11:35;1.0;60.01;MG
vendeur 352;1da366cade6d8276e7d8beea7af5d4bf;7315.589999999999;3.938775510204082;0.12;3.1;04/02/2017 17:33;21/12/2017 17:43;10.666666666666666;51.23;MG
vendeur 353;1da3aeb70d7989d1e6d9b0e887f97c23;9064.43;4.0625;0.0532544378698224;2.0562130177514795;04/03/2017 9:55;21/08/2018 17:04;17.833333333333332;54.26;SP
vendeur 354;1dc2de47ee26a0a5b12dc14fd6dc0dea;1726.2;4.535714285714286;0.1071428571428571;2.9642857142857144;01/02/2018 9:48;22/08/2018 14:19;6.733333333333333;54.28;SP
vendeur 355;1dcfa3835714681d4ba4a93bc1e0fd41;1278.5;3.857142857142857;0.0;5.133333333333334;27/07/2017 9:24;02/04/2018 11:24;8.3;53.35;SP
vendeur 356;1dd33b8119b3cb1056ed5dc88cd0aaf4;1513.0;3.75;0.125;2.375;09/11/2017 13:49;14/02/2018 12:20;3.2;49.0;SP
vendeur 357;1de62b6f2fd96227629786db492433db;208.8;5.0;0.0;3.5;14/06/2018 21:05;23/08/2018 10:43;2.3;60.03;SP
vendeur 358;1dfe5347016252a7884b694d4f10f5c4;1754.5;3.259259259259259;0.2142857142857142;3.607142857142857;28/10/2017 15:55;08/04/2018 22:20;5.4;43.41;SP
vendeur 359;1e26c56af8d48424e1df0140a2401f83;258.9;5.0;0.0;5.0;13/06/2018 20:49;08/08/2018 11:14;1.8333333333333333;60.04;SP
vendeur 360;1e47d8b6546eb3a77b1acddcc9406242;149.9;1.0;0.0;10.0;15/05/2017 8:59;15/05/2017 8:59;1.0;36.02;SP
vendeur 361;1e47defeeadeca0e9a18fa5a9311e735;234.12;5.0;0.0;3.0;13/06/2017 11:34;19/07/2017 16:17;1.2;60.04;SP
vendeur 362;1e483cc5c76fef08d3ca05f9a8af7d01;216.98;4.166666666666667;0.0;1.0;09/02/2017 15:43;18/05/2017 12:41;3.2333333333333334;55.03;SP
vendeur 363;1e8b33f18b4f7598d87f5cbee2282cc2;18607.46;4.26;0.0394736842105263;4.092105263157895;16/11/2017 13:23;27/08/2018 21:27;9.466666666666669;57.42;SP
vendeur 364;1e8c6a4c538f286aee9573239740a4b4;359.7;3.8;0.0;3.8;10/04/2018 14:29;13/08/2018 23:03;4.166666666666667;52.86;SP
vendeur 365;1e9d5a33694bddb76316fd1f54734d20;318.0;4.5;0.0;7.5;18/07/2018 13:52;17/08/2018 11:12;1.0;57.05;MT
vendeur 366;1eade46fba20122dc4aefb379f8c636b;3724.36;4.315789473684211;0.131578947368421;1.7236842105263157;13/02/2017 0:28;22/07/2018 22:00;17.466666666666665;52.56;SP
vendeur 367;1f1bb1f0859883505541bdd6606193e5;17190.8;4.333333333333333;0.0909090909090909;6.090909090909091;05/04/2017 21:01;29/07/2018 20:22;15.966666666666669;56.08;SP
vendeur 368;1f2eebc0e970fd3c463e4f5d9652687a;44.99;5.0;1.0;1.0;09/08/2018 16:06;09/08/2018 16:06;1.0;30.01;SP
vendeur 369;1f50f920176fa81dab994f9023523100;111928.01;3.98158287705326;0.0981655924640555;2.5686663361427864;03/04/2017 22:00;25/08/2018 20:10;16.933333333333334;69.25;SP
vendeur 370;1f7dfad2cb384ea4d2d7e1ffbd78c407;49.0;1.0;0.0;1.0;05/05/2018 13:16;05/05/2018 13:16;1.0;36.01;SP
vendeur 371;1f7fd2a6fcd5a6fa5d8a4dabc72aaae0;531.8;5.0;0.0;5.0;05/04/2017 15:15;07/05/2018 9:12;13.2;60.09;RS
vendeur 372;1f867308a0ce13133a4e639ff4de0c02;881.1;4.571428571428571;0.0;4.642857142857143;25/09/2017 12:07;02/06/2018 11:03;8.3;57.57;PR
vendeur 373;1f9ab4708f3056ede07124aad39a2554;14072.43;4.098765432098766;0.048780487804878;2.963414634146341;27/01/2017 18:00;02/06/2018 11:14;16.333333333333332;55.43;SP
vendeur 374;1fa2d3def6adfa70e58c276bb64fe5bb;6.9;1.0;0.0;2.0;24/08/2018 13:04;24/08/2018 13:04;1.0;36.0;SP
vendeur 375;1fbe10c70e30765ed1de86d9f7e98409;98.75;1.5;0.0;1.0;21/06/2018 10:09;18/07/2018 17:25;1.0;39.02;SP
vendeur 376;1fdc574883ef3b33ad41562d93f3a74a;4251.0;4.444444444444445;0.0555555555555555;2.833333333333333;26/11/2017 23:00;21/07/2018 13:10;7.866666666666666;55.69;SP
vendeur 377;1fddcb7b326905d3ad5efe82187db347;92.0;1.0;0.0;1.0;28/03/2017 7:27;28/03/2017 7:27;1.0;36.01;SP
vendeur 378;1fe5540d7c1c37a595fefbacd5570d9e;4537.6;4.28;0.04;2.76;02/08/2018 15:58;16/08/2018 8:44;1.0;55.22;RJ
vendeur 379;1fe61aa5494bd3ae92a2c13e067c810f;1075.52;4.0;0.0;12.5;27/11/2017 12:12;27/11/2017 12:12;1.0;54.18;SC
vendeur 380;2009a095de2a2a41626f6c6d7722678d;460.49;4.1875;0.0;3.0625;10/03/2017 12:10;29/10/2017 21:01;7.766666666666667;55.2;SP
vendeur 381;2039c5e51785b5dde7cf93ccb3b7be2c;159.9;5.0;0.0;7.0;16/07/2018 13:00;16/07/2018 13:00;1.0;60.03;SP
vendeur 382;204b4e07bddef3c9b317f70189135b22;73.4;5.0;0.0;4.0;27/07/2018 17:29;27/07/2018 17:29;1.0;60.01;MG
vendeur 383;2059c39f76271d4ca3f15b5ffaccc8b8;604.9;4.5;0.0;2.25;01/02/2017 13:18;07/09/2017 20:12;7.266666666666667;57.1;PR
vendeur 384;20611af7866c6068fd5ae1f9dbe15c92;219.8;4.5;0.0;1.5;14/07/2018 20:11;16/07/2018 9:04;1.0;57.04;SP
vendeur 385;2063dd1b9f568df1c16741ea7d3e6adb;763.1;5.0;0.0;5.0;05/03/2017 20:31;15/11/2017 21:27;8.5;60.12;PR
vendeur 386;2075d8cd4dd63ff12df0749a5866bb06;184.7;5.0;0.0;2.333333333333333;07/08/2018 14:02;10/08/2018 0:10;1.0;60.03;PR
vendeur 387;2078fe5066350e7d220c0ad3a3bbc6c1;29.9;2.0;0.0;1.0;28/03/2018 15:49;28/03/2018 15:49;1.0;42.0;PR
vendeur 388;2089a6d640999f9b9141ac719b2af596;9226.82;3.652173913043478;0.1739130434782608;3.608695652173913;17/04/2017 7:25;17/07/2018 11:16;15.2;48.2;SP
vendeur 389;20a7efa9721046319bdde5d60b6b5365;501.2000000000001;5.0;0.0;1.0;08/01/2018 10:50;08/02/2018 14:19;1.0333333333333334;60.08;SP
vendeur 390;20a8b0dc55da94fe74d112082427c84f;525.4;4.25;0.125;1.75;31/07/2018 12:54;23/08/2018 11:20;1.0;51.84;SP
vendeur 391;20b54c376b794ed028df09a3cd88e8dc;1342.95;3.0;0.1818181818181818;2.090909090909091;16/09/2017 17:56;02/07/2018 17:00;9.6;42.76;SP
vendeur 392;20cb7c2fde3e5bf10f0bbe7394e1c6a9;895.6999999999999;3.811320754716981;0.0943396226415094;3.7358490566037736;14/03/2017 19:26;21/08/2018 19:23;17.466666666666665;50.18;PR
vendeur 393;20d53aad4fe5ee93a64f8839609d3586;51.9;2.5;0.5;2.0;26/11/2017 10:19;14/05/2018 9:17;5.6;30.01;MG
vendeur 394;20d83f3ef0e6925fd74bfd59170babf7;3083.3;4.385964912280702;0.0350877192982456;2.9649122807017543;28/03/2017 22:02;28/08/2018 21:10;17.233333333333334;55.77;SP
vendeur 395;20f0aeea30bc3b8c4420be8ced4226c0;14.9;;1.0;2.0;05/02/2017 19:13;05/02/2017 19:13;1.0;;SP
vendeur 396;20fd2d2080ed85fa67fad3fcbb2c1813;85.9;1.0;0.0;3.0;30/04/2018 18:55;30/04/2018 18:55;1.0;36.01;PR
vendeur 397;2138ccb85b11a4ec1e37afbd1c8eda1f;13066.76;3.894618834080717;0.0536912751677852;1.9865771812080537;04/10/2016 19:30;28/08/2018 13:28;23.066666666666663;53.89;SP
vendeur 398;213b25e6f54661939f11710a6fddb871;15989.0;3.812182741116752;0.105;3.305;21/11/2017 21:24;14/08/2018 7:49;8.833333333333334;52.34;SP
vendeur 399;213fafb0ca06fb3d5886579c2565791b;189.7;2.333333333333333;0.0;1.6666666666666667;14/06/2018 15:23;23/08/2018 10:23;2.3;44.03;MG
vendeur 400;2156f2671501a81034d7d07f217609d0;2981.5;3.863636363636364;0.1363636363636363;3.0;28/08/2017 20:12;26/07/2018 13:59;11.033333333333331;49.58;SP
vendeur 401;217f005bb37ff3aeef5b2ae1788e75ba;99.96;3.75;0.0;2.75;21/04/2017 20:16;13/06/2017 10:51;1.7333333333333334;52.52;SP
vendeur 402;218d46b86c1881d022bce9c68a7d4b15;56241.28;4.143187066974596;0.0894495412844036;2.752293577981652;18/01/2017 14:56;22/08/2018 15:38;19.366666666666667;61.37;SP
vendeur 403;218f991754f360af9c2daa5e0b8e990c;3554.32;3.5294117647058822;0.1176470588235294;3.823529411764706;18/12/2017 18:19;19/08/2018 19:09;8.133333333333333;48.23;SP
vendeur 404;2199e7fe213c16213bf5d6a7eadc9a5d;4157.89;4.333333333333333;0.0303030303030303;2.9393939393939394;10/10/2016 9:57;20/08/2018 8:13;22.6;55.77;SP
vendeur 405;21c62b998a043ebe31161d38f84929fc;750.49;4.5;0.0;3.25;16/07/2018 17:15;08/08/2018 22:21;1.0;57.12;CE
vendeur 406;21d59342ba150175ca2aa4f8faddeca6;259.9;4.5;0.0;4.5;09/08/2018 11:07;22/08/2018 14:53;1.0;57.04;SP
vendeur 407;21e83881401b92b49fb09a16d3852291;8125.82;4.0;0.0;2.15;09/03/2017 23:39;29/01/2018 16:16;10.833333333333334;55.33;MG
vendeur 408;2235cf78d3e2073a88146a9cb60f0dd0;178.99;5.0;0.0;4.0;30/11/2017 19:12;30/11/2017 19:12;1.0;60.03;SP
vendeur 409;226b05fe067266c59c15dae208213d06;1056.9;4.181818181818182;0.0;2.272727272727273;08/03/2018 23:14;12/04/2018 16:01;1.1333333333333333;55.26;PR
vendeur 410;228e4c1a0be164f613d41c24345f9d2c;749.6;5.0;0.0;3.142857142857143;07/05/2018 13:31;10/08/2018 22:17;3.1666666666666665;60.12;PR
vendeur 411;229c3efbfb0ea2058de4ccdfbc3d784a;15843.0;3.639455782312925;0.0201342281879194;2.912751677852349;05/10/2016 7:31;17/08/2018 15:12;22.7;53.82;MG
vendeur 412;22a23e5ac7061fc538cc2a019afaaf16;95.0;3.0;0.0;5.0;18/05/2017 11:00;18/05/2017 11:00;1.0;48.01;MG
vendeur 413;22c32ec35d0116ef02c281798a25bf8b;119.58;3.5;0.0;1.0;30/01/2018 5:33;22/02/2018 19:15;1.0;51.02;PR
vendeur 414;2305ab43e846518f58dd9d59f3f54e96;788.89;3.6666666666666665;0.0;6.666666666666667;24/04/2018 13:42;18/06/2018 14:46;1.8333333333333333;52.13;SP
vendeur 415;232a6014e7b10cba61c6c2b2ea6bb4b0;3919.87;4.085714285714285;0.0555555555555555;3.25;04/02/2017 22:38;20/07/2018 10:39;17.666666666666668;53.49;SP
vendeur 416;23613d49c3ac2bd302259e55c06c050c;4768.6;3.63855421686747;0.1309523809523809;3.333333333333333;08/10/2016 21:12;19/08/2018 23:28;22.666666666666668;48.68;SP
vendeur 417;236585a4ddb5fea9fa40233e2249ed91;649.53;4.090909090909091;0.0909090909090909;1.818181818181818;05/11/2017 15:36;09/08/2018 23:21;9.233333333333333;51.92;RS
vendeur 418;2379bdc3888025689a9deb7b141507d5;1007.4;4.0;0.4;3.3;31/01/2018 16:57;03/08/2018 10:17;6.1;42.16;SP
vendeur 419;238fac594e170b59c6d228f5a4f4f1d9;3126.0;3.965517241379312;0.1333333333333333;3.3;08/10/2017 10:44;19/08/2018 11:25;10.5;50.3;SP
vendeur 420;23a0ffca143a15b9b5bbdb7d552f626a;3859.01;3.8846153846153846;0.1538461538461538;2.5;14/03/2018 19:41;14/08/2018 14:23;5.066666666666666;49.32;SP
vendeur 421;23c38debaffe4a25a30fdbd9b586a13f;5382.18;4.304347826086956;0.1521739130434782;2.391304347826087;02/04/2018 12:30;07/08/2018 8:19;4.2;52.14;SP
vendeur 422;23ca5f678e0b3ea6c630b30fa8bf51ea;183.0;5.0;0.0;4.0;04/03/2017 11:44;04/05/2017 23:14;2.033333333333333;60.03;SP
vendeur 423;23d7c96d4a1160db1c726b248601b25a;13218.96;3.694915254237288;0.1290322580645161;3.612903225806452;20/07/2017 17:52;16/08/2018 9:59;13.033333333333331;50.46;SP
vendeur 424;23ff42c4bf1f8f16cddb19d8b972974a;174.70000000000002;4.333333333333333;0.0;7.0;27/09/2017 8:01;17/11/2017 13:12;1.7;56.03;MG
vendeur 425;240b9776d844d37535668549a396af32;13592.08;4.277777777777778;0.0555555555555555;4.416666666666667;17/07/2018 13:48;21/08/2018 14:19;1.1666666666666667;56.22;RJ
vendeur 426;244b04680fdbded0acf5aebd9c92b44a;3477.7000000000003;1.0;0.3333333333333333;11.333333333333334;12/12/2017 10:52;28/03/2018 21:25;3.533333333333333;26.57;SP
vendeur 427;244c2f1bff6afe1f2eaf9bfe9b2aed38;3220.0;3.852941176470588;0.1176470588235294;5.029411764705882;07/02/2017 11:11;06/02/2018 8:31;12.1;50.11;SP
vendeur 428;247587846358bb1d2e4c6522020b36fe;99.0;5.0;0.0;1.0;17/06/2018 22:05;17/06/2018 22:05;1.0;60.02;SP
vendeur 429;2493dc3f20131696a0ecdb9948051a8d;504.38;4.75;0.0;3.75;24/01/2017 17:09;07/02/2017 23:15;1.0;58.58;DF
vendeur 430;249f0e9905a6e06ad6c6bea7547ab9f6;347.95;3.6666666666666665;0.0;1.0;25/06/2018 1:10;03/08/2018 18:54;1.3;52.06;RJ
vendeur 431;24a6daf925d9d591870a66660416de31;60.0;4.5;0.0;2.5;29/01/2018 9:47;06/05/2018 20:33;3.2333333333333334;57.01;SP
vendeur 432;24c1de8d9551c0b4fbc53317d53efda8;355.0;5.0;0.0;1.0;01/02/2017 18:41;01/02/2017 18:41;1.0;60.06;PB
vendeur 433;2528513dd95219a6013d4d05176e391a;36236.1;3.977401129943503;0.05;4.538888888888889;22/03/2017 14:20;24/08/2018 11:17;17.3;58.29;SP
vendeur 434;2528744c5ef5d955adc318720a94d2e7;6245.0;2.4;0.0;8.2;28/10/2017 12:57;27/06/2018 13:33;8.066666666666666;45.42;SP
vendeur 435;252e76235acb79183cfca6e34f13337d;261.2;3.75;0.0;1.5;17/02/2017 16:10;01/06/2018 11:54;15.6;52.54;SP
vendeur 436;253c025bab43881055aeecde5e2d8b77;94.82;4.5;0.5;1.0;23/11/2017 18:36;10/07/2018 13:20;7.6;42.01;PR
vendeur 437;253f95b3a0e6983ae18aed49fbc2b845;799.5;4.4;0.0;1.6;21/03/2018 8:26;11/06/2018 11:52;2.7333333333333334;56.53;SP
vendeur 438;257e61d3251fb5efb9daadddbc2cf7ca;7729.0;4.75;0.0;7.75;06/04/2018 17:16;15/08/2018 16:12;4.333333333333333;59.76;PR
vendeur 439;258447aad3f7b01e2643c89f64dc5647;51.9;5.0;0.0;3.0;24/07/2018 19:44;24/07/2018 19:44;1.0;60.01;PR
vendeur 440;259f7b5e6e482c230e5bfaa670b6bb8f;9305.91;4.219101123595506;0.0167597765363128;2.3072625698324023;23/03/2017 14:28;27/08/2018 13:59;17.366666666666667;56.33;SP
vendeur 441;25be943a321c8938947bdaabca979a90;769.0;3.0;0.0;5.6;09/05/2018 14:54;03/09/2018 9:06;3.866666666666666;48.13;SP
vendeur 442;25c5c91f63607446a97b143d2d535d31;56138.73;3.711191335740072;0.0575539568345323;2.226618705035971;08/03/2017 8:58;28/03/2018 11:26;12.833333333333334;59.72;MG
vendeur 443;25cf099de44674fde97473224f9d59ab;1681.54;4.34;0.0392156862745098;1.411764705882353;06/06/2017 11:52;25/08/2018 21:53;14.833333333333334;55.14;SP
vendeur 444;25debeafbce801fdd479539350185eee;302.84000000000003;2.4285714285714284;0.0;4.142857142857143;05/06/2017 10:45;15/05/2018 13:17;11.466666666666669;44.62;SP
vendeur 445;25e47381a6c510ddeb36084e33b89f0c;1349.5;4.0;0.0;2.7777777777777777;16/05/2017 18:26;29/06/2017 7:53;1.4333333333333331;54.22;SP
vendeur 446;25e6ffe976bd75618accfe16cefcbd0d;11739.49;4.389830508474576;0.0508474576271186;2.6610169491525424;02/10/2016 22:07;24/06/2018 20:26;20.966666666666665;56.73;SP
vendeur 447;262237171f48e85819065498cac80d7b;599.0;4.3;0.0;5.5;02/08/2017 8:58;02/08/2018 22:27;12.166666666666666;55.9;SC
vendeur 448;2646baaf662d4d92ac48f047e35db92d;1263.05;4.555555555555555;0.1111111111111111;1.7222222222222223;29/04/2018 22:00;09/08/2018 19:37;3.3666666666666667;54.21;SP
vendeur 449;26562f211dd1364af2a8596dc945e8ae;99.0;5.0;0.0;1.5;10/07/2018 10:33;31/07/2018 17:12;1.0;60.02;SP
vendeur 450;265fdc289dffa9f1ad801c74f7d0de47;495.0;5.0;0.0;1.0;13/08/2018 12:20;13/08/2018 12:20;1.0;60.08;SP
vendeur 451;26785a546900236d66f2e4197c211158;1019.2;4.666666666666667;0.0;1.8;22/11/2017 19:20;24/07/2018 17:04;8.1;58.17;SP
vendeur 452;269c5fc9fcadee614364c3620c30a1f9;209.6;5.0;0.3333333333333333;2.6666666666666665;31/07/2018 18:14;08/08/2018 21:19;1.0;50.03;SP
vendeur 453;269cff2d3c8d205c11f37a52402ea93b;1281.59;4.4;0.0;2.8;28/06/2018 8:44;10/08/2018 18:09;1.4333333333333331;56.61;SP
vendeur 454;26af45f5dfd967225a832838aa4e24a3;573.1;4.181818181818182;0.0;1.818181818181818;11/01/2018 13:15;22/08/2018 21:26;7.433333333333334;55.18;PR
vendeur 455;26b482dccfa29bd2e40703ba45523702;344.78;5.0;0.0;2.5;31/07/2018 20:37;20/08/2018 8:39;1.0;60.06;SP
vendeur 456;26bad72add1f86e08a776ce4ffdaf1ca;787.0;4.5;0.0;4.125;13/09/2017 14:44;21/05/2018 11:08;8.3;57.13;SP
vendeur 457;26d6bbee02420494d471c9f6436929c0;434.51;4.6923076923076925;0.0;1.2307692307692308;05/04/2018 12:14;25/08/2018 19:15;4.733333333333333;58.22;PR
vendeur 458;26d8a1c7c75d513045798992ead43aa2;8494.11;4.256410256410256;0.0769230769230769;3.4615384615384617;17/08/2017 2:43;12/08/2018 3:44;12.0;54.62;PR
vendeur 459;26e13b6ff5b641b329e5524241ee2c93;119.7;4.0;0.0;2.0;01/08/2018 4:52;22/08/2018 18:03;1.0;54.02;SP
vendeur 460;26e2c91ef821e1ff8985f408788fe35b;2327.0;2.555555555555556;0.2777777777777778;3.7222222222222223;20/02/2018 9:43;24/07/2018 16:11;5.133333333333334;37.38;SP
vendeur 461;26e2e5033827d2ba53929f43e03d8ffe;139.49;5.0;0.0;4.0;25/08/2018 12:50;25/08/2018 12:50;1.0;60.02;SP
vendeur 462;26f6b7ab07be3e9e69ce82a6552efc19;54.8;3.0;0.5;2.0;14/08/2018 1:00;15/08/2018 15:12;1.0;33.01;RJ
vendeur 463;270297ead4c65a6cd2593960d2af6b21;9422.4;3.736842105263158;0.0;7.15;15/03/2017 19:48;13/08/2018 23:03;17.2;53.96;SP
vendeur 464;270572bb714b00531be85e16e1550f26;96.99;5.0;0.0;4.0;24/05/2018 21:26;24/05/2018 21:26;1.0;60.02;SP
vendeur 465;2709af9587499e95e803a6498a5a56e9;1288.96;2.617021276595745;0.4791666666666667;2.3125;15/02/2017 22:32;26/08/2018 19:01;18.53333333333333;31.54;SP
vendeur 466;270d3ef21830ad0ecf3a6c53d08a533a;509.0;2.2222222222222223;0.0;3.7222222222222223;06/12/2017 14:04;28/04/2018 2:23;4.733333333333333;43.42;SP
vendeur 467;271b8923c6a549e02d3c9fd1f8c0422b;105.19;4.0;1.0;1.0;30/07/2018 19:39;30/07/2018 19:39;1.0;24.02;SP
vendeur 468;271c58a1d139c45eaf3316107c6d3a3b;3897.52;4.068965517241379;0.0689655172413793;3.413793103448276;02/05/2018 13:55;14/08/2018 18:45;3.466666666666667;52.98;SP
vendeur 469;272f092de69afedd4d2969440b37f18f;1985.23;3.923076923076923;0.0;3.024390243902439;05/02/2017 23:22;11/11/2017 10:44;9.266666666666667;53.86;SP
vendeur 470;2745f798279e0ed033addcc1474776d7;3826.18;3.9375;0.0909090909090909;2.4545454545454546;20/08/2017 22:08;30/05/2018 15:04;9.4;51.52;SP
vendeur 471;276677b5d08786d5dce7c2149dcce48b;3567.9;3.8333333333333335;0.0625;3.083333333333333;01/02/2018 21:24;13/08/2018 12:23;6.4;51.71;MG
vendeur 472;278b6e0b20c4f61fefaa0577943d7a35;1078.0;1.0;0.0;3.0;10/05/2018 13:10;10/05/2018 13:10;1.0;36.18;SC
vendeur 473;27a56ff04b34c2ba34ce6ba4d3b9d616;349.29;4.125;0.125;1.875;05/04/2017 15:45;13/10/2017 10:53;6.333333333333333;51.06;SP
vendeur 474;282c7480173bb9c01dd41cc739fec010;4274.2;4.428571428571429;0.125;1.25;07/08/2017 21:25;20/08/2017 16:09;1.0;53.52;SP
vendeur 475;282f23a9769b2690c5dda22e316f9941;6673.04;4.292035398230088;0.0442477876106194;1.893805309734513;14/07/2017 12:12;23/08/2018 19:14;13.5;55.52;MG
vendeur 476;28405831a29823802aa22c084cfd0649;245.0;4.285714285714286;0.0;1.0;26/06/2018 16:00;18/08/2018 18:29;1.7666666666666666;55.75;SP
vendeur 477;28872dc528e978a639754bc8c2ce5a4c;1009.9;5.0;0.0;6.0;11/06/2018 22:55;11/06/2018 22:55;1.0;60.16;RS
vendeur 478;289cdb325fb7e7f891c38608bf9e0962;13544.95;4.579365079365079;0.0158730158730158;3.238095238095238;21/02/2018 22:53;25/08/2018 14:05;6.133333333333334;59.21;SP
vendeur 479;28a26ebce31d5918b181ede016fd693b;29.9;5.0;0.0;3.0;13/08/2018 15:55;13/08/2018 15:55;1.0;60.0;MG
vendeur 480;28c7d8743fbc8679f484868cc0fcaefb;201.5;5.0;0.0;2.333333333333333;05/05/2018 12:40;10/08/2018 0:40;3.2;60.03;SP
vendeur 481;28d162ab86bb49d719c32f0ee6186eaa;329.97;4.0;0.0;1.3333333333333333;19/09/2017 10:20;19/09/2017 10:20;1.0;54.05;SP
vendeur 482;28ea411b354f14b1a494be4e79f0ce02;820.0;4.666666666666667;0.1666666666666666;3.1666666666666665;28/02/2017 13:40;30/01/2018 16:34;11.2;53.13;SP
vendeur 483;28f10b1c5e5abb9d4857745bede6147c;835.0;4.0;0.2142857142857142;1.2142857142857142;28/04/2018 7:47;17/08/2018 14:33;3.7;47.71;SP
vendeur 484;28fb0829fd777877cdc350d25cb5bd5b;669.5;4.0;0.0;2.6;29/10/2017 17:10;09/01/2018 23:52;2.4;54.11;SP
vendeur 485;293dee954235e4e4e43f129313625ebe;1829.91;5.0;0.0;3.333333333333333;11/10/2017 10:22;16/01/2018 16:01;3.2333333333333334;60.3;DF
vendeur 486;2953ce3a88f5e3c3b696d77fc9e4c8eb;470.0;4.666666666666667;0.2666666666666666;1.8;01/10/2017 10:19;23/08/2018 17:19;10.866666666666667;50.08;SP
vendeur 487;296729ffb9b684050dd24836dac4494a;114.0;5.0;0.0;2.0;10/05/2018 10:11;02/08/2018 19:54;2.8;60.02;SP
vendeur 488;297d5eccd19fa9a83b2630071ff105e4;834.97;5.0;0.0;2.0;19/07/2018 22:48;23/08/2018 9:35;1.1333333333333333;60.14;PR
vendeur 489;299c89a525fee36c567f4fe72f038100;658.0;2.0;0.0;3.0;01/07/2018 22:22;08/08/2018 17:36;1.2333333333333334;42.11;CE
vendeur 490;29c322e3f09f886f8bacbe91dfbd979e;48.98;5.0;0.0;1.0;22/08/2018 21:26;22/08/2018 21:26;1.0;60.01;RS
vendeur 491;29e6e05b65f93bc224c644319dc52ecf;475.6;4.75;0.0;4.75;28/06/2018 9:19;17/08/2018 22:06;1.6666666666666667;58.58;MG
vendeur 492;29fe9f200d3fa0c668d2aa1ec7e08dfb;400.0;4.0;0.0;3.2;16/06/2017 15:16;03/09/2017 16:15;2.6333333333333333;54.06;SC
vendeur 493;2a1348e9addc1af5aaa619b1a3679d6b;2843.0;3.0;0.2727272727272727;2.0545454545454547;14/01/2017 1:16;02/08/2018 15:57;18.83333333333333;40.28;MG
vendeur 494;2a167ca73899c85001a837d8fb4962f6;4097.0;4.333333333333333;0.0;10.0;17/07/2018 13:27;24/07/2018 23:09;1.0;56.67;SP
vendeur 495;2a261b5b644fa05f4f2700eb93544f2c;5540.0;3.345238095238096;0.2261904761904762;2.773809523809524;16/10/2017 12:29;01/08/2018 16:43;9.633333333333333;44.19;SP
vendeur 496;2a50b7ee5aebecc6fd0ff9784a4747d6;199.8;1.0;1.0;5.0;27/11/2017 21:45;27/11/2017 21:45;1.0;6.03;DF
vendeur 497;2a5b78b41cd05baeac8df54c6606b92c;19025.36;4.083333333333333;0.0166666666666666;3.35;02/07/2017 15:37;15/08/2018 18:01;13.633333333333333;57.11;MG
vendeur 498;2a61c271b1ac763450d846849783e922;1516.76;3.652173913043478;0.1739130434782608;2.5217391304347827;12/09/2017 16:17;19/02/2018 19:48;5.333333333333333;46.94;SP
vendeur 499;2a6fbeaa7ab9e5d59a35841a8da71ce4;1688.79;4.0;0.0625;2.59375;08/03/2017 15:46;01/07/2018 9:42;15.966666666666669;52.4;SC
vendeur 500;2a73cba571d90c694b7caca072ccf6ce;342.78;5.0;1.0;1.0;26/07/2018 9:13;26/07/2018 9:13;1.0;30.06;SP
vendeur 501;2a7c6c0b0d5efde2bf75ec1e1cec2d41;147.6;3.333333333333333;0.0;3.333333333333333;14/11/2017 12:03;11/12/2017 14:48;1.0;50.02;PR
vendeur 502;2a7dc43cecabf23403078e2188437d1d;5135.71;4.0;0.0701754385964912;2.5789473684210527;03/11/2017 0:16;03/06/2018 10:59;7.066666666666666;52.73;SP
vendeur 503;2a84855fd20af891be03bc5924d2b453;16353.8;4.247058823529412;0.0290697674418604;3.122093023255814;28/12/2017 12:31;29/08/2018 14:18;8.133333333333333;57.28;MG
vendeur 504;2aa3443d7bf9d9bb11133f420d75e083;676.9000000000001;3.1818181818181817;0.2727272727272727;1.9090909090909087;14/11/2017 12:43;13/08/2018 1:18;9.033333333333331;41.02;RJ
vendeur 505;2aafae69bf4c41fbd94053d9413e87ee;94.0;4.5;0.0;2.5;24/05/2018 15:22;24/07/2018 19:04;2.033333333333333;57.01;RS
vendeur 506;2addf05f476d0637864454e93ba673d5;4552.0;5.0;0.0;4.666666666666667;03/08/2017 14:06;18/03/2018 20:29;7.566666666666666;60.74;DF
vendeur 507;2b03ac196f5ed62ac483960fe0fa3b65;843.1;4.142857142857143;0.1428571428571428;3.2857142857142856;10/11/2017 10:51;02/05/2018 10:48;5.733333333333333;50.71;SP
vendeur 508;2b1a40c1daabc6ca280c4b815c101841;12732.6;3.628571428571429;0.0285714285714285;7.0285714285714285;09/10/2016 11:23;16/06/2018 12:55;20.5;53.0;MG
vendeur 509;2b2fed75b8e5ea3a052fc4c0825da485;510.9;5.0;0.0;5.5;23/04/2017 15:20;29/07/2017 22:32;3.2333333333333334;60.08;MG
vendeur 510;2b3b9ce054da76a7428df143a567b156;301.0;3.1666666666666665;0.0;3.333333333333333;17/06/2018 15:59;19/08/2018 10:47;2.066666666666667;49.05;SP
vendeur 511;2b3e4a2a3ea8e01938cabda2a3e5cc79;24358.12;4.385964912280702;0.0;2.894736842105264;09/05/2017 9:32;27/07/2018 11:21;14.8;60.3;SP
vendeur 512;2b402d5dc42554061f8ea98d1916f148;299.89;5.0;0.0;3.0;28/04/2018 16:17;28/04/2018 16:17;1.0;60.05;BA
vendeur 513;2b5ed0c9139dae8883a200dfcb272ece;85.41;4.25;0.25;2.25;03/04/2017 17:25;06/11/2017 12:03;7.2;48.01;SP
vendeur 514;2ba91c7ad80ff88b23b7db823b43c233;740.4;3.8333333333333335;0.3333333333333333;3.6666666666666665;04/04/2018 12:42;12/08/2018 19:57;4.333333333333333;43.12;SP
vendeur 515;2bd05d410a8fd26dc4184a15f4f2f588;1316.73;5.0;0.0;3.7142857142857135;27/01/2017 10:29;21/10/2017 11:22;8.9;60.21;MG
vendeur 516;2bdb95a56a36ebbc6640337ac5eac174;89.9;5.0;0.0;1.0;27/01/2017 22:07;27/01/2017 22:07;1.0;60.01;SP
vendeur 517;2be17df1c49978426251562096c3cc09;2304.0;4.176470588235294;0.0588235294117647;3.0588235294117645;17/01/2017 16:58;30/06/2018 20:39;17.633333333333333;53.67;SC
vendeur 518;2bf28e311bba65237358230cabac3f15;294.0;3.875;0.25;2.125;03/04/2018 20:28;12/08/2018 14:52;4.333333333333333;45.8;PR
vendeur 519;2bf6a2c1e71bbd29a4ad64e6d3c3629f;51366.9;4.15625;0.09375;6.375;02/11/2017 13:11;13/08/2018 19:30;9.466666666666669;60.52;RJ
vendeur 520;2c00c85d30361cd2ced2969cffbbffa3;49.8;5.0;0.0;1.0;16/04/2018 19:27;16/04/2018 19:27;1.0;60.01;MG
vendeur 521;2c2c9832d1bb38c5b0034a3b47d313ee;49.9;3.0;0.0;3.0;27/07/2018 10:44;27/07/2018 10:44;1.0;48.01;RS
vendeur 522;2c3d56f92f360fb89d849b84e8f50eae;593.1;2.5454545454545454;0.3636363636363636;1.7272727272727273;06/10/2017 8:49;23/03/2018 18:38;5.6;34.46;SP
vendeur 523;2c43fb513632d29b3b58df74816f1b06;858.0;3.6666666666666665;0.0;6.333333333333333;20/06/2018 21:40;23/07/2018 20:50;1.0666666666666669;52.14;MG
vendeur 524;2c4c47cb51acd5ea5db5e0ae0e26542a;2575.9;4.6;0.0;2.4;04/09/2017 9:26;29/07/2018 16:04;10.933333333333334;58.02;SP
vendeur 525;2c538755f1ca9540af144f266e70df6c;334.99;5.0;0.0;6.0;12/05/2018 7:21;12/05/2018 7:21;1.0;60.05;MG
vendeur 526;2c54051840f19eca309a5423cf22df36;23.7;4.5;0.0;1.0;04/12/2017 0:59;04/04/2018 9:52;4.033333333333333;57.0;PR
vendeur 527;2c9005d8043aff18b8557ffb7b13cda4;109.9;5.0;0.0;1.0;07/05/2018 21:00;07/05/2018 21:00;1.0;60.02;ES
vendeur 528;2c9e548be18521d1c43cde1c582c6de8;6258.44;3.930232558139535;0.1657142857142857;1.8457142857142856;06/10/2017 17:00;27/08/2018 16:17;10.8;49.63;SP
vendeur 529;2cb4700db635baa1c0d4f90ed27b6669;299.70000000000005;2.333333333333333;0.0;5.0;15/03/2017 23:15;18/03/2017 1:58;1.0;44.05;PR
vendeur 530;2cb6eb1b7185064167657fa09f541105;1415.7;4.25;0.0;2.5;20/02/2018 22:32;03/08/2018 21:35;5.433333333333334;55.73;MG
vendeur 531;2cb98e27ce1c18abdb42209b34c382a7;62.49;4.0;0.0;1.0;19/06/2018 14:30;19/06/2018 14:30;1.0;54.01;SP
vendeur 532;2d20f1cd18725c91147da0791d498022;99.8;5.0;0.0;4.0;11/08/2018 14:06;11/08/2018 14:06;1.0;60.02;PR
vendeur 533;2d22fc3089eb907b29ebff50581fb472;317.70000000000005;3.6666666666666665;0.0;2.333333333333333;13/04/2018 17:26;29/04/2018 18:43;1.0;52.05;RJ
vendeur 534;2d2322d842118867781fc737e96d59a1;178.6;4.909090909090909;0.0909090909090909;1.0909090909090908;08/06/2018 10:35;25/08/2018 21:20;2.6;56.76;SP
vendeur 535;2d2c62bef4c8ba0dd74e0e228e808539;3749.0;4.125;0.125;4.625;20/11/2017 15:08;23/08/2018 13:56;9.166666666666666;51.61;SP
vendeur 536;2d34636518ba88f5349b732fcf8ba2e4;150.0;5.0;0.0;6.0;30/04/2018 20:25;30/04/2018 20:25;1.0;60.02;SP
vendeur 537;2d378dbb39815785238c0139c7647fb7;1154.0;5.0;0.0;5.5;13/04/2017 19:35;17/05/2017 9:44;1.1;60.19;SC
vendeur 538;2d42ebcda99fd55f6f4bc2f1ca035d50;1077.0;4.071428571428571;0.0;1.7857142857142858;24/06/2018 13:21;08/08/2018 13:20;1.4666666666666666;54.6;GO
vendeur 539;2d50d6282f8aa2257819a77bfaa0efe0;3760.38;3.519230769230769;0.1153846153846153;2.8846153846153846;31/08/2017 13:43;11/08/2018 14:31;11.5;48.27;SP
vendeur 540;2d518637f53161b973e01f56ea4bb88e;1219.89;4.923076923076923;0.0;1.3076923076923077;13/04/2018 14:37;30/07/2018 20:33;3.6;59.74;SP
vendeur 541;2d8cfba3fcd3170555941605edaa196a;90.0;5.0;0.0;1.0;15/03/2017 11:41;15/03/2017 11:41;1.0;60.01;SP
vendeur 542;2d9e8987a2ea5cf88dce330249043ff1;239.8;4.5;0.0;2.0;02/08/2018 13:07;18/08/2018 2:42;1.0;57.04;SP
vendeur 543;2dcf93836ae3ce0d7c93e2f10876467a;1443.8;4.166666666666667;0.1666666666666666;3.333333333333333;23/06/2018 14:16;07/08/2018 20:29;1.5;50.24;SP
vendeur 544;2dd1fb6f0e42a2243b8a01e40cd41216;845.89;2.6;0.0;5.8;20/02/2017 8:35;22/04/2017 14:49;2.033333333333333;45.74;PR
vendeur 545;2dee2ce60de9709b1a24083217181a1f;7927.5;4.375;0.0357142857142857;3.75;18/07/2017 19:49;28/06/2018 14:29;11.466666666666669;56.47;MT
vendeur 546;2e0dba2da448400b1c11d7b4b22f32a4;235.87;3.769230769230769;0.0;4.153846153846154;10/02/2017 11:11;21/05/2017 19:21;3.333333333333333;52.65;SP
vendeur 547;2e13c71026e1a39ba5cc1b86dcb679aa;3926.0;4.275862068965517;0.0689655172413793;2.2758620689655173;27/12/2017 17:38;23/08/2018 17:29;7.933333333333334;54.23;SP
vendeur 548;2e1a7d075abe038c1b2743005fe42ff1;1522.5;3.68;0.24;1.92;25/08/2017 15:24;01/08/2018 9:43;11.333333333333334;45.13;SP
vendeur 549;2e1c9f22be269ef4643f826c9e650a52;13540.05;4.060109289617486;0.0967741935483871;2.446236559139785;18/07/2017 13:44;24/08/2018 10:16;13.366666666666667;53.67;SP
vendeur 550;2e2f44824ab87a0cb961f68bf4073e7f;48.0;2.0;0.0;1.0;02/04/2018 21:10;02/04/2018 21:10;1.0;42.01;PR
vendeur 551;2e3be8a987a30d7544dbbda6861cc14e;4430.84;3.0526315789473686;0.0526315789473684;2.9473684210526314;07/02/2017 17:03;18/07/2018 21:37;17.533333333333335;47.46;MG
vendeur 552;2e7ea2aafec5835e781b21d6d1faf1f1;528.4;4.5;0.1428571428571428;1.8571428571428568;05/07/2018 18:35;23/08/2018 21:46;1.6333333333333333;52.8;SP
vendeur 553;2e90cb1677d35cfe24eef47d441b7c87;14202.41;4.05;0.1285714285714285;3.007142857142857;08/03/2017 21:55;26/08/2018 17:23;17.833333333333332;52.76;SP
vendeur 554;2ea0861cc19e94cad86438c984c52da4;165.6;3.333333333333333;0.0;1.0;17/05/2018 14:33;17/07/2018 13:32;2.0;50.03;SP
vendeur 555;2eb70248d66e0e3ef83659f71b244378;43777.08;2.7162790697674417;0.1324200913242009;3.182648401826484;06/02/2018 14:25;19/07/2018 0:41;5.4;49.48;SP
vendeur 556;2ec6e37d992a95eaddb3369dcbcc76d9;239.7;1.6666666666666667;0.0;3.333333333333333;18/08/2017 13:53;06/10/2017 15:54;1.6333333333333333;40.04;RS
vendeur 557;2ee0a0689f2f6a72f35a7cb6033f6e7e;272.0;4.0;0.0;1.25;14/11/2017 20:08;26/11/2017 14:31;1.0;54.04;SP
vendeur 558;2eeb6531ee027a48d401e72bebdd87d3;38.7;4.333333333333333;0.0;1.3333333333333333;07/02/2017 17:16;14/02/2017 19:12;1.0;56.01;SP
vendeur 559;2ef086a599b597572aca4433b7ed6b3d;49.0;5.0;0.0;6.0;11/01/2018 7:27;11/01/2018 7:27;1.0;60.01;SC
vendeur 560;2f09f7d37a97956d11cc1a7cadd5262b;2005.0;3.083333333333333;0.0833333333333333;2.833333333333333;07/02/2017 17:18;23/09/2017 11:23;7.566666666666666;46.33;SP
vendeur 561;2f1e7b90e01d9f086cbcb301c0c3d406;59.0;5.0;0.0;1.0;27/11/2017 23:03;27/11/2017 23:03;1.0;60.01;SC
vendeur 562;2f3d8b4c9e2ee165075331fea3f3095a;130.0;5.0;0.0;2.0;13/10/2017 10:57;13/10/2017 10:57;1.0;60.02;SC
vendeur 563;2f4b0d3b9634b647d4edee577d7ebb7e;337.9;4.909090909090909;0.0;1.818181818181818;26/01/2018 16:15;10/03/2018 10:10;1.4;59.51;SP
vendeur 564;2f4b9d112bfa44a214bc6cef085d17c8;293.99;4.333333333333333;0.0;4.333333333333333;07/10/2016 10:06;16/04/2017 20:08;6.366666666666666;56.05;ES
vendeur 565;2f73e04d12cdf0c945ded66bb3fcf6c7;1359.0;3.333333333333333;0.0;2.0;15/02/2017 16:27;19/08/2018 19:52;18.33333333333333;50.22;ES
vendeur 566;2f74af7a0ee5636f12c2336f9fffed47;620.6;4.357142857142857;0.0;2.5;04/06/2017 12:09;20/11/2017 18:50;5.633333333333334;56.24;SP
vendeur 567;2f9b7ce230a057a98a9f5df5893ee36c;141.82;4.5;0.0;3.0;17/05/2017 10:45;18/06/2017 16:13;1.0666666666666669;57.02;SP
vendeur 568;2fa13c8bd5705d279f7ed5cc9ec61c68;87.4;5.0;0.0;5.75;20/04/2018 11:25;10/07/2018 17:52;2.7;60.01;SP
vendeur 569;2fb25ab44bdbeae6a4d816e0d0c9d500;683.08;4.8;0.0;4.0;18/08/2017 1:36;22/06/2018 21:40;10.266666666666667;58.91;RJ
vendeur 570;2fdde51ad3e12f297da656d4fbd5d0b5;6252.0;4.7;0.0;7.2;17/04/2017 19:55;16/10/2017 17:03;6.033333333333333;59.22;SC
vendeur 571;2ff6b7bff164ef05590a52734e1296da;1803.59;4.714285714285714;0.0;4.285714285714286;01/11/2017 21:31;11/05/2018 9:30;6.333333333333333;58.58;PR
vendeur 572;2ff97219cb8622eaf3cd89b7d9c09824;4505.8;4.546391752577319;0.0618556701030927;2.329896907216495;16/02/2018 17:17;25/08/2018 14:09;6.3;56.16;SP
vendeur 573;3076499bbc033a927bf4a8a41bcf7fd4;359.33;4.444444444444445;0.0;2.111111111111111;03/05/2018 15:40;22/08/2018 11:13;3.6666666666666665;56.72;SP
vendeur 574;3078096983cf766a32a06257648502d1;8405.41;4.215384615384616;0.0461538461538461;3.3846153846153846;19/05/2017 8:15;09/05/2018 19:32;11.833333333333334;55.28;SP
vendeur 575;30829ded4523ab9224b93bc49a62c95f;6911.71;3.5806451612903225;0.032258064516129;2.838709677419355;10/01/2018 10:50;23/08/2018 11:30;7.5;51.65;RS
vendeur 576;3092c0b297aacfb4bb6e056ebe13b9b8;1873.5;3.64;0.0;2.56;18/01/2018 22:44;29/06/2018 9:18;5.366666666666666;52.15;SP
vendeur 577;30a2f535bb48308f991d0b9ad4a8c4bb;4980.8;4.163043478260869;0.0326086956521739;3.630434782608696;04/02/2017 15:05;27/07/2018 11:20;17.9;54.81;SP
vendeur 578;30a81d8cf85fb2ada1b1b094c9583a95;1315.22;4.7727272727272725;0.0;1.6363636363636365;22/02/2018 1:14;15/08/2018 10:14;5.8;58.85;SP
vendeur 579;30c7f28fd3a5897b2c82d152bb760c17;2178.27;1.6666666666666667;0.4285714285714285;2.571428571428572;22/04/2017 13:55;28/11/2017 13:50;7.3;27.5;RJ
vendeur 580;312ba1d77e9c332ef21f9598b7f64cd7;810.0;2.909090909090909;0.3636363636363636;2.363636363636364;29/01/2018 11:36;23/07/2018 10:53;5.8;36.68;SP
vendeur 581;31344c16881c08a8a72c6d2eb29918c1;11365.0;4.44;0.06;3.84;26/01/2017 21:58;20/08/2018 12:03;19.0;56.7;MG
vendeur 582;31561f325664a8a7aba4c8d0c3a9b3db;2757.09;4.564102564102564;0.0256410256410256;2.6153846153846154;05/06/2018 22:51;17/08/2018 2:52;2.4;57.07;SP
vendeur 583;318f287a62ab7ac10b703ac37435a231;2624.98;3.84375;0.109375;2.640625;08/02/2017 15:35;24/08/2018 16:38;18.73333333333333;50.21;SP
vendeur 584;31ae0774c17fabd06ff707cc5bde005f;6719.85;4.0;0.0909090909090909;7.090909090909091;08/05/2017 16:25;25/08/2018 10:39;15.766666666666667;52.37;SP
vendeur 585;31be790e64fc99f8ff48ec2bd18a3104;241.4;4.333333333333333;0.3333333333333333;1.3333333333333333;29/07/2018 23:08;17/08/2018 20:53;1.0;46.04;SP
vendeur 586;31da954dc0855f2495c6310f70a2f931;4583.0;4.233333333333333;0.1;3.466666666666667;10/09/2017 20:50;20/08/2018 13:28;11.433333333333334;53.15;SP
vendeur 587;31e60bf8d103ce47932a85f5562deb16;181.0;5.0;0.0;3.0;11/07/2018 16:07;11/07/2018 16:07;1.0;60.03;GO
vendeur 588;31eec405c9bb71dec8e2629a92e764fa;256.89;4.6;0.0;1.2;27/06/2018 12:28;10/08/2018 13:10;1.4666666666666666;57.64;ES
vendeur 589;323ce52b5b81df2cd804b017b7f09aa7;2554.2;4.310344827586207;0.1666666666666666;3.2;26/01/2018 20:51;02/08/2018 12:06;6.233333333333333;51.28;SP
vendeur 590;324583d68897f5ddbaf38f6248322176;84.0;1.0;0.6666666666666666;1.0;21/02/2018 12:09;25/02/2018 13:05;1.0;16.01;SP
vendeur 591;325f3178fb58e2a9778334621eecdbf9;995.8;4.468085106382978;0.0;1.702127659574468;09/03/2017 10:24;29/01/2018 19:18;10.866666666666667;56.97;SP
vendeur 592;327b89b872c14d1c0be7235ef4871685;1177.0;2.333333333333333;0.6666666666666666;3.6666666666666665;03/02/2017 1:06;15/03/2017 14:28;1.3333333333333333;24.19;AM
vendeur 593;3289d8c3eef4873f91ce0b1343c0dd58;199.99;5.0;0.0;5.0;25/05/2018 18:44;25/05/2018 18:44;1.0;60.03;SP
vendeur 594;328acb143b4a73aad6bee8e734f5d20d;699.98;4.0;0.0;2.5;06/02/2017 13:51;10/02/2017 14:49;1.0;54.11;PR
vendeur 595;3296662b1331dea51e744505065ae889;517.8;5.0;0.0;1.0;27/08/2018 12:41;27/08/2018 12:41;1.0;60.08;SP
vendeur 596;32b8764b4ef628b53608fc34011fcc13;9143.0;4.256410256410256;0.0769230769230769;4.205128205128205;06/03/2018 22:41;22/08/2018 8:33;5.6;54.73;SC
vendeur 597;32e5635e63cb374eb63afdd242fb6134;1820.0;5.0;0.0;1.0;15/08/2017 21:29;15/08/2017 21:29;1.0;60.3;RJ
vendeur 598;32f1bb9dfa65bc7df5c0d9d95a616be4;276.39;3.4;0.3333333333333333;3.333333333333333;18/03/2018 23:47;08/08/2018 12:09;4.733333333333333;40.44;SP
vendeur 599;32f83ffe11cd40f7adcf4eef171f52d9;29.99;5.0;0.0;1.0;19/11/2017 13:22;19/11/2017 13:22;1.0;60.0;RS
vendeur 600;32fdd5d44ecb43dfd6a24b9369eca144;479.2;4.375;0.0;1.75;22/03/2017 12:10;15/05/2017 13:20;1.8;56.33;MG
vendeur 601;3338e7a0710a195872be80e0d2423867;45.0;1.0;0.0;1.0;08/04/2017 1:34;08/04/2017 1:34;1.0;36.01;SP
vendeur 602;333c4210e76a1aa2ab817b99437e3ff1;335.0;5.0;0.0;4.0;17/07/2018 19:46;10/08/2018 10:31;1.0;60.05;SP
vendeur 603;3340ef1913fb70d28420f6ceb685c339;6921.13;4.363636363636363;0.0909090909090909;3.409090909090909;18/01/2017 20:14;23/11/2017 16:22;10.266666666666667;54.59;PR
vendeur 604;334cab711dee080b079fa5779b584783;1269.3;4.933333333333334;0.0;3.2333333333333334;08/04/2018 13:05;09/08/2018 18:06;4.1;59.81;SP
vendeur 605;33576ec5412fb5905d876f12f33bfde6;2896.0;4.029411764705882;0.0294117647058823;2.4411764705882355;12/07/2017 23:03;24/06/2018 20:40;11.533333333333331;53.77;PR
vendeur 606;3361277dc30b7cccdb0c286b24219756;3905.05;4.214285714285714;0.119047619047619;3.8333333333333335;11/02/2017 13:33;18/08/2018 18:48;18.433333333333334;52.35;PR
vendeur 607;3364a91ec4d56c98e44174de954b94f6;3579.94;3.8333333333333335;0.0;7.5;29/04/2017 14:34;29/08/2017 9:42;4.033333333333333;53.58;RO
vendeur 608;33a17d60c64393351ebf1ef860f4e0f2;8282.45;4.625;0.0208333333333333;4.0625;08/07/2017 11:40;14/08/2018 19:12;13.4;58.48;RS
vendeur 609;33a6f4b1e7cdc205511e76ba1b6e0186;10787.95;4.345864661654136;0.0150375939849624;3.1278195488721803;26/01/2018 10:54;28/08/2018 14:32;7.133333333333334;57.39;SP
vendeur 610;33ab10be054370c254ddfcf0a6253422;213.2;5.0;0.0;1.75;22/06/2018 16:04;28/08/2018 11:51;2.2;60.03;RJ
vendeur 611;33ac3e28642ab8bda860a2f693000e78;3834.01;4.216216216216216;0.0;3.351351351351352;09/02/2017 21:17;23/07/2018 11:42;17.6;55.92;SP
vendeur 612;33c51922b6e3c16b24a8f28e5833c99d;6657.87;4.277777777777778;0.05;4.85;02/12/2017 8:50;01/08/2018 8:33;8.033333333333333;55.25;PR
vendeur 613;33cbbec1e7e1044aaf11d152172c776f;730.67;4.6875;0.0;2.9375;03/04/2018 20:15;18/08/2018 13:56;4.533333333333333;58.24;RS
vendeur 614;33cbda8716511e27e556dff9d8418bf2;507.4;4.833333333333333;0.0;2.0;30/03/2017 14:48;05/06/2018 13:29;14.366666666666667;59.08;SC
vendeur 615;33d677f27a69b84051204ee4ae76eaca;165.0;4.6;0.0;2.2;17/03/2018 19:07;20/07/2018 19:11;4.166666666666667;57.63;SC
vendeur 616;33dd941c27854f7625b968cc6195a552;6787.5;4.4;0.0;5.4;27/05/2018 16:26;03/08/2018 0:45;2.2333333333333334;57.51;ES
vendeur 617;33fd411ed63a7c2f9005e3f065d9f85d;24.9;4.0;0.0;1.0;11/04/2018 11:52;11/04/2018 11:52;1.0;54.0;RS
vendeur 618;34056b8b55c1775a22af2331670a799c;6455.4;4.0;0.1153846153846153;1.4743589743589745;16/11/2017 13:18;23/08/2018 17:19;9.333333333333334;51.59;SP
vendeur 619;340636a908b13bbe0f4fb63fbe1d0c03;823.2;3.0;0.0;1.5;25/02/2018 14:44;06/05/2018 11:40;2.3;48.13;SP
vendeur 620;343e716476e3748b069f980efbaa294e;922.6;4.0;0.0416666666666666;1.7083333333333333;19/04/2017 22:03;10/08/2018 8:00;15.9;52.9;SP
vendeur 621;3442033154be05bac582e173ef54fd12;161.0;5.0;0.0;1.0;16/08/2018 21:55;16/08/2018 21:55;1.0;60.03;SP
vendeur 622;344223b2a90784f64136a8a5da012e7f;10.9;2.0;1.0;1.0;17/01/2018 22:10;17/01/2018 22:10;1.0;12.0;SC
vendeur 623;3442f8959a84dea7ee197c632cb2df15;218.7;3.0;0.3333333333333333;2.6666666666666665;05/05/2017 16:12;30/08/2017 11:47;3.866666666666666;38.04;SP
vendeur 624;34675b28b826facfde119785bf287dc1;21.99;4.0;0.0;1.0;01/08/2017 22:00;01/08/2017 22:00;1.0;54.0;PR
vendeur 625;3481aa57cd91f9f9d3fa1fa12d9a3bf7;2099.54;4.0344827586206895;0.0;1.6206896551724137;04/10/2016 9:06;22/08/2017 11:02;10.733333333333333;54.55;SP
vendeur 626;3492e68f37fd1df87f4f2f2ea247f445;787.86;3.555555555555556;0.1111111111111111;1.7777777777777777;09/05/2018 22:09;08/08/2018 19:53;3.0;48.13;SP
vendeur 627;34a557286ead8fe75c989e0afcf7d98c;414.9;4.75;0.0;1.25;14/05/2018 17:20;18/08/2018 0:12;3.1666666666666665;58.57;SP
vendeur 628;34aefe746cd81b7f3b23253ea28bef39;16.0;1.0;0.0;1.0;05/05/2017 3:00;05/05/2017 3:00;1.0;36.0;PR
vendeur 629;34d1ca11b242c0fee2c834ae8d788566;13662.59;4.317073170731708;0.0;3.023809523809524;01/03/2017 16:21;07/08/2018 8:43;17.433333333333334;58.14;MG
vendeur 630;34f563c82a85b99ae9e6d60db5fc2e28;2332.3;4.625;0.0;3.5;13/04/2018 15:09;06/08/2018 20:19;3.8333333333333335;58.13;RS
vendeur 631;3504c0cb71d7fa48d967e0e4c94d59d9;2548.8;4.431034482758621;0.0;1.827586206896552;05/07/2017 9:53;06/11/2017 13:48;4.133333333333334;57.0;SP
vendeur 632;35281d148dcf7134bae913c57db4e6da;119.99;5.0;0.0;1.0;19/07/2018 19:38;19/07/2018 19:38;1.0;60.02;SP
vendeur 633;353e21e8bf8de2722b4fae1636664b76;208.0;2.5;0.0;2.0;27/02/2018 7:38;16/06/2018 20:14;3.633333333333333;45.03;RS
vendeur 634;35857757f553273b1056c1cabdace7fb;569.6;3.571428571428572;0.4285714285714285;3.2857142857142856;24/07/2017 15:19;28/03/2018 0:23;8.2;38.66;SP
vendeur 635;3586b8580d9c917874e053a1bb37b5ff;1524.7;4.441860465116279;0.0465116279069767;2.2790697674418605;05/05/2017 11:25;12/08/2018 23:05;15.466666666666669;55.5;SP
vendeur 636;35b96509602ec4b7da831b5cd73ff2c2;558.9;4.5;0.0;1.0;08/05/2018 9:35;03/08/2018 19:12;2.9;57.09;RS
vendeur 637;35ef5aa32949680f627efec3c23e705c;361.6;3.2;0.0;2.0;28/03/2017 9:06;11/07/2017 20:54;3.5;49.26;SC
vendeur 638;35fb511489d9ee3ee27a76debce9df06;414.5;3.571428571428572;0.1428571428571428;2.142857142857143;22/02/2017 18:45;09/04/2018 8:57;13.666666666666666;47.21;PR
vendeur 639;3606774ec64634822d78dc2db6d37045;299.8;3.0;0.0;5.0;04/10/2016 23:39;25/01/2017 15:28;3.733333333333333;48.05;SP
vendeur 640;365e445f796710c3431557e85caa25db;1115.0;4.4;0.0;4.2;01/02/2017 16:03;16/06/2017 13:35;4.466666666666667;56.58;SP
vendeur 641;365e4bce19bda0082c3d15d83fdb8bcd;796.4;4.714285714285714;0.0;1.5714285714285714;22/01/2018 13:52;29/06/2018 23:18;5.266666666666667;58.42;SP
vendeur 642;36890be00bbfc1cdb9a4a38a6af05a69;1559.1;4.333333333333333;0.2;2.8;04/06/2018 19:51;19/08/2018 16:57;2.5;50.25;SP
vendeur 643;36a968b544695394e4e9d7572688598f;9721.85;3.6627906976744176;0.0406976744186046;1.9534883720930232;22/02/2017 17:12;27/08/2018 16:24;18.33333333333333;52.34;SP
vendeur 644;36f98ad67cc981f50ce8aed093d5783c;119.4;4.0;0.0;2.5;25/07/2018 11:04;01/08/2018 23:43;1.0;54.02;PR
vendeur 645;37303482a42fb700d8d127e70a9cd6c8;148.89;3.0;0.0;3.5;11/12/2017 14:52;14/12/2017 11:51;1.0;48.02;SP
vendeur 646;373ee4a3a775a733770ca3f790b8b9ac;2265.48;4.04;0.08;1.36;06/02/2017 18:57;08/05/2018 14:23;15.166666666666666;52.21;RJ
vendeur 647;37515688008a7a40ac93e3b2e4ab203f;6127.8;4.098360655737705;0.0975609756097561;1.8414634146341464;10/07/2017 22:08;16/07/2018 8:50;12.333333333333334;52.66;SP
vendeur 648;376a891762bbdecbc02b4b6adec3fdda;6695.73;4.683333333333334;0.0333333333333333;2.566666666666667;20/05/2017 0:26;02/05/2018 22:17;11.566666666666666;58.19;GO
vendeur 649;376d67b61dce0c990155286e7ae486a4;94.0;4.0;0.0;5.0;01/03/2018 15:29;01/03/2018 15:29;1.0;54.01;SP
vendeur 650;3771c85bac139d2344864ede5d9341e3;1548.0;3.696969696969697;0.1515151515151515;3.121212121212121;25/05/2017 16:39;12/12/2017 22:53;6.7;47.89;SP
vendeur 651;377bc18334c78dd2f1535ef22a3ad225;135.98;5.0;0.0;6.0;18/08/2018 20:59;18/08/2018 20:59;1.0;60.02;PR
vendeur 652;3785b653b1b82de85ab47dd139938091;2056.3;4.75;0.0;2.09375;24/08/2017 11:34;01/08/2018 22:44;11.4;58.84;PR
vendeur 653;37be5a7c751166fbc5f8ccba4119e043;58652.13;4.266211604095563;0.0269360269360269;5.451178451178452;03/05/2017 9:01;21/05/2018 10:57;12.766666666666667;64.38;SP
vendeur 654;37ceb404da208418c9032f0674e57804;204.93;1.0;0.0;5.0;22/05/2018 18:50;22/05/2018 18:50;1.0;36.03;SP
vendeur 655;37dd29b36c458d82f74a953c40c43645;4536.99;4.0;0.125;7.375;08/10/2017 16:50;28/05/2018 13:37;7.7;50.99;SP
vendeur 656;38102b031c2a15e54623d711bfc753d3;496.0;3.6666666666666665;0.0;3.4166666666666665;09/02/2017 11:01;14/02/2018 10:32;12.3;52.08;CE
vendeur 657;381c83fdca332ea6afd896da20bf6e4a;7567.8;4.3125;0.0625;3.4375;17/08/2017 8:58;14/08/2018 7:04;12.033333333333331;55.24;PR
vendeur 658;3820c6537b3853be1a0687d5a60807ec;25.0;;0.0;3.0;05/03/2017 1:03;05/03/2017 1:03;1.0;;SP
vendeur 659;382229d1e840115ffe3dbf5ff460e417;4826.84;4.307692307692308;0.0961538461538461;2.0576923076923075;14/04/2018 22:35;20/08/2018 17:34;4.233333333333333;53.75;RJ
vendeur 660;385799a1cddbd26dfeb9157356a42282;1093.88;4.166666666666667;0.0;1.25;28/03/2017 16:03;09/09/2017 16:16;5.5;55.18;SP
vendeur 661;38874e327ce94d11390b96eb42d61928;3779.94;4.0;0.1666666666666666;8.5;08/10/2016 10:31;27/10/2017 14:24;12.8;49.62;SP
vendeur 662;389e45560e33d2d0747f949dcddbc08e;39.0;5.0;0.0;3.0;16/08/2018 21:58;16/08/2018 21:58;1.0;60.01;SP
vendeur 663;38af8acfd46ac4a7bf754e8ca6736664;345.0;4.8;0.0;1.2;27/11/2017 23:02;14/02/2018 11:15;2.6;58.86;SP
vendeur 664;38e679b9e0064cd94c6f035707344dae;3907.77;3.966666666666667;0.032258064516129;3.096774193548387;06/10/2016 18:11;30/01/2018 7:15;16.0;53.47;PR
vendeur 665;38e6dada03429a47197d5d584d793b41;614.56;3.4615384615384617;0.3846153846153846;2.8461538461538463;06/09/2017 19:27;29/10/2017 11:59;1.7333333333333334;39.33;SP
vendeur 666;38f276ca6e7cc95a6d1bb55ac9e5550f;24.99;5.0;0.0;3.0;26/11/2017 18:08;26/11/2017 18:08;1.0;60.0;SP
vendeur 667;3903c788ded8dc03b5ebab37a2f3e9a1;119.98;4.0;0.2;1.6;25/05/2018 12:51;05/08/2018 14:00;2.4;48.02;SP
vendeur 668;391bbd13b6452244774beff1824006ed;127.8;1.0;0.5;2.5;04/02/2018 14:21;05/03/2018 11:05;1.0;21.02;SP
vendeur 669;391fc6631aebcf3004804e51b40bcf1e;41379.73;3.945226917057903;0.0947204968944099;3.263975155279504;06/10/2016 0:06;25/08/2018 20:13;22.933333333333334;57.6;SP
vendeur 670;392353362d22cc2c236e1ee81ff19890;288.7;4.6;0.0;4.3;13/04/2018 22:12;22/08/2018 21:48;4.333333333333333;57.65;SC
vendeur 671;392e0502231ae2f8b29994ef6398cd77;1871.7;4.157894736842105;0.1;2.9;09/01/2017 21:40;17/07/2018 23:30;18.466666666666665;52.25;SP
vendeur 672;392f7f2c797e4dc077e4311bde2ab8ce;52.0;5.0;0.0;1.0;20/08/2018 21:10;21/08/2018 10:10;1.0;60.01;RN
vendeur 673;3935fe5fe0f82787a9dcb8deb62be09d;1681.69;3.941176470588236;0.1176470588235294;4.470588235294118;17/04/2018 9:59;24/08/2018 16:08;4.3;50.39;SP
vendeur 674;3968920b9aa752ab98f7d5888c9252f2;523.3;4.1;0.1;1.6;03/05/2018 19:10;06/08/2018 16:19;3.1333333333333333;51.68;SP
vendeur 675;3969863bb8af7f72580b3b1ffd3a17b3;668.14;4.071428571428571;0.0;2.2857142857142856;25/11/2017 0:32;14/08/2018 16:18;8.733333333333333;54.54;SP
vendeur 676;397c4d0c005b6f41f90098ac724e28cb;8177.0;4.4;0.4;8.2;09/04/2018 21:35;04/08/2018 14:32;3.866666666666666;45.74;SP
vendeur 677;3985a3c45be355a4c57fde108bfabd1c;434.0;4.1;0.0;2.0;27/01/2017 0:34;19/06/2017 15:25;4.766666666666667;54.67;RS
vendeur 678;3986c0b54f6b748b75e7bd4e092aa3e5;24.99;5.0;0.0;4.0;17/08/2018 19:54;17/08/2018 19:54;1.0;60.0;PR
vendeur 679;398cb257329ef7af7f1943a8974a3cbc;145.9;5.0;0.0;1.0;20/07/2018 9:42;20/07/2018 9:42;1.0;60.02;BA
vendeur 680;39a5005f2605cbdb4f9ac14485cabfd1;501.07;5.0;0.0;1.625;27/06/2018 10:45;04/08/2018 13:18;1.2666666666666666;60.08;SP
vendeur 681;39c763cca83e654764b7a4a650fb9b7c;761.0;3.8181818181818175;0.1818181818181818;2.363636363636364;14/09/2017 20:57;27/07/2018 20:36;10.5;47.58;GO
vendeur 682;39d54ff918774174706fb065d7f9dc07;1692.59;3.8461538461538463;0.1153846153846153;2.730769230769231;25/11/2017 17:36;24/07/2018 9:09;8.0;49.89;SP
vendeur 683;39d61be7a92eb77b7da367bd4845bc0e;700.59;4.214285714285714;0.0;1.1428571428571428;21/03/2018 20:35;07/08/2018 14:24;4.6;55.4;SP
vendeur 684;39f776d2974049026ff531fc42ef2a3e;1084.04;4.0;0.0;4.0;12/01/2018 18:17;25/04/2018 18:57;3.433333333333333;54.18;GO
vendeur 685;3a1a1fec38dd360f15fc912e821e169d;2233.78;4.055555555555555;0.2222222222222222;2.833333333333333;28/10/2017 12:12;05/05/2018 16:21;6.3;48.03;SP
vendeur 686;3a3c180dd702a725bd0ba4117689239e;41.9;4.0;0.0;1.0;04/05/2018 20:19;04/05/2018 20:19;1.0;54.01;PR
vendeur 687;3a3e46d10f74d8a6ca76e2b538f106a0;334.9;4.166666666666667;0.1666666666666666;3.0;05/02/2018 16:41;30/07/2018 16:52;5.833333333333333;50.05;SP
vendeur 688;3a4127e1ba7208ea37044c5092aae170;2219.6;3.5;0.0;5.166666666666667;19/04/2018 7:58;16/08/2018 19:28;3.966666666666667;51.36;SP
vendeur 689;3a490ba60afa30ece0e7d50cfe74a4f0;1529.2;4.625;0.0;4.0;12/04/2017 23:50;18/12/2017 18:30;8.3;58.0;MG
vendeur 690;3a52d63a8f9daf5a28f3626d7eb9bd28;35.0;1.0;0.0;5.0;01/02/2017 8:42;01/02/2017 8:42;1.0;36.01;SP
vendeur 691;3a734b715d333a2588a3d54a0c9b8746;2463.52;4.208333333333333;0.0416666666666666;2.7916666666666665;04/08/2017 10:08;14/01/2018 20:54;5.433333333333334;54.4;SP
vendeur 692;3a79f35a2344ede41af21267f61d5ec6;186.0;1.0;0.0;1.0;16/11/2017 13:40;16/11/2017 13:40;1.0;36.03;SP
vendeur 693;3aa3c89ae3cd482385568be76120f63c;29.9;4.0;0.0;1.0;07/06/2018 22:36;07/06/2018 22:36;1.0;54.0;GO
vendeur 694;3ab971ce71839580d2ae5b4e40fe8044;5433.6;3.9;0.0714285714285714;3.071428571428572;03/06/2018 17:41;20/08/2018 14:25;2.566666666666667;52.15;SP
vendeur 695;3ac588cd562971392504a9e17130c40b;23.8;5.0;0.0;1.0;17/08/2018 21:08;17/08/2018 21:08;1.0;60.0;SP
vendeur 696;3ade81dab5a172b88e1871c28ae05260;5751.6;4.064516129032258;0.125;3.5625;06/10/2017 9:42;25/08/2018 12:54;10.766666666666667;51.58;SP
vendeur 697;3afc536624bc2e65bddfb5db33cc01f3;312.0;3.5;0.1666666666666666;1.3333333333333333;23/01/2018 17:56;12/06/2018 10:55;4.633333333333334;46.05;MG
vendeur 698;3b15288545f8928d3e65a8f949a28291;15327.67;3.8333333333333335;0.0827067669172932;4.654135338345864;22/03/2017 14:09;13/08/2018 16:57;16.966666666666665;53.02;SP
vendeur 699;3b18f9856c6eb2413eafedb58e9eecd9;315.0;5.0;0.0;1.0;11/04/2018 15:33;11/04/2018 15:33;1.0;60.05;SP
vendeur 700;3b872fd4747f01cc56206f2934198618;2866.73;3.928571428571429;0.1428571428571428;3.4642857142857144;27/11/2017 16:23;21/08/2018 14:08;8.866666666666667;49.75;SP
vendeur 701;3bb32fedaa74e4ad20f4ce067733bd31;103.7;4.666666666666667;0.0;1.0;03/08/2018 13:32;05/08/2018 20:48;1.0;58.02;SC
vendeur 702;3bb548e3cb7f70f28e3f11ee9dce0e59;7799.92;4.0;0.0;2.388888888888889;05/03/2017 14:10;09/08/2018 12:13;17.366666666666667;55.27;PR
vendeur 703;3bdff180c7e1f6551a643b99c265a120;3188.6;4.047619047619048;0.0625;1.5625;01/02/2017 17:39;17/04/2018 16:37;14.633333333333333;52.93;SP
vendeur 704;3be5841cdcc46de4ed3f9116f104b2c5;599.6;4.75;0.0;1.25;24/01/2017 21:16;12/02/2017 21:41;1.0;58.6;SP
vendeur 705;3be634553519fb6536a03e1358e9fdc7;5608.21;3.8932038834951457;0.087378640776699;2.6116504854368934;09/07/2017 11:27;27/08/2018 21:36;13.8;51.65;SP
vendeur 706;3bfad056cf05c00dabe2f895925d83b1;206.65;1.0;0.0;1.0;18/12/2017 10:39;18/12/2017 10:39;1.0;36.03;SP
vendeur 707;3bfba5a77604f6dfae7e6dd7aaf65821;2095.5;5.0;0.0;3.75;09/08/2018 19:54;21/08/2018 20:50;1.0;60.34;PR
vendeur 708;3c010235b7345c92f125d14ee232a76b;3578.0;4.666666666666667;0.0;2.533333333333333;02/07/2018 13:16;15/08/2018 11:37;1.4333333333333331;58.58;PR
vendeur 709;3c03b12bab54d8b37d79d914bfdb1aa0;4236.34;3.880952380952381;0.1627906976744186;1.9534883720930232;23/12/2017 22:45;24/08/2018 11:09;8.1;49.09;RJ
vendeur 710;3c3017960b2dbd72711a61f0400aab8f;968.8;4.0;0.0;1.9;21/01/2017 11:43;05/04/2017 17:01;2.466666666666667;54.16;SC
vendeur 711;3c487ae8f8d7542beff5788e2e0aea83;9760.6;3.941176470588236;0.0294117647058823;6.529411764705882;09/08/2017 15:42;17/08/2018 15:27;12.4;54.36;DF
vendeur 712;3c4e0452bff7a2a788179488d3d77032;4057.1;3.8157894736842106;0.0256410256410256;2.8461538461538463;05/12/2017 10:08;23/03/2018 17:33;3.6;52.79;PR
vendeur 713;3c7c4a49ec3c6550809089c6a2ca9370;6364.2300000000005;3.372972972972973;0.0702702702702702;1.518918918918919;04/09/2017 12:14;18/08/2018 21:48;11.6;49.17;SP
vendeur 714;3c88ed2e76a2247933a15daa7161eb1c;155.0;5.0;0.0;1.0;01/02/2018 21:45;01/02/2018 21:45;1.0;60.02;SP
vendeur 715;3ca08eeb8d5595949fed424bd3677742;1948.77;4.466666666666667;0.0;3.6666666666666665;11/05/2017 16:20;08/01/2018 13:00;8.033333333333333;57.12;PR
vendeur 716;3cfa1358a6caa965278721344c8d76f2;3140.28;4.8;0.0;5.8;18/04/2018 13:37;13/06/2018 21:59;1.8666666666666667;59.31;SP
vendeur 717;3d01d1c414c44b5943a09619ff3853cb;402.6;3.8;0.0;3.4;05/10/2016 17:21;12/07/2017 20:36;9.333333333333334;52.87;SP
vendeur 718;3d0cd21d41671c46f82cd11176bf7277;2123.8;4.903225806451613;0.0;1.3225806451612905;08/08/2017 20:26;06/08/2018 14:38;12.066666666666666;59.77;SC
vendeur 719;3d2400ac620cffa23ac81bd192f7f555;105.0;5.0;0.0;3.0;13/08/2018 13:36;13/08/2018 13:36;1.0;60.02;SP
vendeur 720;3d2531eccfbde1d7c8db7a3a12fb267a;2099.53;4.222222222222222;0.0;2.5454545454545454;24/04/2018 10:19;19/08/2018 18:34;3.9;55.68;MG
vendeur 721;3d290fe363c60a77498c1126fd3fb8d3;198.98;4.333333333333333;0.0;1.6666666666666667;11/03/2017 21:54;03/06/2017 15:23;2.7666666666666666;56.03;SP
vendeur 722;3d39fbf22a665714baf62fae36029e23;2504.2;4.75;0.0;3.375;14/01/2017 21:28;25/11/2017 0:10;10.466666666666669;58.91;SP
vendeur 723;3d3ccf2b2f8134b10dce9dd446f0e075;608.6;3.333333333333333;0.3333333333333333;5.0;20/06/2018 21:14;10/08/2018 11:48;1.6666666666666667;40.1;SP
vendeur 724;3d4824f20035949c710eaf111f869d39;1044.89;4.0;0.1818181818181818;3.090909090909091;04/06/2018 19:07;23/08/2018 0:20;2.6333333333333333;48.72;SP
vendeur 725;3d49bfdd1b43a7fe169b3740067acc61;215.0;4.666666666666667;0.0;2.333333333333333;30/06/2018 1:23;22/08/2018 13:57;1.7666666666666666;58.03;MG
vendeur 726;3d4b1ae7539303b5704493798893e82c;1134.0;4.7;0.0;3.5;06/12/2017 20:43;28/02/2018 16:31;2.7666666666666666;58.38;SP
vendeur 727;3d5d0dc7073a299e31fa718ce1bc00b6;790.7;4.166666666666667;0.125;2.083333333333333;13/06/2018 15:23;06/08/2018 19:55;1.8;51.38;RJ
vendeur 728;3d621842b2ed28e2b474132480edac3c;928.91;3.9;0.0;2.6;04/05/2017 16:44;30/11/2017 20:18;7.0;53.55;SP
vendeur 729;3d62f86afa7c73be2628a3be1423f5a0;12.0;4.0;0.0;1.0;13/12/2017 21:25;09/01/2018 21:50;1.0;54.0;SP
vendeur 730;3d68c634a99a1ba46dbca3967a69c623;594.0;5.0;0.0;4.0;22/07/2018 15:43;02/08/2018 12:07;1.0;60.1;SC
vendeur 731;3d700782d7818f2c1e0d7a9e9d75fc00;149.7;3.6666666666666665;0.3333333333333333;2.0;23/04/2017 20:56;11/07/2017 14:20;2.6;42.02;SP
vendeur 732;3d871de0142ce09b7081e2b9d1733cb1;99436.6;4.117351215423303;0.0572614107883817;2.619917012448133;05/03/2017 12:29;26/08/2018 12:28;17.933333333333334;69.25;SP
vendeur 733;3d8fa2f5b647373c8620330c4e077a9f;3804.71;4.0;0.0196078431372549;3.333333333333333;30/04/2018 14:17;15/08/2018 14:57;3.566666666666667;54.03;SP
vendeur 734;3da38366e7bd9baf6369071f782ecdf0;59.47;1.0;1.0;1.0;04/01/2018 13:37;04/01/2018 13:37;1.0;6.01;CE
vendeur 735;3db66a856d18a9cba7c9241fc5221c50;10157.5;4.219047619047619;0.1047619047619047;2.8;20/04/2017 17:15;21/08/2018 12:20;16.233333333333334;53.83;MG
vendeur 736;3dbbce181edfaa4a597ec858c382d2ec;848.3;4.35;0.1;2.05;17/04/2017 10:11;11/12/2017 19:56;7.933333333333334;53.24;PR
vendeur 737;3dc69bf2c42f0568a5c4791ec3fd3745;300.0;4.0;0.0;1.0;14/11/2017 6:00;16/02/2018 14:01;3.1333333333333333;54.05;SP
vendeur 738;3ded4e2d5f135cb103e5949d7263d2dd;49.9;5.0;0.0;1.0;15/02/2018 15:37;15/02/2018 15:37;1.0;60.01;MG
vendeur 739;3df020b72d3d44b3af9d110fa3940b65;5439.099999999999;4.027522935779817;0.110091743119266;2.678899082568808;14/07/2017 12:40;19/08/2018 23:12;13.366666666666667;51.75;SP
vendeur 740;3dfd3dc96f7f8598eca74e9ac8a2fa31;208.0;4.142857142857143;0.1428571428571428;1.7142857142857142;13/11/2017 12:02;16/06/2018 16:39;7.166666666666667;50.6;SP
vendeur 741;3e35a8bb43569389d3cebef0ce820f69;55.8;5.0;0.0;1.0;12/04/2018 19:47;12/04/2018 19:47;1.0;60.01;SP
vendeur 742;3e46a38ee171c503c3b4a3f23fe3bf0c;59.9;5.0;0.0;3.0;22/06/2018 13:20;22/06/2018 13:20;1.0;60.01;SP
vendeur 743;3e51f9cbe317bc3a88f2c76583811ee4;76.09;5.0;0.0;1.0;14/08/2018 0:22;14/08/2018 0:22;1.0;60.01;SP
vendeur 744;3e8bd881d92466e63ba9e3e809cd3c50;2242.28;4.222222222222222;0.4;2.8;16/02/2018 17:13;25/04/2018 20:58;2.2666666666666666;43.7;RJ
vendeur 745;3ea00e1dea2b0659dbaf654735929220;505.0;4.857142857142857;0.0;1.0;22/02/2017 16:04;14/03/2018 23:13;12.833333333333334;59.22;PR
vendeur 746;3ea08c48e851106d2f584349daba335f;170.0;4.0;0.0;2.0;13/06/2018 21:43;13/06/2018 21:43;1.0;54.03;MG
vendeur 747;3ef37b7ca6dd2b80bd8af81a62504996;700.0;4.5;0.0;4.0;02/03/2017 18:58;01/09/2017 16:25;6.066666666666666;57.11;SP
vendeur 748;3f0e48d209018b466fcd3bb4ccfeb520;5399.0;3.9;0.0;7.3;02/08/2017 14:10;21/01/2018 16:56;5.733333333333333;54.28;PR
vendeur 749;3f2af2670e104d1bcb54022274daeac5;973.6;3.571428571428572;0.1428571428571428;3.142857142857143;29/09/2017 8:52;19/05/2018 23:15;7.733333333333333;47.3;PR
vendeur 750;3f3486b61f45078d4f31ee5e43d8c5bb;4093.53;4.340909090909091;0.1363636363636363;2.3181818181818183;04/12/2017 19:22;17/08/2018 10:48;8.5;52.62;SP
vendeur 751;3f8034bfc6b8b4135534975d49f04c63;1313.9;3.0625;0.0;5.6875;18/01/2017 10:42;24/05/2017 18:32;4.2;48.59;PR
vendeur 752;3f8247d0f772ffa58560e5c682521ad5;139.9;3.0;0.0;6.0;11/06/2017 5:05;11/06/2017 5:05;1.0;48.02;SC
vendeur 753;3f84fefc07dc159b268d4a77d3e8c425;200.6;5.0;0.0;4.333333333333333;07/05/2018 10:20;29/06/2018 23:02;1.7666666666666666;60.03;PR
vendeur 754;3f995f07c49d0d55a99d5c54957f7d81;4153.7;4.2;0.0222222222222222;2.6222222222222222;13/04/2017 13:13;20/08/2018 23:06;16.466666666666665;55.21;SP
vendeur 755;3f9be91358837bff69df67edfa3e42e8;569.7;4.428571428571429;0.0;2.571428571428572;30/03/2018 11:29;12/05/2018 18:04;1.4333333333333331;56.66;PR
vendeur 756;3f9c56764fabca627406093dcb3ef0b4;909.3;4.714285714285714;0.0;2.142857142857143;22/01/2018 9:47;24/04/2018 18:02;3.066666666666667;58.43;RJ
vendeur 757;3fac58ce0ad699020c7944d53c41329c;1244.95;4.5625;0.1875;3.75;31/05/2018 13:16;20/08/2018 22:29;2.7;51.95;SP
vendeur 758;3fadb4cba4c35bce6a7eaf9872d5623a;209.5;3.2;0.0;1.8;07/04/2017 20:18;31/05/2017 22:12;1.8;49.23;RS
vendeur 759;3faf68a3b0af94b10bac70d86077be49;1322.93;4.571428571428571;0.0;5.0;04/02/2017 22:19;02/05/2017 6:29;2.8666666666666667;57.64;SP
vendeur 760;3fd1e727ba94cfe122d165e176ce7967;2946.0;3.775;0.175;1.75;01/12/2017 22:57;04/04/2018 8:20;4.1;47.88;SP
vendeur 761;3fe7120d6257285ac6a3ce7cb071ccec;199.98;3.5;0.0;3.5;05/01/2018 9:35;10/01/2018 14:04;1.0;51.03;MG
vendeur 762;3febca52652e7209509ccfe61cbde40e;84.0;2.0;0.0;1.5;07/08/2018 16:57;14/08/2018 15:26;1.0;42.01;SP
vendeur 763;3fefda3299e6dfaea3466ef346a3571a;209.0;4.0;0.0;1.0;11/08/2017 10:15;11/08/2017 10:15;1.0;54.03;PR
vendeur 764;4003520d80d0bad1d5623f7aa3c63cda;70.0;1.0;0.0;1.0;26/09/2017 20:50;26/09/2017 20:50;1.0;36.01;RJ
vendeur 765;400f221ab83037c0ea78f1267da9624d;865.0;;0.0;9.0;11/10/2017 19:51;11/10/2017 19:51;1.0;;SP
vendeur 766;402916f742e5c740cc751493d9cf5053;1252.0;4.7;0.0;2.8;05/08/2018 20:23;24/08/2018 9:26;1.0;58.4;MG
vendeur 767;403aa86912527d730337ffcb0fb096ab;9234.88;4.090909090909091;0.0;5.5;30/01/2017 13:13;15/11/2017 14:31;9.633333333333333;56.05;MG
vendeur 768;4049512728d969bec69f84088b012416;389.84;5.0;0.0;1.0;23/04/2017 22:08;31/01/2018 23:46;9.433333333333334;60.06;MG
vendeur 769;404e1ba01358af4cd63f679b2c4d1fa1;438.9;5.0;0.0;2.076923076923077;21/08/2017 1:07;16/08/2018 12:36;12.0;60.07;MG
vendeur 770;40536e7ca18e1bce252828e5876466cc;463.96;1.0;0.0;10.0;27/08/2017 15:33;01/09/2017 17:22;1.0;36.08;SP
vendeur 771;406740ee611378a662d274c7d8c43c4a;2302.0;4.25;0.1666666666666666;1.3333333333333333;08/03/2018 17:10;13/04/2018 13:04;1.1666666666666667;50.88;ES
vendeur 772;406822777a0b9eb5c50e442dd4cd3ec5;3897.58;4.313725490196078;0.1346153846153846;2.0384615384615383;30/10/2017 16:01;23/08/2018 0:07;9.866666666666667;52.48;SP
vendeur 773;4091f77d8c768fc3e81c20761471761d;1079.0;2.75;0.25;3.0;06/01/2018 14:14;07/08/2018 9:12;7.066666666666666;39.18;SP
vendeur 774;40d54b51e962dbe09cabbcfd33298dee;7292.25;3.9705882352941178;0.0;3.294117647058824;08/07/2017 14:21;25/08/2018 14:20;13.733333333333333;55.02;SP
vendeur 775;40db9e9aa57f7bb151bcda6b0f9bdbb7;30714.0;2.071428571428572;0.0625;7.5;09/02/2018 9:48;17/08/2018 16:07;6.3;45.58;PE
vendeur 776;40ec8ab6cdafbcc4f544da38c67da39a;117.8;5.0;0.0;2.5;01/08/2018 22:00;10/08/2018 13:24;1.0;60.02;PR
vendeur 777;411f3b52d857390502ee4e4d5ceabc2d;1976.05;4.285714285714286;0.1935483870967742;2.3870967741935485;09/04/2018 18:48;22/08/2018 1:27;4.466666666666667;50.23;SP
vendeur 778;4125d9385a25e82d2f72d3a0fd55bc3f;42.9;5.0;0.0;5.0;01/08/2018 16:28;01/08/2018 16:28;1.0;60.01;SP
vendeur 779;412a4720f3e9431b4afa1476a1acddbe;2058.1;4.2727272727272725;0.0454545454545454;1.7727272727272727;10/09/2017 21:12;13/08/2018 21:49;11.233333333333333;54.61;SP
vendeur 780;4170f6a9367e6b5d6401d03ce6d54569;568.78;4.2;0.2;3.6;20/10/2017 16:51;20/12/2017 0:40;2.0;49.29;DF
vendeur 781;417a1e6c7321084d2a0ae0d023cfad93;48.9;5.0;0.0;1.0;31/01/2018 12:13;31/01/2018 12:13;1.0;60.01;RS
vendeur 782;41958cbd3335433c8740300e8cd600d5;32.99;5.0;0.0;1.0;04/06/2018 19:22;04/06/2018 19:22;1.0;60.0;SP
vendeur 783;41ab63a91b8b264e8c8780368bf1dd5b;2571.95;4.230769230769231;0.0;2.5384615384615383;05/10/2017 23:06;12/07/2018 9:28;9.3;55.8;MG
vendeur 784;41b14765bd56c8ad10971074380f9c0c;395.5;4.1;0.0;1.4;20/03/2018 14:33;29/07/2018 0:48;4.333333333333333;54.66;SP
vendeur 785;41b39e28db005d9731d9d485a83b4c38;18690.25;4.066929133858268;0.0511811023622047;3.295275590551181;19/01/2017 15:21;20/08/2018 14:19;19.23333333333333;55.92;SP
vendeur 786;41b86b552e54e3a7009596125aa8b167;1595.3;4.363636363636363;0.0;2.5454545454545454;20/03/2017 18:47;09/04/2017 19:12;1.0;56.44;SP
vendeur 787;41c2bad7229b0c25e6becf179ebf63ff;782.0;4.956521739130435;0.0;2.0869565217391304;27/11/2017 23:23;20/07/2018 21:11;7.8;59.87;RN
vendeur 788;41c9d3997dd3c072c31139dc5bb5761f;998.8;4.333333333333333;0.0;7.666666666666667;27/01/2017 12:31;05/03/2017 14:28;1.2333333333333334;56.16;MG
vendeur 789;41da412d33e8da4f22baf55cb1bde82c;937.9;4.652173913043479;0.0;2.0869565217391304;24/01/2018 19:13;20/06/2018 8:46;4.866666666666666;58.07;ES
vendeur 790;41e0fa5761c886a630994a55c12087e7;677.4;5.0;0.0;2.0;03/04/2018 16:31;14/06/2018 20:24;2.4;60.11;SP
vendeur 791;4200ddf1967c5e41e48db62bc6d4b5ac;751.6999999999999;4.243243243243243;0.0232558139534883;2.627906976744186;20/08/2017 19:18;18/04/2018 14:22;8.0;54.88;SP
vendeur 792;4221a7df464f1fe2955934e30ff3a5a1;849.5;4.8;0.0;2.2;27/06/2018 20:35;13/08/2018 12:29;1.5333333333333334;58.94;BA
vendeur 793;422be4cc81a457fdb46f47edeb968ae5;239.9;5.0;0.0;6.0;26/01/2017 16:20;26/01/2017 16:20;1.0;60.04;SP
vendeur 794;427165bf50f8ca07efc7bdc2bfcf1688;1603.5;3.2;0.6;3.6;05/04/2018 22:19;26/04/2018 18:02;1.0;31.46;SP
vendeur 795;42b6488f5b8246d9141712abd4b1b693;247.99;4.0;0.0;6.0;12/04/2018 20:51;14/08/2018 19:10;4.1;54.04;PR
vendeur 796;42b729f859728f5079499127a9c2ef37;4184.66;4.348484848484849;0.0970149253731343;2.014925373134328;09/01/2018 22:55;23/08/2018 13:23;7.5;53.86;SP
vendeur 797;42bde9fef835393bb8a8849cb6b7f245;7703.0;4.2;0.025;3.85;06/07/2017 20:25;19/08/2018 18:19;13.6;55.71;DF
vendeur 798;42d4b7e70819438f5ada61c965e92d7e;49.6;1.0;0.0;4.0;20/03/2018 14:07;20/03/2018 14:07;1.0;36.01;GO
vendeur 799;42ef3192a9ff87a22d1867b74b3ee205;1514.09;4.666666666666667;0.0;1.5;02/01/2018 22:14;02/08/2018 19:25;7.033333333333333;58.25;SP
vendeur 800;42fa4ee7240e9b8eb4576358ec142ba7;3845.7;4.809523809523809;0.0;4.045454545454546;04/02/2018 10:58;09/07/2018 11:28;5.166666666666667;59.49;RS
vendeur 801;42fb44130ac3134cde8e35cf8ec7df25;62.7;3.6666666666666665;0.0;1.0;04/02/2017 10:12;23/03/2017 16:19;1.5666666666666669;52.01;SP
vendeur 802;430315b7bb4b6e4b3c978f9dfa9b0558;3217.9;4.047619047619048;0.0454545454545454;3.5;09/01/2018 23:49;06/08/2018 10:23;6.933333333333334;53.45;SP
vendeur 803;4305fe92735c8a43d154ff6dd2b8d927;2885.9;3.9047619047619047;0.0;3.571428571428572;26/07/2017 17:16;25/08/2018 20:26;13.166666666666666;53.9;MG
vendeur 804;431050a06a317f2b38168dec3dcd2b46;1487.8;4.25;0.0;4.0;28/04/2018 23:02;06/08/2018 15:03;3.3;55.74;SP
vendeur 805;431af27f296bc6519d890aa5a05fdb11;13715.7;3.689393939393939;0.1428571428571428;3.5338345864661656;26/04/2017 18:11;31/07/2018 18:46;15.366666666666667;50.09;SP
vendeur 806;4324dd16853115efb0fd9d0d131ba6f4;1131.25;4.315789473684211;0.0526315789473684;1.7894736842105263;31/05/2017 8:51;06/03/2018 11:51;9.3;54.5;SP
vendeur 807;432c37c9dfba871172ec162e20118b8c;3071.87;4.2;0.1333333333333333;2.5166666666666666;02/03/2017 14:06;12/04/2018 22:26;13.533333333333331;51.7;DF
vendeur 808;432c67955c0acd1fd6b0b5d678766a71;1151.0;2.333333333333333;0.0;1.3333333333333333;04/10/2016 16:28;01/02/2017 9:24;3.966666666666667;44.19;SP
vendeur 809;43402bdf22aa2310e8f99e2f94f78628;649.95;2.8;0.0;1.0;14/05/2018 18:13;28/06/2018 0:15;1.4666666666666666;46.91;SP
vendeur 810;4342d4b2ba6b161468c63a7e7cfce593;2997.0;1.25;0.0476190476190476;3.0476190476190474;23/12/2017 14:20;25/07/2018 11:21;7.1;36.56;RJ
vendeur 811;436bf27f2f18474fc6047702e9f8a866;29.9;5.0;0.0;4.0;18/01/2017 12:51;18/01/2017 12:51;1.0;60.0;SP
vendeur 812;4371b634e0efc0e22b09b52907d9d469;8204.0;4.410714285714286;0.0707964601769911;2.2920353982300883;16/06/2017 13:58;13/08/2018 18:15;14.1;55.68;SP
vendeur 813;43753b27d77860f1654aa72e251a7878;23.9;5.0;0.0;5.0;08/09/2017 12:12;08/09/2017 12:12;1.0;60.0;BA
vendeur 814;4391ea5c5990502176a1dcda44a2373d;2349.0;4.8;0.0;7.4;15/10/2017 19:48;16/05/2018 10:02;7.066666666666666;59.18;RS
vendeur 815;439a47cc365d6e3bd526812ea9de3c29;1186.5;4.0;0.1538461538461538;2.230769230769231;21/08/2017 15:37;05/07/2018 1:16;10.566666666666666;49.58;SP
vendeur 816;43a1d4bab73b816e44ef4e4facd9f9b5;189.9;4.0;0.0;1.0;20/02/2017 16:17;20/02/2017 16:17;1.0;54.03;PR
vendeur 817;43a5d4a57af536fddc96d08be3afdfcb;75.0;1.0;0.0;10.0;14/06/2017 20:17;14/06/2017 20:17;1.0;36.01;MG
vendeur 818;43b2c864251aa0ce4030c746984e088a;94.8;3.0;0.0;2.0;28/07/2018 15:35;23/08/2018 12:49;1.0;48.01;DF
vendeur 819;43f8c9950d11ecd03a0304a49e010da6;4469.56;4.590909090909091;0.0681818181818181;3.227272727272727;27/07/2017 10:31;29/05/2018 19:22;10.2;56.23;SP
vendeur 820;44073f8b7e41514de3b7815dd0237f4f;19212.44;3.732484076433121;0.0443037974683544;3.1645569620253164;22/02/2017 23:49;08/08/2018 18:12;17.7;54.21;DF
vendeur 821;440dd6ab244315c632130ecfb63827b1;14175.6;3.836734693877551;0.1212121212121212;3.4242424242424243;04/10/2016 13:16;04/08/2018 14:55;22.3;51.7;SP
vendeur 822;443d880f15cbd3572885e1d44bf2c478;94.8;2.0;0.0;1.0;21/07/2017 9:28;21/07/2017 9:28;1.0;42.01;SP
vendeur 823;4450bd8327d471c4a11a83d1445b1b62;199.0;5.0;0.0;10.0;11/04/2017 6:33;11/04/2017 6:33;1.0;60.03;SP
vendeur 824;446cc09cdbb130904da114e807dbec40;252.8;4.666666666666667;0.0;1.3333333333333333;06/03/2018 12:22;04/06/2018 0:18;2.966666666666667;58.04;SP
vendeur 825;44717f64ec2a457979cf83c429077666;107.0;5.0;0.0;1.0;01/08/2018 0:48;18/08/2018 22:35;1.0;60.02;RS
vendeur 826;447d377bdb757058acb569025ee18a93;64.99;5.0;0.0;3.0;02/02/2018 18:46;02/02/2018 18:46;1.0;60.01;RS
vendeur 827;44ed138eca6214d572ce1d813fb0049b;129.79;4.666666666666667;0.0;2.333333333333333;08/08/2018 0:43;21/08/2018 9:31;1.0;58.02;RS
vendeur 828;44f091b5abab8018f682fce8124b85e5;1680.1;2.5;0.3333333333333333;2.1666666666666665;11/09/2017 7:12;13/11/2017 11:16;2.1;35.27;SP
vendeur 829;45213867cefbf2cd4c6177e10216a951;4955.42;3.857142857142857;0.1428571428571428;5.5;27/01/2017 18:16;11/10/2017 11:41;8.533333333333333;49.67;SP
vendeur 830;4559697a8f7e637227c2eeaed843baff;3905.7;4.088888888888889;0.0666666666666666;2.1777777777777776;14/02/2017 16:20;27/06/2018 12:45;16.566666666666666;53.17;SP
vendeur 831;455befea1bb853c75ccbca94cff26e5c;19.99;3.0;0.0;1.0;07/06/2018 8:36;07/06/2018 8:36;1.0;48.0;RJ
vendeur 832;455c5640e8c5bd1b2ee85c0158f85727;6729.5;4.5;0.0;6.125;15/02/2018 13:43;14/05/2018 23:49;2.933333333333333;58.1;SC
vendeur 833;455f46ef09a9e45667e2981df84b5cc2;59.8;2.5;0.0;2.0;07/08/2018 19:13;07/08/2018 21:26;1.0;45.01;SP
vendeur 834;457fe919b032a3f7dadba6fb92cf7855;1104.89;4.833333333333333;0.1666666666666666;2.583333333333333;02/05/2018 18:19;06/08/2018 14:48;3.1666666666666665;54.18;SP
vendeur 835;458c6fa920810ce2492da71bc26d9eec;756.76;2.5;0.0;12.5;12/12/2017 12:05;21/12/2017 15:09;1.0;45.12;SP
vendeur 836;458d868c9642f55f18f04e951a3fdde6;2718.0;5.0;0.0;8.5;31/05/2017 18:30;01/08/2017 10:25;2.033333333333333;60.44;RS
vendeur 837;45a3d05fb00435e52a28859dd03703b3;1299.0;5.0;0.0;1.0;03/02/2017 18:08;03/02/2017 18:08;1.0;60.21;SP
vendeur 838;45ba18c210d42734ec52c0c1c574e9ee;5974.9;3.8222222222222224;0.0888888888888888;2.688888888888889;03/04/2018 0:54;23/08/2018 19:03;4.733333333333333;51.24;SP
vendeur 839;45c20d94d9171b0bcfab3c955e47d67b;129.45999999999998;4.5;0.0;2.0;05/05/2017 13:35;30/08/2017 17:53;3.9;57.02;SP
vendeur 840;45d33f715e24d15a6ccf5c17b3a23e3c;4877.21;4.064516129032258;0.064516129032258;2.6129032258064515;03/10/2016 21:13;17/08/2018 8:06;22.73333333333333;53.25;SP
vendeur 841;461ff5303b6c9c1a4a07f40c5aece516;102.7;3.6666666666666665;0.0;1.6666666666666667;23/02/2018 11:35;14/07/2018 19:34;4.7;52.02;PR
vendeur 842;466222e777149751370e7e98fb623b0c;87.9;5.0;0.0;10.0;06/08/2018 23:14;06/08/2018 23:14;1.0;60.01;RJ
vendeur 843;4677a5437afda5fa7140b927b07be1cc;3415.7;4.363636363636363;0.0909090909090909;3.090909090909091;13/04/2018 16:52;09/08/2018 14:20;3.9;54.01;PR
vendeur 844;46dc3b2cc0980fb8ec44634e21d2718e;132322.02;4.175724637681159;0.0590339892665474;4.175313059033989;04/10/2016 21:25;17/08/2018 22:29;22.73333333333333;74.92;RJ
vendeur 845;46ef1a25845fc051c2998d878354810c;250.41;4.4;0.2;2.0;13/09/2017 22:26;17/08/2018 21:23;11.233333333333333;50.44;MG
vendeur 846;4736e9d642ef4257cd7622516931eb51;1228.82;4.24;0.0;1.84;16/11/2017 15:50;25/08/2018 17:37;9.4;55.64;SP
vendeur 847;47648caee88ccfe951fbb27fbf7b4cbe;1564.99;3.6666666666666665;0.3333333333333333;8.333333333333334;03/04/2018 9:43;21/05/2018 19:01;1.6;42.26;SP
vendeur 848;478bfe564db21eeb44386606aa30b650;182.7;4.666666666666667;0.0;3.333333333333333;08/10/2017 20:24;27/12/2017 19:51;2.6333333333333333;58.03;MG
vendeur 849;47efca563408aae19bb7206c2d969ea9;2522.0;4.083333333333333;0.0;6.5;05/01/2018 8:26;23/08/2018 20:49;7.666666666666667;54.91;PI
vendeur 850;47f55702f598c7c6cc8458b0fbc1c49a;127.5;5.0;0.0;1.0;15/09/2017 9:57;30/10/2017 10:46;1.5;60.02;MG
vendeur 851;48162d548f5b1b11b9d29d1e01f75a61;21360.34;3.795918367346939;0.0204081632653061;4.153061224489796;26/01/2017 11:09;17/08/2018 12:16;18.933333333333334;55.66;SP
vendeur 852;4830e40640734fc1c52cd21127c341d4;9947.45;4.099099099099099;0.0627802690582959;2.1390134529147984;25/07/2017 17:24;27/08/2018 17:32;13.266666666666667;54.34;SP
vendeur 853;48328ec9a579151d9cc6a86d4a59336c;1099.0;2.0;0.0;1.0;19/09/2017 14:23;19/09/2017 14:23;1.0;42.18;RS
vendeur 854;483ca627d131e18f988349b1655c0acd;264.0;5.0;0.0;6.0;27/03/2018 16:37;27/03/2018 16:37;1.0;60.04;SP
vendeur 855;48436dade18ac8b2bce089ec2a041202;12816.81;3.95;0.0625;2.64375;15/03/2017 9:19;18/08/2018 21:19;17.366666666666667;53.92;SP
vendeur 856;485452467ff670447e84a8370c3fc898;175.7;4.666666666666667;0.0;5.0;02/02/2018 14:32;01/03/2018 22:20;1.0;58.03;SC
vendeur 857;4867209cb29b56b92893d7bde3ce8012;150.0;4.0;0.0;1.0;16/06/2018 16:05;16/06/2018 16:05;1.0;54.02;SP
vendeur 858;4869f7a5dfa277a7dca6462dcf3b52b2;237867.23;4.106960950764007;0.1222596964586846;4.010118043844857;07/03/2017 12:43;24/08/2018 19:42;17.833333333333332;89.87;SP
vendeur 859;48985c61529077fa4f1e38bcff0f2ed3;879.3000000000001;4.428571428571429;0.0;2.2857142857142856;31/01/2017 8:37;01/08/2017 13:29;6.066666666666666;56.71;RS
vendeur 860;48b6c3f4c6a93171da04b75313f2130f;290.26;5.0;0.0;2.5;09/03/2018 18:08;25/04/2018 12:58;1.5333333333333334;60.05;SP
vendeur 861;48bad451945f5227341793478d6353ea;307.0;4.0;0.3333333333333333;1.6666666666666667;16/02/2017 19:36;26/12/2017 12:19;10.4;44.05;SP
vendeur 862;48e5ee06fb2dc74df1c711a9b6dfac2a;57.0;5.0;0.0;10.0;03/02/2018 13:49;03/02/2018 13:49;1.0;60.01;MG
vendeur 863;48e954b2da4f6a750c844173b347ed40;397.8;4.166666666666667;0.0;2.6666666666666665;09/04/2018 21:04;07/05/2018 14:28;1.0;55.06;RS
vendeur 864;48efc9d94a9834137efd9ea76b065a38;345.6;5.0;0.0;1.0;23/12/2016 23:16;26/01/2017 10:00;1.1;60.06;PR
vendeur 865;48fb026ed7455a42f5d3e9390ed5088e;628.61;2.5;0.0;3.083333333333333;24/05/2017 12:42;04/12/2017 10:09;6.433333333333334;45.1;RJ
vendeur 866;49067458c68f7701fd334ce326accbe0;1077.1;3.3684210526315788;0.0789473684210526;1.8421052631578947;27/09/2017 16:49;17/08/2018 20:47;10.8;48.02;MG
vendeur 867;4917cee8d902e13428c3ec4b1ca6f315;5719.9;4.205882352941177;0.0285714285714285;3.142857142857143;21/05/2017 10:32;17/08/2018 1:48;15.066666666666666;55.31;SC
vendeur 868;491a5ada3aa1678414e990262c4bbdc1;2840.0;3.0;0.0;5.5;06/03/2017 20:51;05/04/2017 9:55;1.0;48.46;SP
vendeur 869;49383af7ab774e4e8f3000f49c83dc4b;660.0;4.583333333333333;0.0;2.25;27/04/2018 19:48;20/08/2018 23:18;3.8333333333333335;57.61;SP
vendeur 870;4965a7002cca77301c82d3f91b82e1a9;8.49;5.0;0.0;1.0;21/04/2018 9:36;21/04/2018 9:36;1.0;60.0;SP
vendeur 871;497709c2976a8fa308730a2dec5b0726;76.0;5.0;0.0;1.0;19/07/2018 19:22;19/07/2018 19:22;1.0;60.01;SP
vendeur 872;4978a02ea9c8be7a9b5480680f40334e;2356.61;3.5789473684210527;0.0;3.0;21/03/2018 14:03;05/08/2018 11:58;4.533333333333333;51.86;SP
vendeur 873;499185655c29ecfdbfe776ef7cf875b5;89.0;4.0;0.0;6.0;02/06/2018 13:29;02/06/2018 13:29;1.0;54.01;RS
vendeur 874;4992e76a42cb3aad7a7047e0d3d7e729;2528.2;3.9156626506024095;0.0602409638554216;2.602409638554217;12/05/2017 14:58;13/08/2018 20:53;15.266666666666667;52.1;SP
vendeur 875;499ec63c58e51296c9cf57edcfe1c8a8;365.0;4.8;0.0;1.4;11/04/2018 16:15;03/06/2018 19:20;1.7666666666666666;58.86;SP
vendeur 876;49cdc90518a4f82676b38b3c1aa43ff6;1539.5;3.8;0.0;2.4;11/06/2018 11:10;28/08/2018 17:39;2.6;53.05;SP
vendeur 877;49e7217cfe4e427191c378ec626d8737;3002.7;3.928571428571429;0.0;4.357142857142857;20/05/2017 15:56;27/05/2018 20:45;12.4;54.06;MG
vendeur 878;49f8d2ea7b718d0ce587d34207caf2b4;149.9;5.0;0.0;3.0;23/08/2018 20:34;23/08/2018 20:34;1.0;60.02;SP
vendeur 879;4a1917ef994878940e1fb03eeb787ad7;768.0;2.6666666666666665;0.0;1.0;19/06/2018 16:41;26/07/2018 10:31;1.2;46.13;DF
vendeur 880;4a1f694197d05fe70026b016a7316b41;907.77;4.391304347826087;0.0434782608695652;1.9565217391304348;17/02/2018 1:22;12/08/2018 20:10;5.866666666666666;55.19;SP
vendeur 881;4a23adac87cf538689fa600d976f78b2;405.0;4.333333333333333;0.0;5.0;18/08/2018 11:49;22/08/2018 13:02;1.0;56.07;SP
vendeur 882;4a3ca9315b744ce9f8e9374361493884;215825.77;3.801691729323308;0.1039443155452436;3.895127610208817;08/01/2017 9:35;27/08/2018 10:46;19.866666666666667;84.98;SP
vendeur 883;4a3ccda38b2129705f3fb522db62ca31;19352.19;3.783132530120482;0.0843373493975903;3.3132530120481927;13/09/2017 15:07;19/08/2018 14:51;11.3;53.33;SP
vendeur 884;4a5b36211b1f51bf7eaa5c10a57fa483;139.19;5.0;0.0;1.0;05/08/2018 21:20;05/08/2018 21:20;1.0;60.02;RJ
vendeur 885;4a82168aaef173cbb6e46ae88728f919;512.0;4.0;0.0;5.25;13/07/2018 15:26;07/08/2018 13:32;1.0;54.08;PR
vendeur 886;4a82c4af97ffc0fb2dc26bfdc03b1842;143.7;5.0;0.0;2.0;30/05/2017 19:12;15/08/2017 14:31;2.533333333333333;60.02;MG
vendeur 887;4aba391bc3b88717ce08eb11e44937b2;7714.87;3.935483870967742;0.1290322580645161;3.612903225806452;02/02/2017 1:00;04/08/2018 10:49;18.266666666666666;51.0;BA
vendeur 888;4aba6a02a788d3ec81c03137144d9a80;89.9;5.0;0.0;10.0;16/01/2018 14:09;16/01/2018 14:09;1.0;60.01;SC
vendeur 889;4b0fdb526525f9890eb145bf1534640e;2546.9;3.9047619047619047;0.0;3.952380952380953;25/02/2018 15:14;22/08/2018 15:53;5.933333333333334;53.84;SP
vendeur 890;4b1eaadf791bdbbad8c4a35b65236d52;1929.69;2.0;0.1111111111111111;4.444444444444445;04/10/2016 9:16;18/03/2017 16:32;5.5;38.98;SP
vendeur 891;4b39558c138930b9e5489c93b6df5fe3;1096.7;4.6;0.0;6.6;15/11/2017 0:16;14/01/2018 16:43;2.0;57.78;SE
vendeur 892;4b5f66b7adcf57f1ecc0d3c07dd6b177;6381.78;4.081081081081081;0.0263157894736842;4.421052631578948;21/03/2017 16:03;25/07/2018 16:11;16.366666666666667;54.74;PR
vendeur 893;4b90495391ac0bd181a80a459df1e718;248.0;4.0;0.0;3.0;05/10/2016 22:24;05/10/2016 22:24;1.0;54.04;RS
vendeur 894;4b9750c8ad28220fe6702d4ecb7c898f;16300.5;4.321739130434783;0.0739130434782608;1.982608695652174;12/10/2017 12:42;27/08/2018 12:11;10.6;56.38;SP
vendeur 895;4b98b0428fc1932cc2514ef9ce2505e6;741.27;2.6;0.2;6.0;11/09/2017 11:28;16/11/2017 17:01;2.2;39.72;SP
vendeur 896;4ba52dfeba874da5b9ee7b17c7494f04;1463.0;4.363636363636363;0.0909090909090909;3.5454545454545454;31/07/2017 15:18;23/10/2017 18:48;2.8;53.69;SP
vendeur 897;4bc3d93e4a5f88a598d3d8ce4ae510b3;169.0;1.0;0.0;2.0;08/07/2018 13:34;08/07/2018 13:34;1.0;36.03;SP
vendeur 898;4bcec44888b30ba9001234c534716d3f;168.0;4.666666666666667;0.0;1.1666666666666667;06/01/2018 11:57;18/07/2018 15:22;6.433333333333334;58.03;SP
vendeur 899;4bde6149c15cf7e177b36fa060dd6de8;159.8;5.0;0.0;2.0;07/10/2016 11:33;10/10/2016 11:22;1.0;60.03;RS
vendeur 900;4be2e7f96b4fd749d52dff41f80e39dd;267.0;1.0;0.0;1.0;05/10/2016 22:44;05/10/2016 22:44;1.0;36.04;AC
vendeur 901;4be6b962d83299498bae2190f95d6566;543.6999999999999;4.166666666666667;0.0769230769230769;1.6923076923076923;07/03/2018 16:53;12/08/2018 16:08;5.233333333333333;52.78;SP
vendeur 902;4be9ae93c4fc0f41713d71a4194ee1b3;109.9;5.0;0.0;3.0;17/08/2018 17:26;17/08/2018 17:26;1.0;60.02;MG
vendeur 903;4bf2f4ee540798a61f9636d12cd9cc80;4995.56;4.166666666666667;0.0333333333333333;3.433333333333333;29/03/2017 10:31;09/08/2018 9:12;16.566666666666666;54.82;SP
vendeur 904;4bf658053d453036c70976bccb2c31b2;1742.99;4.5;0.0;5.5;15/04/2017 12:11;18/05/2017 12:26;1.1;57.28;SP
vendeur 905;4bfc7a4a1cf8d4d2121c27422d9e50b5;8124.4;4.225;0.025;3.925;25/03/2018 20:34;22/08/2018 19:14;4.966666666666667;55.93;SP
vendeur 906;4c03b9dd4c11ee2cb35c96c49efc9420;6667.5;4.061224489795919;0.02;4.14;04/05/2017 8:41;06/10/2017 19:35;5.166666666666667;54.86;SP
vendeur 907;4c18691b6037662be2df78a765d98ab5;3220.52;3.838235294117647;0.0735294117647058;2.235294117647059;25/02/2018 18:55;28/08/2018 10:57;6.1;51.35;SP
vendeur 908;4c1c7281388a33dd06daac44f9fadbd1;188.32;4.8;0.0;2.2;04/04/2018 9:12;20/06/2018 19:31;2.566666666666667;58.83;SP
vendeur 909;4c2b230173bb36f9b240f2b8ac11786e;14688.07;3.758720930232558;0.0890804597701149;1.4166666666666667;14/02/2017 14:24;20/08/2018 21:37;18.4;52.28;SP
vendeur 910;4c498c7345e89aebad651544829beca0;4819.76;4.291666666666667;0.125;2.520833333333333;02/12/2017 18:06;16/08/2018 10:32;8.533333333333333;52.79;SP
vendeur 911;4c4d546adf3c3868fe19c9ec6e9ffda9;111.7;3.6666666666666665;0.0;2.6666666666666665;07/06/2018 9:19;16/08/2018 15:54;2.333333333333333;52.02;PR
vendeur 912;4c60877808f4318ef1107fbeb8f89afa;118.0;4.0;0.0;3.5;01/12/2017 18:40;16/01/2018 14:33;1.5;54.02;SP
vendeur 913;4c61e37f664c3c88aff092aa5ac779d7;788.3100000000001;4.0;0.375;1.375;10/03/2018 18:18;17/04/2018 11:12;1.2333333333333334;42.88;RJ
vendeur 914;4c8545742faaf58fafd5fd14d25d75cf;3020.0;4.5;0.0;7.5;15/03/2018 22:07;19/05/2018 18:08;2.1333333333333333;57.49;SP
vendeur 915;4c8b8048e33af2bf94f2eb547746a916;2020.73;3.111111111111111;0.1111111111111111;2.740740740740741;22/08/2017 16:50;24/08/2018 21:17;12.233333333333333;45.66;SP
vendeur 916;4cc43a222a0f94910728b62b97a8c5f8;108.5;3.0;0.0;1.0;31/01/2018 14:13;31/01/2018 14:13;1.0;48.02;SP
vendeur 917;4cc4fd4fdd406a85bbdc1f824b731bd7;539.98;5.0;0.0;10.0;26/02/2018 12:08;26/02/2018 12:08;1.0;60.09;PR
vendeur 918;4ce6e5f6c52515177e18c1c9361d8677;226.6;3.0;0.0;5.0;16/07/2018 22:08;16/07/2018 22:08;1.0;48.04;SP
vendeur 919;4ce8b55b4bfa4659184e7becc1fba3f2;199.0;3.0;0.0;3.0;23/04/2018 13:47;29/04/2018 19:19;1.0;48.03;PR
vendeur 920;4cf490a58259286ada5ba8525ba9e84a;1254.2;3.125;0.0;3.875;14/03/2017 13:06;23/11/2017 12:17;8.433333333333334;48.95;SP
vendeur 921;4d0041cdbe51b4617d95c70b19decc74;5235.200000000001;4.5;0.0;6.0;10/05/2018 21:50;31/07/2018 9:52;2.7;57.86;MG
vendeur 922;4d232b78ab7ef10393dc3807d827bc0d;1475.0;4.4;0.0;4.8;22/07/2018 14:07;15/08/2018 20:14;1.0;56.64;MG
vendeur 923;4d600e08ecbe08258c79e536c5a42fee;4465.34;4.0;0.0;5.25;06/10/2016 7:53;15/03/2017 19:08;5.333333333333333;54.73;PR
vendeur 924;4d6d651bd7684af3fffabd5f08d12e5a;45470.9;4.172330097087379;0.0532687651331719;2.3801452784503634;25/04/2017 11:30;23/08/2018 17:09;16.166666666666668;60.87;SP
vendeur 925;4d6fb82c629c7a5028bfd973c07b05e0;278.0;2.0;0.0;6.5;22/02/2017 19:36;28/02/2017 21:49;1.0;42.04;MG
vendeur 926;4d8809767a5bafe22909c77951fb6b41;50.0;5.0;0.0;1.0;25/10/2017 17:17;25/10/2017 17:17;1.0;60.01;SP
vendeur 927;4d9fea3499bdc22aa4da4e339365f215;192.54;5.0;0.0;4.5;17/02/2018 16:39;04/07/2018 16:17;4.533333333333333;60.03;SP
vendeur 928;4da0e408c99d2fdc2126dc9fce518060;3473.1;4.523809523809524;0.0;2.0476190476190474;14/01/2017 15:42;13/08/2018 18:42;19.2;57.71;PR
vendeur 929;4dab98ca6cd6d3df586203cefd28a042;154.9;5.0;0.0;1.0;05/03/2018 13:28;05/03/2018 13:28;1.0;60.02;RS
vendeur 930;4dbd95a08b31ede5c82d3f861cb1ce1a;1304.67;3.5;0.0;2.333333333333333;21/05/2017 11:56;14/11/2017 16:47;5.9;51.21;PR
vendeur 931;4dc2e811a1760953cb7c6a590b498943;175.0;5.0;0.0;10.0;20/08/2018 22:32;20/08/2018 22:32;1.0;60.03;SP
vendeur 932;4dc646b9b9e8e411ef48ba000ea3ac6f;289.7;2.4;0.2;1.6;03/02/2018 18:28;16/08/2018 16:49;6.433333333333334;38.45;SP
vendeur 933;4ddeb3e828550cddc8d45c8bc36ab2d1;152.0;5.0;0.0;1.0;15/03/2017 12:19;15/03/2017 12:19;1.0;60.02;SP
vendeur 934;4de6e4ba574aa9dfdc824bc44dc47fdd;479.1;4.066666666666666;0.0666666666666666;1.8;09/01/2018 6:37;05/07/2018 10:50;5.9;52.48;PR
vendeur 935;4deebb3199eeafb282ae33229144f94b;779.7;3.4;0.4;1.6;14/01/2018 18:19;28/07/2018 13:14;6.466666666666667;38.53;SP
vendeur 936;4e06067cc08b3f41d837768d392c3ee3;981.71;4.191489361702128;0.0425531914893617;1.9574468085106385;16/07/2017 15:27;04/08/2018 19:38;12.8;54.03;MG
vendeur 937;4e0d109ccfba9a1151c103049880c857;279.89;3.0;0.0;5.5;24/11/2017 2:25;31/05/2018 17:29;6.266666666666667;48.05;RJ
vendeur 938;4e17c65a516f69d023a2ae78b84f28d6;7639.26;4.081081081081081;0.1081081081081081;3.1621621621621623;13/03/2017 23:46;26/08/2018 19:22;17.666666666666668;52.49;SP
vendeur 939;4e2627090e6e5b9fabba883a37897683;199.5;1.0;0.0;1.8;14/01/2018 21:52;26/02/2018 21:40;1.4;36.03;MG
vendeur 940;4e326052e5dbba8adcd512f3450a307e;570.0;1.6666666666666667;0.0;1.0;31/01/2018 16:24;25/02/2018 11:56;1.0;40.09;SP
vendeur 941;4e42581f08e8cfc7c090f930bac4552a;465.0;1.0;0.4;1.2;24/11/2017 18:11;07/12/2017 10:29;1.0;24.08;SP
vendeur 942;4e480be820e37de1444325ff358c9296;430.3;5.0;0.0;10.0;11/07/2018 20:01;11/07/2018 20:01;1.0;60.07;MG
vendeur 943;4e5725ba188db8252977a4f0227bd462;1989.59;3.5;0.2692307692307692;1.6538461538461535;20/02/2018 18:27;25/05/2018 23:56;3.1333333333333333;43.25;SP
vendeur 944;4e6015589b781adaa5ce7f1892d06bb1;684.0;3.6666666666666665;0.0;5.666666666666667;12/10/2017 19:42;24/01/2018 11:06;3.433333333333333;52.11;SP
vendeur 945;4e7c18b98d84e05cbae3ff0ff03846c2;9705.9;4.163043478260869;0.043010752688172;3.376344086021505;04/02/2017 20:09;12/07/2018 16:53;17.4;55.27;SP
vendeur 946;4e85b538b0dad58852641540686d0e14;384.16;3.6666666666666665;0.6666666666666666;1.0;27/07/2017 8:45;25/06/2018 14:34;11.1;32.06;SP
vendeur 947;4e8dacf3d38f281ae26c3e0321d92d88;2644.95;2.466666666666667;0.1333333333333333;3.2666666666666666;27/01/2017 14:59;05/06/2017 12:13;4.266666666666667;41.23;SP
vendeur 948;4e922959ae960d389249c378d1c939f5;48190.07;3.9054621848739495;0.1101871101871102;2.30977130977131;10/10/2016 17:49;28/08/2018 19:44;22.9;58.01;SP
vendeur 949;4e92348462c75b6c842b994ce84a0ed4;69.9;5.0;0.0;1.0;03/07/2018 22:20;03/07/2018 22:20;1.0;60.01;RS
vendeur 950;4ea2f12dbe91deeacd2c1e74f069a6e6;210.2;4.833333333333333;0.0;1.3333333333333333;05/09/2017 21:20;08/04/2018 23:24;7.166666666666667;59.03;SP
vendeur 951;4eb61f060e7dcc1d5a80d806c35cc541;1313.0;3.875;0.0;3.125;23/03/2018 13:10;23/08/2018 0:46;5.066666666666666;53.46;SP
vendeur 952;4ebdc7e6cd6102a022dadc49156d4ea8;1029.1;3.948717948717949;0.0256410256410256;1.8974358974358967;22/02/2017 10:39;19/07/2018 19:38;17.066666666666666;53.09;SP
vendeur 953;4eeb99008a0f59d2c7759c59f9a346eb;1282.0;4.5;0.0;5.5;23/04/2018 10:39;18/06/2018 14:07;1.8666666666666667;57.21;SP
vendeur 954;4ef4c39cf3c24f326434cf0b2e48046a;891.0;3.555555555555556;0.1111111111111111;1.2222222222222223;18/01/2018 19:22;23/08/2018 9:53;7.2;48.15;SP
vendeur 955;4f0d637c1197fd65405ebd755ac9f86b;199.8;5.0;0.0;2.5;30/05/2018 21:48;20/06/2018 20:30;1.0;60.03;SP
vendeur 956;4f1f1c8666cdb6442f775c4e8caed465;944.98;5.0;0.0;3.5;25/07/2018 22:39;01/08/2018 14:04;1.0;60.15;MG
vendeur 957;4f40d2ed38d1cc945364a7cd202a82c7;319.9;1.0;0.0;1.0;25/11/2017 15:23;25/11/2017 15:23;1.0;36.05;SP
vendeur 958;4fae87d32467e18eb46e4a76a0a0b9ce;100.9;5.0;0.0;2.0;17/08/2018 21:45;17/08/2018 21:45;1.0;60.02;RS
vendeur 959;4fb41dff7c50136976d1a5cf004a42e2;1230.0;4.0;0.3333333333333333;12.666666666666666;27/11/2017 20:01;02/02/2018 21:38;2.2333333333333334;44.2;BA
vendeur 960;4fe2f67634d00c021aa01f96b6f2d68e;86.8;5.0;0.0;2.0;11/08/2018 19:27;16/08/2018 20:58;1.0;60.01;PR
vendeur 961;5011f0d93373a4c5753adf58ca77af8d;1029.32;3.565217391304348;0.1739130434782608;1.9565217391304348;16/08/2017 11:32;14/05/2018 14:34;9.033333333333331;46.34;SP
vendeur 962;503c1de08ae81a2d86f17951b204db55;4906.99;4.409090909090909;0.0909090909090909;3.6818181818181817;28/06/2017 15:23;26/07/2018 9:26;13.066666666666666;54.53;SP
vendeur 963;5058e8c1e82653974541e83690655b4a;10082.81;3.064935064935065;0.1265822784810126;2.911392405063291;16/10/2017 17:57;03/08/2018 18:54;9.7;46.24;SP
vendeur 964;5075aaa8404020ae6aa8bf4792099b41;1932.79;3.7222222222222223;0.0;5.0;16/03/2017 10:22;13/01/2018 19:23;10.1;52.65;MG
vendeur 965;50770d25768b0486d89be26afca3108f;171.76999999999998;4.0;0.1666666666666666;1.3333333333333333;12/12/2017 19:09;18/07/2018 12:16;7.233333333333333;49.03;SP
vendeur 966;508808d438fe2ff972ed13bb8f4a82e2;314.81;4.384615384615385;0.0;2.4615384615384617;04/08/2018 21:13;27/08/2018 22:34;1.0;56.36;SP
vendeur 967;50a7e551a7b3f8d37cd6e32d8bfbe5ea;140.0;5.0;0.0;6.0;24/07/2018 22:15;24/07/2018 22:15;1.0;60.02;SP
vendeur 968;50bf89f1349bc0409a268c3a49678009;179.9;5.0;0.0;10.0;02/07/2018 0:11;02/07/2018 0:11;1.0;60.03;SP
vendeur 969;50c361bcf670d16f6df4d52de3dff924;35.0;1.0;0.0;2.0;13/02/2018 21:48;13/02/2018 21:48;1.0;36.01;SP
vendeur 970;50c9975695009e5e6473912e83a6d1da;4065.2;4.0;0.1;2.642857142857143;05/02/2017 15:53;23/07/2018 17:14;17.766666666666666;51.66;MG
vendeur 971;51209b446b2073894bdc0face6c73ffc;359.6;4.0;0.0;4.0;13/06/2018 17:05;19/07/2018 11:52;1.1666666666666667;54.06;ES
vendeur 972;512d298ac2a96d1931b6bd30aa21f61d;7401.94;4.25;0.0;3.0;17/01/2018 9:54;17/08/2018 17:25;7.066666666666666;56.71;RJ
vendeur 973;513a54369b6a8a6602fcb0e129c6d78d;47.8;4.5;0.0;1.0;18/08/2018 0:16;26/08/2018 12:06;1.0;57.01;SP
vendeur 974;5145090ab595c0d0b8557199f5701fbf;1459.6;4.25;0.0;4.75;15/03/2018 16:04;09/06/2018 21:53;2.8666666666666667;55.74;PR
vendeur 975;5151aea44289d6c6b090ee31c2132508;1315.3;1.8333333333333333;0.0;4.428571428571429;17/02/2017 15:29;20/02/2017 13:50;1.0;41.21;SP
vendeur 976;515d781150feed28a6ac091bb0e3cb8c;1002.35;4.166666666666667;0.0;4.666666666666667;07/10/2016 21:50;11/05/2017 15:19;7.166666666666667;55.16;MS
vendeur 977;5160d23075764e18e07c1f4a87fad743;2429.0;4.461538461538462;0.0256410256410256;3.5384615384615383;14/08/2017 18:37;05/12/2017 9:35;3.733333333333333;56.4;SP
vendeur 978;516e7738bd8f735ac19a010ee5450d8d;6762.89;4.558139534883721;0.0465116279069767;2.953488372093023;11/05/2018 18:34;24/08/2018 19:51;3.5;57.06;RJ
vendeur 979;51702dc2a3e106c76dbff722b5bf0726;2705.1;4.357142857142857;0.0;2.571428571428572;23/02/2017 23:49;29/04/2018 12:20;14.3;56.58;SP
vendeur 980;5194c22ed1f616ec0c0f33c571542879;245.6;4.25;0.0;1.5;21/06/2018 13:37;05/08/2018 15:48;1.5;55.54;MG
vendeur 981;519a7aa428f18d125a283cf8c014fdd6;79.69999999999999;4.0;0.0;1.0;07/07/2018 16:56;30/07/2018 21:54;1.0;54.01;SC
vendeur 982;51a04a8a6bdcb23deccc82b0b80742cf;335.98;1.0;1.0;3.0;14/11/2017 12:04;14/11/2017 12:04;1.0;6.05;SP
vendeur 983;51e0557bc7b86de13e946c60ee91ce39;45.8;5.0;0.0;3.0;14/05/2017 1:23;14/05/2017 1:23;1.0;60.01;MG
vendeur 984;51e4e89242cbb846c2deff3dc015650e;950.38;4.555555555555555;0.0;1.7222222222222223;04/04/2018 16:32;20/08/2018 17:16;4.6;57.49;RS
vendeur 985;51ed72984a04e5dd35c2b27e77179038;1294.3;3.571428571428572;0.1428571428571428;3.0;11/11/2017 19:29;21/04/2018 18:38;5.333333333333333;47.35;SP
vendeur 986;51f108f62cb87d61918159902c8f8583;303.73;4.333333333333333;0.0;1.6666666666666667;24/07/2018 12:22;19/08/2018 8:24;1.0;56.05;PR
vendeur 987;5206cc4bc2297c833e6061c49bf9c43f;35.0;1.0;0.0;3.0;08/10/2016 12:13;08/10/2016 12:13;1.0;36.01;SP
vendeur 988;52092ddbd3a58c450a4459bf051b2287;351.7;4.333333333333333;0.0;2.6666666666666665;11/11/2017 11:22;27/03/2018 15:40;4.533333333333333;56.06;SP
vendeur 989;520b493b57809f446cb0a233bb3e25c7;3811.9;4.36;0.0266666666666666;3.026666666666667;10/03/2017 20:04;19/12/2017 11:08;9.433333333333334;55.98;SP
vendeur 990;522620dcb18a6b31cd7bdf73665113a9;59332.08;3.874316939890712;0.0957446808510638;3.49468085106383;03/10/2016 9:44;04/08/2018 22:58;22.33333333333333;60.07;PR
vendeur 991;5236605f4d4b0b3e4df85b850393fca0;265.3;4.8;0.2;1.2;09/08/2017 13:04;04/08/2018 18:22;12.0;52.84;SP
vendeur 992;52454f90d4c30c016768db02f88c1a74;80.5;3.6;0.0;1.0;14/05/2018 21:28;13/07/2018 14:38;1.9666666666666663;51.61;SP
vendeur 993;52562a9f449c3dc3d53f5f5b9ed74903;3266.6;4.785714285714286;0.0;3.4285714285714284;27/04/2017 22:05;14/04/2018 14:59;11.7;59.25;RN
vendeur 994;525e75a6fb1454a2325ab1734bcec221;657.0699999999999;3.727272727272727;0.0;1.6363636363636365;13/04/2017 10:14;02/10/2017 12:47;5.733333333333333;52.47;SP
vendeur 995;5275ca25d0358ca73864e0ae41be1320;409.6;4.75;0.5;2.0;23/07/2018 9:33;07/08/2018 20:21;1.0;43.57;SP
vendeur 996;527801b552d0077ffd170872eb49683b;18856.4;4.421052631578948;0.125;3.90625;05/10/2017 20:25;24/08/2018 20:22;10.733333333333333;55.86;SP
vendeur 997;52831e5990d0771cb4951d6f12928167;65.0;3.0;0.0;1.0;06/08/2018 16:31;06/08/2018 16:31;1.0;48.01;SP
vendeur 998;528bcf6680c36dddf07620bd35b33a6f;969.98;4.5;0.5;7.0;11/06/2017 21:57;17/10/2017 1:08;4.233333333333333;42.16;SP
vendeur 999;528ce32f560edd11add4169f6a5b65be;59.8;5.0;0.0;5.5;02/05/2017 10:01;20/07/2017 9:58;2.6;60.01;SP
vendeur 1000;52956b80ae65fda598f06f6b9943e7a9;792.0;4.0;0.3333333333333333;7.0;07/05/2018 21:04;31/05/2018 16:24;1.0;44.13;PR
vendeur 1001;52a50b42accf164f9f019941e5759d9b;139.96;4.75;0.25;1.25;02/08/2018 19:52;22/08/2018 12:32;1.0;51.02;SP
vendeur 1002;52a52b9f656520e99716f5bc40f661c8;783.1;4.125;0.0;2.375;29/04/2018 18:49;28/07/2018 13:11;2.966666666666667;54.88;SP
vendeur 1003;52ac6f920b7280e4c6d30dd94de6259b;5657.3;3.2857142857142856;0.0;5.714285714285714;28/02/2017 11:27;23/05/2018 8:20;14.933333333333334;50.64;PR
vendeur 1004;52b53f7061969fe471d119b6195da864;90.0;5.0;0.0;1.0;28/08/2017 13:15;28/08/2017 13:15;1.0;60.01;SP
vendeur 1005;52bb00821bcdd358a5a5a27e1f6be5a1;390.8;4.666666666666667;0.0;2.6666666666666665;17/01/2018 20:41;11/04/2018 17:20;2.7666666666666666;58.06;SP
vendeur 1006;52d76513f0c4d97f3b99570e2c94ee31;8153.1;3.88;0.0357142857142857;5.785714285714286;14/07/2017 17:24;16/08/2018 14:34;13.233333333333333;53.54;RS
vendeur 1007;52f0fe436a347ddad7ed5f9aa4e27eaa;1497.36;3.333333333333333;0.1666666666666666;2.708333333333333;06/01/2018 15:42;18/05/2018 11:23;4.366666666666666;45.24;SP
vendeur 1008;52f6f9f13ba19504c02781132a049e75;398.0;2.0;0.0;1.0;25/03/2017 9:08;25/03/2017 9:08;1.0;42.06;PR
vendeur 1009;52f976b17ea7f2f087f56dcc419328f6;7630.0;3.6666666666666665;0.0;8.0;05/10/2017 10:28;23/07/2018 20:37;9.7;53.25;PR
vendeur 1010;52f9db5cfb423382a2fa5c9e39303202;1317.36;4.166666666666667;0.0;1.5416666666666667;06/11/2017 20:40;02/08/2018 16:45;8.933333333333334;55.21;SP
vendeur 1011;5305693ffae2d3463377b1f6fe67b15a;93.56;5.0;0.0;6.0;02/01/2018 10:35;02/01/2018 10:35;1.0;60.01;SP
vendeur 1012;53088c75f948b48a7ece173ac17f0c12;261.70000000000005;5.0;0.0;2.6666666666666665;22/05/2018 21:45;07/08/2018 17:16;2.533333333333333;60.04;RS
vendeur 1013;530ec6109d11eaaf87999465c6afee01;13636.6;3.991150442477876;0.0088495575221238;2.3628318584070795;24/05/2017 12:17;23/08/2018 15:50;15.2;55.91;PR
vendeur 1014;53243585a1d6dc2643021fd1853d8905;244627.55;4.071264367816092;0.0366132723112128;4.649885583524028;28/08/2017 18:29;21/08/2018 9:52;11.9;93.33;BA
vendeur 1015;53336f97ddbe53e2a617d07b17447b95;599.5;5.0;0.0;6.0;04/10/2017 9:13;04/10/2017 9:13;1.0;60.1;SP
vendeur 1016;533d46c1b06970e99f09523a61df4972;159.98;4.5;0.0;1.0;01/02/2018 19:36;04/02/2018 18:39;1.0;57.03;SP
vendeur 1017;5343d0649eca2a983820bfe93fc4d17e;11095.83;3.542372881355932;0.0983606557377049;2.6639344262295084;18/12/2017 19:26;29/07/2018 19:42;7.433333333333334;50.12;SP
vendeur 1018;534a01cc6df1e034e05c32028a291fa2;235.59;4.4;0.0;2.0;16/08/2017 19:24;23/10/2017 11:33;2.2333333333333334;56.44;SP
vendeur 1019;535bf14f36346c7f59d87cece104d70c;50.0;4.0;1.0;1.0;19/08/2018 11:28;19/08/2018 11:28;1.0;24.01;RJ
vendeur 1020;537eb890efff034a88679788b647c564;4889.099999999999;4.128491620111732;0.0670391061452514;1.8156424581005584;17/07/2017 16:21;28/08/2018 21:56;13.566666666666666;53.56;RJ
vendeur 1021;538caafddff204241cecbf3a02e6b3cf;148.3;2.555555555555556;0.4444444444444444;1.0;16/05/2017 11:42;12/07/2018 11:24;14.033333333333331;32.02;SP
vendeur 1022;539ed9e19811677513447759be5eccfc;32.83;3.0;0.0;1.5;16/06/2018 18:52;26/08/2018 11:44;2.333333333333333;48.0;MG
vendeur 1023;53b0300ca793f9834cd69c0678d35ee8;1662.15;5.0;0.0;5.3;18/11/2017 16:05;30/07/2018 12:08;8.433333333333334;60.27;SP
vendeur 1024;53d00c40e32aeb924a84ce72b1af869d;2165.85;4.352941176470588;0.2352941176470588;3.823529411764706;04/01/2018 22:09;04/08/2018 19:54;7.033333333333333;49.41;SP
vendeur 1025;53e4c6e0f4312d4d2107a8c9cddf45cd;32049.68;4.066666666666666;0.0484739676840215;3.104129263913824;21/02/2017 19:06;27/08/2018 17:10;18.366666666666667;58.19;SP
vendeur 1026;54065e9aef7e9e9c2dc23b7594db021a;8003.0;3.857142857142857;0.0;5.285714285714286;03/03/2017 17:42;05/03/2018 14:25;12.2;54.45;RJ
vendeur 1027;5415337f1863452476d42d9f14a16a61;44.9;3.0;0.0;4.0;04/08/2018 18:07;04/08/2018 18:07;1.0;48.01;MG
vendeur 1028;54219883e72aad869adfb2a54b7bfa0f;6750.0;3.2;0.0;7.8;03/11/2017 12:26;10/07/2018 17:16;8.3;50.3;SP
vendeur 1029;542917da124346b47ea1ac79a93ce454;1341.9;4.190476190476191;0.0476190476190476;2.619047619047619;04/03/2017 16:27;07/08/2017 14:14;5.166666666666667;53.93;PR
vendeur 1030;5444b12c82f21c923f2639ebc722c1ea;169.9;4.0;0.0;5.0;25/04/2017 1:25;25/04/2017 1:25;1.0;54.03;SP
vendeur 1031;544863df86ed3b78a04e0820d41430ee;23.9;5.0;0.0;1.0;02/07/2018 10:21;02/07/2018 10:21;1.0;60.0;ES
vendeur 1032;54583ab379489add547fe47b628db589;2240.0;4.8;0.0;3.5;23/07/2018 18:18;28/08/2018 15:58;1.1666666666666667;59.17;SP
vendeur 1033;54965bbe3e4f07ae045b90b0b8541f52;11221.2;2.9397590361445785;0.3068181818181818;3.647727272727273;18/10/2017 21:56;03/07/2018 19:59;8.566666666666666;40.27;PR
vendeur 1034;54a1852d1b8f10312c55e906355666ee;18270.3;4.350230414746544;0.1009174311926605;1.963302752293578;12/01/2017 12:01;21/08/2018 19:49;19.53333333333333;56.06;SP
vendeur 1035;54aa8463e87776b5612f4bdc4bd5d4de;649.3;3.857142857142857;0.0;3.2857142857142856;07/10/2016 10:57;21/02/2017 10:53;4.533333333333333;53.25;MG
vendeur 1036;54c04bdb5ec46762f8f08c7e8f86ed4a;3281.66;4.315789473684211;0.1052631578947368;3.5789473684210527;06/02/2018 15:10;09/08/2018 10:00;6.1;53.27;SC
vendeur 1037;55029529919c0123526150bd26ca8f20;453.95;4.714285714285714;0.0;1.2857142857142858;13/06/2018 13:31;13/08/2018 15:07;2.033333333333333;58.36;MG
vendeur 1038;553a440137d6e0cf776aee0bb83ac9f5;144.8;1.0;0.5;1.5;11/05/2018 15:20;29/05/2018 14:29;1.0;21.02;SP
vendeur 1039;5563732abe64c3036cb97ad924128dd1;404.0;4.666666666666667;0.0;7.666666666666667;25/06/2017 22:59;20/12/2017 9:56;5.9;58.07;SP
vendeur 1040;5566627eab3fe93fd6ee08798226101a;85.5;4.4;0.0;1.4;13/04/2017 0:27;22/01/2018 10:33;9.466666666666669;56.41;PR
vendeur 1041;556a6409838156ea299c9d1f9e2dde43;1362.8;3.25;0.0;2.75;19/06/2018 10:11;11/08/2018 23:28;1.7666666666666666;49.72;PR
vendeur 1042;557f22c76691849db52d2abccf0015d0;935.85;3.142857142857143;0.0;2.533333333333333;08/05/2017 13:45;12/09/2017 23:58;4.233333333333333;49.01;GO
vendeur 1043;5587130f9850696ed7fafbc91c2cee44;69.8;5.0;0.0;2.0;13/07/2018 17:55;07/08/2018 9:25;1.0;60.01;SP
vendeur 1044;559d56f3b8f0bc2e5a9a62fe2ce2a39f;385.0;2.5;0.5;3.5;05/08/2018 9:19;05/08/2018 23:10;1.0;30.06;SC
vendeur 1045;55a5b51f93f2b70ea513f5a047b0262a;4102.0;4.5;0.0714285714285714;2.5;04/04/2017 16:33;06/10/2017 10:36;6.133333333333334;55.53;MG
vendeur 1046;55bb6fe5bebe5012e2d7d9928e1128ff;1913.62;3.647058823529412;0.1764705882352941;2.117647058823529;20/01/2018 21:20;30/07/2018 13:35;6.333333333333333;46.9;SP
vendeur 1047;55c26bcb609f480eb7868594245febb5;664.4000000000001;4.0;0.0;5.333333333333333;09/04/2018 13:11;09/08/2018 11:44;4.033333333333333;54.11;SP
vendeur 1048;55c96925041a14097b6a7825554f4ad5;294.8;3.2;0.2;5.5;23/03/2017 19:12;15/01/2018 16:52;9.9;43.25;SP
vendeur 1049;55d3daac7c404d59e51c2aa2f4dc5a23;4480.6;3.928571428571429;0.0;1.6785714285714286;31/05/2017 7:40;17/08/2018 11:17;14.766666666666667;54.3;SP
vendeur 1050;55dedd83e501d8248880557d9073cbfd;1055.3;4.888888888888889;0.0;2.555555555555556;10/08/2018 22:50;28/08/2018 19:31;1.0;59.51;RJ
vendeur 1051;55f7a3319d80f7fdf078b8f03e6725fe;3013.78;3.772727272727273;0.0909090909090909;1.9090909090909087;02/07/2018 19:54;22/08/2018 21:06;1.7;50.4;SP
vendeur 1052;562f8cfc51f265411f487d07e9c40e7f;766.9200000000001;4.538461538461538;0.1538461538461538;2.230769230769231;18/10/2017 12:20;07/05/2018 18:58;6.7;52.74;MG
vendeur 1053;562fc2f2c2863ab7e79a9e4388a58a14;8814.199999999999;4.235074626865671;0.0333333333333333;2.592592592592593;15/01/2018 18:33;21/08/2018 9:42;7.233333333333333;55.85;SP
vendeur 1054;5656537e588803a555b8eb41f07a944b;8165.29;3.8020833333333335;0.078125;1.6927083333333333;06/10/2016 13:07;23/08/2018 14:56;22.866666666666667;51.8;DF
vendeur 1055;5659d77e8d90378e39b960ad5956f64e;182.48;2.5;0.5;2.5;12/09/2017 18:03;24/03/2018 16:46;6.4;30.03;SP
vendeur 1056;56642bcb79900e777d68e91915cb4267;3705.64;3.789473684210526;0.1578947368421052;2.6842105263157894;10/10/2016 16:39;26/07/2018 12:56;21.766666666666666;48.61;SP
vendeur 1057;5670f4db5b62c43d542e1b2d56b0cf7c;6630.09;4.409090909090909;0.0454545454545454;4.727272727272728;23/04/2018 19:03;17/08/2018 11:51;3.8333333333333335;56.17;SP
vendeur 1058;56a8b450e802502ba53a9885ee38e29f;62.45;1.0;0.0;6.0;06/07/2017 9:57;06/07/2017 9:57;1.0;36.01;SP
vendeur 1059;56db5c0782e8f7ddc9343f9576ff6d16;734.8;3.0;0.0;1.0;27/01/2017 22:01;07/08/2018 20:45;18.53333333333333;48.12;SC
vendeur 1060;56e361f411e38dcef17cdc2a3d99628b;1298.0;4.5;0.1;1.0;02/07/2018 16:39;23/08/2018 14:41;1.7;54.21;SP
vendeur 1061;56f413900b5166ab4d730e9ac0b12cb0;151.79;4.666666666666667;0.0;4.0;28/06/2017 6:52;12/07/2017 18:33;1.0;58.02;SP
vendeur 1062;570d4583587a5fe2d47c7be89b91ad27;125.25;5.0;0.0;2.5;30/06/2017 20:48;05/07/2017 21:55;1.0;60.02;SP
vendeur 1063;5721089ba9214e80074f27d5a03fc0eb;245.93;5.0;0.0;4.428571428571429;02/11/2017 11:01;30/01/2018 15:24;2.966666666666667;60.04;SP
vendeur 1064;5733d806668f8712c24b9abaefbfa642;243.8;5.0;0.0;6.5;26/01/2018 14:21;26/04/2018 0:13;2.966666666666667;60.04;SP
vendeur 1065;5741dc2bf5044c34d0698681c5081bed;89.69999999999999;5.0;0.0;1.6666666666666667;28/05/2018 10:54;16/07/2018 22:56;1.6333333333333333;60.01;SP
vendeur 1066;575df70bde3f9f2b30bf8d2e9910d725;5559.95;4.142857142857143;0.0571428571428571;3.5428571428571427;06/10/2016 15:19;14/08/2018 19:32;22.566666666666663;54.05;SP
vendeur 1067;577719699805dd125d5b6fdde5943bba;1077.8000000000002;4.375;0.125;2.125;19/04/2018 17:28;21/08/2018 21:30;4.133333333333334;52.68;RS
vendeur 1068;578460d8319c51dab351cd9db95eadfe;235.0;3.0;0.0;1.0;21/08/2017 15:01;21/08/2017 15:01;1.0;48.04;GO
vendeur 1069;578fa3a9cb6b6dceab39231ad59cdaca;150.0;3.6666666666666665;0.3333333333333333;1.3333333333333333;16/09/2017 10:56;30/04/2018 22:39;7.533333333333333;42.02;CE
vendeur 1070;5795aebfe331fbcd02a2c4b679fb7952;1280.0;3.8333333333333335;0.0;2.833333333333333;11/02/2018 15:26;20/08/2018 11:59;6.3;53.21;SC
vendeur 1071;579891617139df7d8671d373f0669622;280.3;4.5;0.25;1.25;07/06/2017 20:09;02/07/2018 8:00;12.966666666666669;49.55;RJ
vendeur 1072;57a834594e1e9e9219603bfec184eadc;139.0;5.0;0.0;3.0;03/06/2018 14:21;03/06/2018 14:21;1.0;60.02;RS
vendeur 1073;57c764b4a836300be881e2ff86e449f9;2454.3;3.869565217391304;0.0851063829787234;1.3829787234042554;02/02/2017 9:23;22/08/2018 17:14;18.866666666666667;51.06;SP
vendeur 1074;57d2ba47f7a3209aa347532ae75c1165;318.0;4.0;0.0;4.5;21/06/2018 22:32;18/07/2018 11:23;1.0;54.05;SC
vendeur 1075;57df9869a600bd6b7c405f2a862eccfb;125.0;4.4;0.0;2.8;12/04/2018 21:38;14/08/2018 18:05;4.1;56.42;MG
vendeur 1076;57e632711dec9ec14ca7546769483e7e;6439.96;4.424242424242424;0.0;2.757575757575758;05/02/2017 23:17;08/08/2018 12:17;18.266666666666666;57.6;SC
vendeur 1077;57fe6232e67823593374a2281d7a8af8;178.68;4.75;0.0;1.5;05/03/2017 22:11;01/12/2017 8:46;9.0;58.53;SP
vendeur 1078;582d4f8675b945722eda7c0cb61ba4c7;4702.96;4.112676056338028;0.0140845070422535;2.0985915492957745;20/01/2017 12:04;03/08/2018 19:21;18.666666666666668;55.02;SP
vendeur 1079;585175ec331ea177fa47199e39a6170a;3549.0;5.0;0.0;1.0;21/02/2017 18:35;21/02/2017 18:35;1.0;60.58;MG
vendeur 1080;586a871d4f1221763fddb6ceefdeb95e;198.0;1.0;1.0;1.0;26/01/2017 23:20;26/01/2017 23:20;1.0;6.03;RS
vendeur 1081;5882820ef11c4c068eea0677a7a879b4;9981.3;4.133333333333334;0.0625;5.4375;04/04/2017 9:36;20/07/2018 10:32;15.733333333333333;54.56;RS
vendeur 1082;5882f40daf39bc2a465e0cb453ddc222;640.0;2.0;0.0;10.0;13/10/2017 17:28;13/10/2017 17:28;1.0;42.1;SP
vendeur 1083;58b98ccb79873e04eac4357cacc590d9;23.0;1.0;0.0;3.0;04/08/2018 10:54;04/08/2018 10:54;1.0;36.0;SP
vendeur 1084;58c851d1a3c7cd3da329eb59453fed44;268.99;5.0;0.0;2.0;10/08/2018 16:25;21/08/2018 20:57;1.0;60.04;SP
vendeur 1085;58e4b302b54937e55a678c4d15111da4;279.79;2.333333333333333;0.0;3.6666666666666665;26/01/2017 11:09;26/06/2017 18:15;5.033333333333333;44.05;PR
vendeur 1086;58f1a6197ed863543e0136bdedb3fce2;6833.0;4.155555555555556;0.0222222222222222;3.355555555555556;10/05/2018 20:49;18/08/2018 21:16;3.333333333333333;55.38;MG
vendeur 1087;59417c56835dd8e2e72f91f809cd4092;40458.0;4.157894736842105;0.0;6.2631578947368425;25/01/2017 20:11;02/10/2017 17:32;8.3;61.56;SP
vendeur 1088;594f9aaa48e5bf431f011ddc5669b0d5;3633.4;4.523809523809524;0.0238095238095238;2.523809523809524;26/04/2018 8:51;27/08/2018 23:31;4.1;57.02;MG
vendeur 1089;5962468f885ea01a1b6a97a218797b0a;791.0;3.75;0.0;3.7777777777777777;01/07/2017 16:58;25/12/2017 18:36;5.9;52.63;PR
vendeur 1090;596849622429351f47b32e6cae1055ff;1129.6;4.071428571428571;0.0;3.2666666666666666;04/06/2018 14:51;21/08/2018 20:32;2.6;54.61;SP
vendeur 1091;5996cddab893a4652a15592fb58ab8db;810.0;5.0;0.0;10.0;04/07/2018 12:08;04/07/2018 12:08;1.0;60.13;SP
vendeur 1092;59b22a78efb79a4797979612b885db36;28825.5;3.9416058394160585;0.1231884057971014;3.601449275362319;17/07/2017 10:29;24/08/2018 10:25;13.4;54.67;MG
vendeur 1093;59bbc819b99a733f02f0d6b49d1c253d;139.8;5.0;0.0;1.0;08/05/2018 20:24;26/06/2018 23:09;1.6333333333333333;60.02;SP
vendeur 1094;59cd88080b93f3c18508673122d26169;425.53;4.769230769230769;0.2307692307692307;1.6153846153846154;26/07/2017 16:02;09/12/2017 11:52;4.5;51.76;SP
vendeur 1095;59cea8e446d3834393058e7e0666b6fb;946.5;4.636363636363637;0.0;1.818181818181818;16/06/2018 16:17;16/08/2018 14:23;2.0;57.97;PR
vendeur 1096;59de1d4c8c057c2a53acd4ca66531af2;135.0;5.0;0.0;2.0;10/11/2017 7:56;10/11/2017 7:56;1.0;60.02;PR
vendeur 1097;59fb871bf6f4522a87ba567b42dafecf;22657.5;4.246268656716418;0.0592592592592592;3.651851851851852;06/10/2016 10:13;11/04/2018 23:34;18.4;57.4;SP
vendeur 1098;5a05a16bb50629ee31afab8a6d4c2674;794.3;4.0;0.0666666666666666;3.0;06/03/2018 17:45;02/07/2018 17:52;3.933333333333333;52.13;RS
vendeur 1099;5a32c398a06c345440bf2a683b017ad3;79.8;3.0;0.0;3.0;31/12/2017 12:12;14/03/2018 21:29;2.433333333333333;48.01;RJ
vendeur 1100;5a413ade68e8f8d93071a7f52a64cb9e;778.9;4.642857142857143;0.1428571428571428;1.4285714285714286;08/08/2018 7:11;29/08/2018 8:25;1.0;53.7;SP
vendeur 1101;5a4236931428800e9d9cc04af0987118;44.97;5.0;0.0;3.0;17/07/2018 15:23;17/07/2018 15:23;1.0;60.01;SP
vendeur 1102;5a425cc503b39b262a847fd6212bf53b;1360.59;4.214285714285714;0.0666666666666666;3.4;27/04/2018 23:54;20/08/2018 13:56;3.8;53.51;PR
vendeur 1103;5a6a02f419701fc8c605af71d4fc57a4;600.5;4.818181818181818;0.0909090909090909;1.7272727272727273;14/05/2018 21:43;24/08/2018 23:42;3.4;56.28;SP
vendeur 1104;5a8e7d5003a1f221f9e1d6e411de7c23;11231.8;4.176795580110498;0.0604395604395604;3.21978021978022;04/10/2016 22:03;24/08/2018 16:26;22.933333333333334;55.08;SP
vendeur 1105;5a93f3ab0ef4c84ed5e1b5dbf23978bc;2361.06;4.733333333333333;0.0222222222222222;1.8666666666666667;09/05/2017 8:38;03/03/2018 19:10;9.933333333333334;58.12;SP
vendeur 1106;5a9b3bcab695173c820e53934574ae80;139.0;5.0;0.0;2.0;27/07/2018 16:36;27/07/2018 16:36;1.0;60.02;SP
vendeur 1107;5a9c0859cb00fd8aa4db443837f0a700;208.0;4.5;0.0;2.5;09/07/2018 17:28;11/07/2018 19:44;1.0;57.03;SC
vendeur 1108;5aaa890629f83706d8d9bfecd8377c1c;48.9;1.0;0.0;1.0;15/09/2017 13:24;15/09/2017 13:24;1.0;36.01;RJ
vendeur 1109;5ab05b6d86d417796c69ffd6774ec832;1886.1;3.6666666666666665;0.0833333333333333;2.75;20/01/2017 21:20;26/08/2018 12:38;19.4;49.81;SP
vendeur 1110;5abb8ea023c77787f2c15da891c8d384;2241.0;3.923076923076923;0.2307692307692307;3.923076923076923;17/02/2017 17:37;02/12/2017 21:01;9.6;46.98;SC
vendeur 1111;5acd070dd3fe441bbb2ec1f1ede515ee;764.17;2.75;0.375;1.25;24/11/2017 16:24;25/02/2018 14:01;3.066666666666667;35.37;SP
vendeur 1112;5b07547f10dd980738a1a27f685af669;1134.6;4.5;0.1428571428571428;2.142857142857143;01/08/2018 10:27;24/08/2018 10:46;1.0;52.9;SP
vendeur 1113;5b0cc932433fa5184b5b94bfe6bcc256;2577.8;2.4482758620689653;0.1379310344827586;2.0;20/06/2018 15:02;05/08/2018 21:34;1.5333333333333334;40.97;SP
vendeur 1114;5b179e9e8cc7ab6fd113a46ca584da81;5473.3;3.5405405405405403;0.0789473684210526;4.473684210526316;04/10/2016 9:59;13/09/2017 16:51;11.466666666666669;49.77;SP
vendeur 1115;5b2e94f2c22b39ccc24d34ad0f669672;949.78;4.9;0.1;2.6;02/05/2018 14:36;07/08/2018 15:10;3.2333333333333334;56.55;SP
vendeur 1116;5b33b527da3c5b969cc99dc435cad09a;1872.79;4.117647058823529;0.0588235294117647;3.647058823529412;29/01/2017 0:31;11/08/2018 18:52;18.633333333333333;53.25;PR
vendeur 1117;5b35136197710e16ac5e7b7c2bd4ea85;3544.0;2.8181818181818183;0.2727272727272727;5.818181818181818;16/08/2017 12:02;31/03/2018 12:04;7.566666666666666;39.31;RJ
vendeur 1118;5b51032eddd242adc84c38acab88f23d;3280.0;3.7857142857142856;0.0;6.071428571428571;30/10/2017 15:35;16/06/2018 21:40;7.633333333333334;53.25;MG
vendeur 1119;5b581417df4480f632484ba681e53944;2678.9;3.952380952380953;0.1904761904761904;2.952380952380953;19/07/2017 23:37;03/02/2018 13:37;6.6;48.44;SC
vendeur 1120;5b664594895aefb418afaee6d40a9a23;1086.6;3.75;0.0;2.833333333333333;15/01/2017 10:14;05/08/2018 15:20;18.9;52.68;RJ
vendeur 1121;5b67882648febfb6e1225e6ad7164f6b;7100.46;4.0606060606060606;0.0303030303030303;2.5454545454545454;09/07/2017 18:30;10/08/2018 19:41;13.233333333333333;54.62;PR
vendeur 1122;5b8154610ebb21fb90eb587365e673df;10152.52;4.209302325581396;0.1395348837209302;3.627906976744186;10/07/2017 17:44;28/07/2018 17:56;12.766666666666667;52.73;SP
vendeur 1123;5b85809efd0d0e4dea1a9544e1280ed9;1804.6;4.357142857142857;0.0;4.785714285714286;16/05/2018 23:08;20/08/2018 14:02;3.1666666666666665;56.44;SP
vendeur 1124;5b925e1d006e9476d738aa200751b73b;8623.5;4.617647058823529;0.0588235294117647;2.794117647058824;06/10/2017 11:52;20/08/2018 18:43;10.6;57.35;SP
vendeur 1125;5b92bfa4120daa27c574daa2e386c693;14.0;3.0;0.0;1.0;20/02/2017 8:30;20/02/2017 8:30;1.0;48.0;SP
vendeur 1126;5b97c06a046398e7005b2b7c0d707a92;1519.96;3.25;0.5;6.75;27/05/2017 0:14;27/07/2017 12:29;2.033333333333333;34.75;MG
vendeur 1127;5bba18b40e8c973b0f32e748004775b0;739.98;5.0;0.0;10.0;10/10/2016 13:57;10/10/2016 13:57;1.0;60.12;SP
vendeur 1128;5bc237df65098fe211bb4818f4d26d78;126.8;4.5;0.0;1.0;09/02/2017 13:21;15/09/2017 19:24;7.266666666666667;57.02;MG
vendeur 1129;5bc24d989e71e93c33e50a7782431b0e;3148.0;4.352941176470588;0.0;5.0588235294117645;02/05/2018 14:07;21/08/2018 18:52;3.7;56.63;MG
vendeur 1130;5bc55dbe2f12b6af6d83ed46023e0dc8;2992.1;2.333333333333333;0.1904761904761904;2.333333333333333;21/02/2018 10:03;13/08/2018 20:22;5.766666666666667;38.77;MG
vendeur 1131;5bf397d04035b5f45cc41e82ec106803;1525.0;4.25;0.0;6.25;08/05/2018 22:04;02/07/2018 16:45;1.8;55.75;SP
vendeur 1132;5bffbafbb22daf6d3bfc216a46db8708;5239.7;4.695652173913044;0.0;4.3478260869565215;25/02/2017 14:34;25/06/2017 23:06;4.0;59.03;RJ
vendeur 1133;5c030029b5916fed0986310385ec9009;4423.4;4.909090909090909;0.0;5.090909090909091;13/06/2018 11:43;20/08/2018 14:44;2.2666666666666666;60.18;SC
vendeur 1134;5c243662ce92d84573bfaff24c3e3700;33388.92;4.128712871287129;0.0294117647058823;5.529411764705882;28/01/2017 23:45;09/02/2018 23:05;12.533333333333331;59.35;SP
vendeur 1135;5c3460cd3e8a984382ae254e7dd20d9f;775.76;4.7;0.0;1.9;23/02/2018 21:00;16/08/2018 15:40;5.766666666666667;58.33;SP
vendeur 1136;5c603ffb38cbbf25a0e0698941324143;348.8;1.0;0.0;10.0;23/01/2017 2:54;25/01/2017 10:11;1.0;36.06;MG
vendeur 1137;5c6d4016c2a288f074fa0848a2b653d2;3227.0;4.083333333333333;0.0833333333333333;2.6666666666666665;27/09/2017 19:12;20/08/2018 9:09;10.866666666666667;52.53;SP
vendeur 1138;5c853bb56f70f4d14218944bae111d7a;291.11;4.076923076923077;0.0;1.8846153846153848;22/02/2017 17:54;22/08/2018 21:25;18.2;54.51;SP
vendeur 1139;5ca5d579b5857ee8709479b1047cecc3;509.88;1.0;0.6666666666666666;1.3333333333333333;13/01/2018 17:32;22/03/2018 22:43;2.2666666666666666;16.08;SP
vendeur 1140;5cbbd5a299cab112b7bf23862255e43e;3241.66;4.446808510638298;0.0;1.893617021276596;14/09/2017 22:29;16/08/2018 15:45;11.166666666666666;57.21;PR
vendeur 1141;5cf13accae3222c70a9cac40818ae839;15095.8;4.45398773006135;0.0304878048780487;2.707317073170732;16/01/2017 16:41;23/08/2018 20:38;19.466666666666665;58.28;MG
vendeur 1142;5cf1ec37aea089f45110c70653a166ab;50.0;3.6666666666666665;0.0;1.0;01/04/2017 11:23;13/12/2017 16:58;8.533333333333333;52.01;SP
vendeur 1143;5d0363b33554b373851fc1622e4d5f3c;6765.59;4.051020408163265;0.0816326530612244;2.2857142857142856;07/11/2017 19:31;21/08/2018 19:44;9.566666666666666;52.96;SP
vendeur 1144;5d043cd5512d4bd2f88e5ccdd5736c38;650.0;2.0;0.0;1.0;11/03/2017 19:12;11/03/2017 19:12;1.0;42.11;SP
vendeur 1145;5d378b73ab7dd6f0418d743e5dcb0bd1;15232.0;3.875;0.125;6.625;09/10/2017 12:55;14/11/2017 21:07;1.2;51.99;SP
vendeur 1146;5d3bb11474a06bdc23fb9e89f1164ee0;3654.6;3.9375;0.03125;3.3125;05/07/2017 21:58;13/08/2018 15:36;13.433333333333334;53.28;SP
vendeur 1147;5d505d2298ad549e4e4e835562fa0c1e;249.8;5.0;0.0;2.5;15/03/2017 14:17;01/04/2017 18:01;1.0;60.04;SP
vendeur 1148;5d76d80a2f5f39c891b996a1bf4c9853;1238.5;4.833333333333333;0.0;3.333333333333333;25/07/2018 13:18;18/08/2018 14:48;1.0;59.2;SP
vendeur 1149;5d9dc90a686a8fddacffab6bab5653a3;3761.94;4.166666666666667;0.0833333333333333;2.333333333333333;01/10/2017 10:11;15/08/2018 17:00;10.6;53.11;SP
vendeur 1150;5d9f3746e112e696f98ea22c56b3e912;1322.64;5.0;0.0;10.0;24/07/2018 17:36;24/07/2018 17:36;1.0;60.22;SP
vendeur 1151;5db42a6cd9bf1bf0d3aab9582767f168;200.0;5.0;0.0;2.0;05/05/2018 20:10;05/05/2018 20:10;1.0;60.03;ES
vendeur 1152;5dc203c7b84a0e71e878a179de05fb9a;421.9;4.0;0.0;1.8;28/05/2018 20:43;07/08/2018 14:32;2.333333333333333;54.07;SP
vendeur 1153;5dc4bdaf869e8c77c648078cbe8d59c2;292.99;1.0;0.0;6.0;16/09/2017 21:43;16/09/2017 21:43;1.0;36.05;SC
vendeur 1154;5dceca129747e92ff8ef7a997dc4f8ca;120619.33;3.9750692520775615;0.073972602739726;4.23013698630137;27/01/2017 13:37;25/06/2018 22:59;17.133333333333333;71.35;SP
vendeur 1155;5de1c80811ce7007f62f00d971236c09;76.8;5.0;0.0;1.0;03/07/2018 15:09;30/07/2018 20:23;1.0;60.01;SC
vendeur 1156;5debea795b07621e1f90532e18f96145;1883.78;4.2727272727272725;0.0;2.0303030303030303;21/10/2017 11:29;15/08/2018 7:41;9.9;55.94;PR
vendeur 1157;5def4c3732941a971cba8fdee992ede1;134.8;4.5;0.0;2.6666666666666665;02/08/2018 12:07;28/08/2018 18:49;1.0;57.02;SP
vendeur 1158;5e063e85d44b0f5c3e6ec3131103a57e;22.9;5.0;0.0;1.0;12/07/2018 10:13;12/07/2018 10:13;1.0;60.0;SP
vendeur 1159;5e105f5c9f63f5f1fd75d6cb942e55b1;1471.9;4.5;0.125;4.625;20/05/2018 11:35;25/08/2018 11:42;3.2333333333333334;53.49;SP
vendeur 1160;5e106d93b717c2682b9383da480364a1;445.9;5.0;0.0;6.0;20/04/2017 11:42;20/04/2017 11:42;1.0;60.07;PR
vendeur 1161;5e25c632f9db6cfb8bc100421c2737b6;259.0;5.0;0.0;4.0;12/06/2018 21:32;12/06/2018 21:32;1.0;60.04;SC
vendeur 1162;5e49e3a44bdeb5aab2684258bbd4f525;507.0;4.666666666666667;0.3333333333333333;1.3333333333333333;14/12/2017 11:30;15/03/2018 14:54;3.033333333333333;48.08;SC
vendeur 1163;5e9f5bd34e0830569f05c9d4f56e04a8;239.98;4.5;0.0;4.5;12/07/2018 16:56;14/07/2018 20:48;1.0;57.04;RS
vendeur 1164;5ee7fd217d08dfe5d3e2f51f96a12c9a;1612.5;3.8333333333333335;0.1666666666666666;2.4166666666666665;17/06/2017 23:06;21/08/2018 9:28;14.3;48.26;SP
vendeur 1165;5eeb9c756d9780b96283e5a2ac6da334;3422.0;4.25;0.1666666666666666;3.25;10/10/2017 8:27;18/07/2018 16:43;9.366666666666667;51.06;SP
vendeur 1166;5ef131ac72773e5b3f6c0d63cf424657;671.76;4.071428571428571;0.0;1.5;03/07/2018 22:53;25/08/2018 16:48;1.7333333333333334;54.54;SP
vendeur 1167;5f0057b677eb963672bf05dfa3f16c34;312.88;4.2;0.0;2.6;07/10/2016 21:19;19/02/2017 22:31;4.5;55.25;SP
vendeur 1168;5f06030071324cc52bf0304014ac7234;783.96;4.0;0.0;5.0;20/08/2017 17:34;26/08/2017 11:01;1.0;54.13;SP
vendeur 1169;5f1dc28029d2c244352a68107ec2b542;2847.1;4.443037974683544;0.075;2.475;17/01/2017 12:15;15/06/2018 12:52;17.133333333333333;54.87;SP
vendeur 1170;5f2684dab12e59f83bef73ae57724e45;9650.27;3.8375;0.05;3.4;04/10/2016 20:41;29/08/2018 12:25;23.1;53.1;SP
vendeur 1171;5f26c1408a65b42a7224cd463bdf3292;1139.8;4.8;0.0;2.9;28/06/2018 18:11;26/08/2018 19:45;1.9666666666666663;58.99;PR
vendeur 1172;5f3ae9136c875522250f8184f253413a;1172.95;4.586956521739131;0.0638297872340425;1.4680851063829787;15/01/2018 12:02;22/08/2018 10:56;7.266666666666667;55.8;SP
vendeur 1173;5f57db27027655e6c6a391601daa0258;98.0;5.0;0.0;10.0;14/08/2018 10:41;14/08/2018 10:41;1.0;60.02;ES
vendeur 1174;5f5a58930c3c35f3b5af264f34fb8c85;699.0;5.0;0.0;2.5;25/06/2018 9:19;19/07/2018 12:04;1.0;60.11;SP
vendeur 1175;5f5b43b2bffa8656e4bc6efeb13cc649;3677.2;4.448275862068965;0.0344827586206896;2.4827586206896552;25/11/2017 23:53;18/06/2018 17:35;6.8;56.26;SP
vendeur 1176;5f67c6082caacb26e431a7b17940cece;1662.6;3.571428571428572;0.2857142857142857;2.2857142857142856;14/02/2018 10:07;06/08/2018 22:01;5.766666666666667;43.13;PR
vendeur 1177;5f7300535881cef3b625fd683cf7d145;764.95;4.285714285714286;0.0;2.5;15/10/2017 23:06;22/07/2018 21:51;9.3;55.84;RS
vendeur 1178;5fd924b4836098a5be0ecf81ba054ce0;1658.8;3.7777777777777777;0.0;2.888888888888889;17/01/2017 20:38;01/03/2017 8:28;1.4;52.94;SP
vendeur 1179;602044f2c16190c2c6e45eb35c2e21cb;3919.13;2.9322033898305087;0.25;3.55;20/10/2017 10:00;23/08/2018 12:32;10.233333333333333;40.73;SP
vendeur 1180;6025c79c035c3d772133b8b8238463b2;989.74;5.0;0.0;9.5;18/07/2018 16:51;06/08/2018 21:19;1.0;60.16;PR
vendeur 1181;6039e27294dc75811c0d8a39069f52c0;15570.3;3.886075949367088;0.2531645569620253;3.392405063291139;27/02/2017 16:01;22/08/2018 22:04;18.03333333333333;48.27;SP
vendeur 1182;60562ab00b8054280520d390c8c0045c;2943.0;4.764705882352941;0.0;4.352941176470588;18/10/2017 8:46;03/08/2018 18:20;9.633333333333333;59.07;SP
vendeur 1183;6061155addc1e54b4cfb51c1c2a32ad8;15909.4;4.714285714285714;0.0285714285714285;3.085714285714286;01/06/2018 1:20;26/08/2018 7:38;2.8666666666666667;60.03;SP
vendeur 1184;606ce7768feac12c5e8bd58db8b08f0f;2916.6;4.8;0.0;2.6;24/04/2018 19:18;07/08/2018 23:19;3.5;59.28;SP
vendeur 1185;609e1a9a6c2539919b8205cf7c4e6ff0;6972.43;3.546153846153846;0.0217391304347826;3.782608695652174;27/01/2018 11:28;24/08/2018 0:35;6.933333333333334;51.76;SC
vendeur 1186;60ad151920c4f6f3ebbe8cfdf6166779;130.0;1.0;0.0;2.5;09/05/2017 12:57;13/05/2017 20:06;1.0;36.02;SP
vendeur 1187;60da8bfa7eebe230b7d66ac4082d79b3;86.6;4.333333333333333;0.3333333333333333;1.0;02/08/2018 18:50;18/08/2018 13:37;1.0;46.01;SP
vendeur 1188;610f72e407cdd7caaa2f8167b0163fd8;13585.16;3.7058823529411766;0.1176470588235294;4.647058823529412;03/04/2018 0:05;25/08/2018 20:59;4.8;50.93;SP
vendeur 1189;612170e34b97004b3ba37eae81836b4c;25284.91;4.444444444444445;0.017094017094017;3.094017094017094;11/06/2018 14:32;22/08/2018 10:02;2.3666666666666667;60.29;RS
vendeur 1190;612a743d294c27884fb7b80d2b19ba35;3057.7000000000003;4.333333333333333;0.0;4.0;25/01/2017 12:49;15/08/2018 14:50;18.9;56.5;PR
vendeur 1191;615005a3ef192c00c6f0e977cee3d2bc;286.5;3.909090909090909;0.1818181818181818;2.090909090909091;17/08/2017 12:46;23/12/2017 3:16;4.233333333333333;48.05;SP
vendeur 1192;615c3462099ffa940d37b17dfda19594;229.0;5.0;0.0;2.0;21/06/2018 12:07;31/07/2018 23:06;1.3333333333333333;60.04;RJ
vendeur 1193;6179a28a13a726c29b3bf54c070dccab;600.0;3.0;0.0;5.5;06/07/2017 17:11;29/08/2017 9:16;1.7666666666666666;48.1;MG
vendeur 1194;6187a137b2af59dfdbad8d9f8c373c14;74.8;3.0;0.0;3.5;28/11/2017 21:53;06/01/2018 18:54;1.2666666666666666;48.01;SP
vendeur 1195;61b18775be84fb700a6b2d0ba097bf66;429.3;4.714285714285714;0.0;2.0;16/04/2018 20:07;21/08/2018 19:20;4.2;58.36;SP
vendeur 1196;61b893c57e33626afb104d4112b1be76;74.99;1.0;0.0;8.0;23/03/2017 17:21;23/03/2017 17:21;1.0;36.01;MG
vendeur 1197;61c36f0fc4a47f9532e5512b66668e62;750.0;1.0;0.0;8.0;30/03/2018 9:27;30/03/2018 9:27;1.0;36.12;SP
vendeur 1198;61f159ef6da2d441951d2c0efa719362;154.97;1.0;0.0;3.0;05/10/2016 17:21;24/01/2017 21:24;3.7;36.02;ES
vendeur 1199;620c87c171fb2a6dd6e8bb4dec959fc6;119489.2;4.221542227662178;0.0938628158844765;3.677496991576414;04/10/2016 13:15;24/08/2018 11:14;22.933333333333334;72.05;RJ
vendeur 1200;6219ba2359cfb97f2e38fd4c321eb309;487.5;3.4;0.5;2.833333333333333;19/09/2017 12:20;29/06/2018 11:02;9.4;35.48;SP
vendeur 1201;6235903333ba7de1928c869e268e5964;94.06;5.0;0.0;4.0;13/05/2018 18:19;13/05/2018 18:19;1.0;60.01;SC
vendeur 1202;623ad9d0c1e14bb5464a8c72bff7b4af;95.0;4.0;0.0;1.0;13/05/2018 20:05;13/05/2018 20:05;1.0;54.01;MG
vendeur 1203;624f4ece8da4aafb77699233d480f8ef;9205.0;4.185185185185185;0.0727272727272727;3.636363636363636;04/10/2016 10:16;19/08/2018 10:47;22.8;54.43;SP
vendeur 1204;626ab1cd96932367f0eeec2e47046c12;1310.0;4.666666666666667;0.0;4.333333333333333;16/01/2018 11:20;28/07/2018 16:45;6.433333333333334;58.21;SP
vendeur 1205;62760d278921b5f352461620d68a9cee;397.0;3.6666666666666665;0.3333333333333333;4.333333333333333;06/02/2017 12:55;15/02/2017 9:41;1.0;42.06;SP
vendeur 1206;6288c69c4ce638e59925e59193f98b16;4922.27;4.0;0.0434782608695652;3.130434782608696;16/03/2017 13:08;03/08/2018 23:17;16.833333333333332;53.5;SP
vendeur 1207;62c50c1af4dfdc4149d25c5222043d39;2785.7200000000003;3.263157894736842;0.0;4.368421052631579;05/10/2016 11:08;21/09/2017 17:03;11.7;50.03;SP
vendeur 1208;62d977e2b2aee830de3e039a28490d12;399.8;1.0;0.0;1.5;03/01/2018 11:20;05/01/2018 17:34;1.0;36.06;PR
vendeur 1209;62de60d81c55c29d76a6bce418b31cef;103.0;4.0;0.0;1.0;05/08/2018 20:01;05/08/2018 20:01;1.0;54.02;SP
vendeur 1210;630008e0f062605a415d694489f6f82e;105.15;3.0;0.0;1.0;23/07/2018 9:52;30/07/2018 17:24;1.0;48.02;SP
vendeur 1211;63191ead8d3b2f937cd1996fdcbbad20;367.0;5.0;0.0;1.0;10/08/2018 16:24;10/08/2018 16:24;1.0;60.06;SP
vendeur 1212;63272377184e969942f7fff221be858d;149.7;5.0;0.0;4.5;18/05/2017 11:19;18/05/2017 22:42;1.0;60.02;SP
vendeur 1213;6338ea67c41078a46ad99cc009654956;2286.09;4.609756097560975;0.0;2.4545454545454546;02/02/2017 17:56;16/08/2018 22:28;18.666666666666668;58.03;RS
vendeur 1214;633ecdf879b94b5337cca303328e4a25;1037.6;1.8;0.6666666666666666;4.0;15/09/2017 11:59;22/09/2017 18:11;1.0;20.97;SP
vendeur 1215;634964b17796e64304cadf1ad3050fb7;40201.5;3.880597014925373;0.0952380952380952;2.181547619047619;12/11/2017 21:31;18/08/2018 15:27;9.266666666666667;57.0;RJ
vendeur 1216;63704069d9bd3a75c1cf59babe56004a;59.3;1.0;1.0;1.0;08/06/2018 12:00;08/06/2018 12:00;1.0;6.01;SP
vendeur 1217;638cba8be1fb599bbb76fd6948351eb3;628.1999999999999;4.642857142857143;0.0;1.5357142857142858;07/05/2017 17:57;28/09/2017 15:30;4.766666666666667;57.96;SP
vendeur 1218;63a79f5a7eb5cb48a7e5787b141c7993;815.1;4.545454545454546;0.0;3.363636363636364;11/04/2018 12:14;16/07/2018 12:34;3.2;57.41;MG
vendeur 1219;63b464dbf392c7b80d12d932fa7cafed;8809.0;3.764705882352941;0.0392156862745098;2.823529411764706;01/02/2017 15:47;28/01/2018 22:03;12.033333333333331;52.85;SP
vendeur 1220;63b9ae557efed31d1f7687917d248a8d;139.5;4.428571428571429;0.0;1.4285714285714286;05/10/2016 11:44;13/02/2017 19:14;4.366666666666666;56.59;SP
vendeur 1221;63bc58679c44e8a998792119fd7ad23e;19.9;1.0;0.0;2.0;15/02/2017 14:38;15/02/2017 14:38;1.0;36.0;SP
vendeur 1222;63ffcb71394dd8ea3872ed9ffda17c74;399.0;3.176470588235294;0.0588235294117647;1.7647058823529411;05/02/2017 13:58;30/07/2017 10:07;5.8;47.36;RJ
vendeur 1223;640e21a7d01df7614a3b4923e990d40c;7625.28;4.268115942028985;0.0652173913043478;3.289855072463768;17/03/2018 19:47;25/08/2018 20:27;5.366666666666666;54.9;SP
vendeur 1224;6426d21aca402a131fc0a5d0960a3c90;1389.34;4.1923076923076925;0.0384615384615384;2.3846153846153846;15/05/2017 21:42;02/10/2017 21:37;4.633333333333334;54.23;SP
vendeur 1225;643214e62b870443ccbe55ab29a4dccf;3421.83;4.430555555555555;0.125;1.6388888888888888;30/09/2017 21:44;22/08/2018 11:39;10.833333333333334;53.39;SP
vendeur 1226;643c01d7c56a724bec0454f4780e8a3e;205.55;4.5;0.0;3.0;05/04/2018 11:51;15/05/2018 14:57;1.3333333333333333;57.03;SC
vendeur 1227;6481e96574816ead57975da2c0f6d80d;4122.9;4.350877192982456;0.0175438596491228;2.210526315789474;29/12/2017 16:31;28/07/2018 13:11;7.0;56.25;SP
vendeur 1228;64b87978a11c1ea7501a89eabe8c2c1a;489.93;2.0;0.0;1.8571428571428568;26/01/2017 22:52;09/02/2017 11:41;1.0;42.08;SP
vendeur 1229;64c9a1db4e73e19aaafd3286dc448c96;439.0;5.0;0.0;8.0;18/08/2018 14:03;18/08/2018 14:03;1.0;60.07;PR
vendeur 1230;64cc804291f90c81f02bfc2bb58ff55a;517.6;5.0;0.0;6.0;15/04/2018 0:08;18/07/2018 16:51;3.1333333333333333;60.08;PR
vendeur 1231;651530bf5c607240ccdd89a30c9c9712;199.9;4.0;0.0;6.0;09/08/2018 18:09;09/08/2018 18:09;1.0;54.03;BA
vendeur 1232;651fe66032c9520ee5587f694908040d;464.0;4.0;0.0;3.142857142857143;16/07/2018 8:52;21/08/2018 21:32;1.2;54.08;RS
vendeur 1233;6524b847b982cd56bb5d4b02b776ee42;779.8;4.0;1.0;1.0;14/02/2018 11:42;14/02/2018 11:42;1.0;24.13;SP
vendeur 1234;6548c2550b6e2d8f18053216e1c7b6f3;217.7;5.0;0.0;1.4;26/06/2018 11:17;22/08/2018 17:58;1.9;60.04;SP
vendeur 1235;655220df33262c7e0c4949a147366f94;2245.0;4.2;0.1333333333333333;4.466666666666667;13/01/2018 12:49;14/05/2018 11:43;4.0;51.57;SP
vendeur 1236;6560211a19b47992c3666cc44a7e94c0;128880.81;3.909521553765988;0.0610328638497652;2.55774647887324;17/02/2017 7:39;29/08/2018 9:14;18.6;72.7;SP
vendeur 1237;6561d6bf844e464b4019442692b40e02;41.9;5.0;0.0;2.0;28/08/2018 9:26;28/08/2018 9:26;1.0;60.01;SP
vendeur 1238;6562efe88ce0826a4ca4f189f03b4b84;1255.7;4.043478260869565;0.0869565217391304;4.260869565217392;14/03/2017 8:47;08/01/2018 12:25;10.0;51.86;PR
vendeur 1239;656591be56071d4c9ef4e5fee78a578a;1702.0;4.636363636363637;0.2727272727272727;3.909090909090909;06/03/2017 13:59;07/05/2017 12:50;2.033333333333333;49.91;SP
vendeur 1240;6576fd3e23c88f0e5d4d23f39bba0542;14.5;1.0;0.0;1.0;02/03/2017 1:33;02/03/2017 1:33;1.0;36.0;SP
vendeur 1241;657969cca82e884d272385ec0ef06edd;174.6;4.75;0.0;1.0;01/05/2018 10:10;31/07/2018 17:45;3.033333333333333;58.53;RS
vendeur 1242;659e8466eb3ff1b0e8740d74fb7bbedd;1486.8;4.5;0.0;3.928571428571429;18/05/2017 4:17;06/05/2018 19:27;11.766666666666667;57.24;BA
vendeur 1243;65a7c0788e4d632ccb5e1b594b87f0bb;343.9;4.384615384615385;0.0;2.5384615384615383;15/08/2017 21:20;22/12/2017 14:45;4.266666666666667;56.36;SP
vendeur 1244;65b081a070633e057c462abdd6fb9dd8;2081.07;4.227272727272728;0.0;2.772727272727273;26/10/2017 12:25;07/05/2018 17:39;6.433333333333334;55.7;GO
vendeur 1245;65c255b299faf2d12050937cc219c46c;132.3;4.333333333333333;0.0;1.0;26/07/2017 10:16;31/08/2017 17:20;1.2;56.02;SP
vendeur 1246;65febd49fd28ec955651299159b1f527;4961.64;4.065217391304348;0.0434782608695652;2.9347826086956523;17/04/2018 10:14;22/08/2018 14:00;4.233333333333333;53.9;SP
vendeur 1247;6601ee6383e7f452be71929f8de48bbb;153.6;4.0;0.0;3.0;27/10/2017 17:21;08/11/2017 7:29;1.0;54.02;SP
vendeur 1248;6614814a00d344b846ae209f95ee7e3f;39.0;1.0;0.0;1.0;08/06/2017 23:17;08/06/2017 23:17;1.0;36.01;SP
vendeur 1249;661ad5fcc28cdfb8bcadb12bb2272475;209.93;5.0;0.0;2.7142857142857144;15/01/2018 10:56;17/07/2018 17:28;6.1;60.03;SC
vendeur 1250;6624bc09786f0e41ae48dfc5eeb1a9e2;89.54;5.0;0.0;3.0;05/03/2017 22:38;05/03/2017 22:38;1.0;60.01;MG
vendeur 1251;6650fcccd8cd2f7e55ffa524f30c4c59;529.7;2.6666666666666665;0.0;1.3333333333333333;05/09/2017 18:26;08/11/2017 12:38;2.1;46.09;SP
vendeur 1252;666658b8da8370f30e1f89893b1de5e6;298.0;5.0;0.0;1.0;13/03/2018 10:58;13/03/2018 10:58;1.0;60.05;SP
vendeur 1253;668bf321538e5072858eaef6087ce027;19.9;5.0;0.0;2.0;26/02/2018 9:47;26/02/2018 9:47;1.0;60.0;PR
vendeur 1254;66922902710d126a0e7d26b0e3805106;15033.3;4.462962962962963;0.0674846625766871;2.165644171779141;14/05/2017 21:11;21/08/2018 21:44;15.466666666666669;57.21;MG
vendeur 1255;669ae81880e08f269a64487cfb287169;13514.87;4.111111111111111;0.0368421052631578;2.0;20/01/2017 14:30;08/08/2018 12:55;18.8;55.77;SC
vendeur 1256;66d5ae34537110d3affc56174dad2b2f;33.81;1.0;0.0;1.0;08/07/2018 18:44;08/07/2018 18:44;1.0;36.0;SP
vendeur 1257;66dc1b1632bd6a3e508510c5b3492107;4169.79;3.2888888888888888;0.0222222222222222;2.2666666666666666;19/07/2017 17:27;12/08/2018 11:16;12.933333333333334;49.75;SP
vendeur 1258;66e0557ecc2b4dbea057e93f215f68d8;13687.0;3.941176470588236;0.2647058823529412;4.088235294117647;24/05/2017 18:43;12/02/2018 22:58;8.8;47.94;SP
vendeur 1259;66fd84ee7528c0c0de85d0f44a73d5ab;1528.01;2.8181818181818183;0.0909090909090909;3.5454545454545454;22/03/2017 14:05;28/07/2017 10:24;4.233333333333333;44.43;RS
vendeur 1260;670a9dda115b5a88b18cfadee8de2332;918.9;4.454545454545454;0.0;2.4545454545454546;29/08/2017 20:13;16/08/2018 16:28;11.7;56.88;SP
vendeur 1261;670c26e0f1bf8d0576271d5cfaec6d2b;6341.6;4.310344827586207;0.0459770114942528;1.896551724137931;04/11/2017 18:20;01/08/2018 10:17;8.966666666666667;55.52;PR
vendeur 1262;671585f5a2af58b6e276bc01003c0d2b;1244.0;4.703703703703703;0.0;1.9259259259259256;27/07/2018 21:43;25/08/2018 23:39;1.0;58.43;PR
vendeur 1263;67225bff54a172ff67579aaf583efd78;1238.0;4.5;0.125;3.75;15/09/2017 10:34;03/02/2018 19:28;4.7;53.45;PA
vendeur 1264;674207551483fec113276b67b0d871ff;119.9;5.0;0.0;6.0;05/07/2018 16:36;05/07/2018 16:36;1.0;60.02;SP
vendeur 1265;6750d71153f00fc58829af2a8ef1bcf1;3762.0;4.25;0.0;4.875;28/03/2017 15:29;08/08/2017 23:13;4.433333333333334;56.11;RJ
vendeur 1266;67883baaae6134ee81b271a542613728;8167.9;4.105263157894737;0.1578947368421052;4.631578947368421;17/07/2018 13:21;22/08/2018 11:39;1.1666666666666667;51.23;SP
vendeur 1267;679769a98cfcc6da877c8486ff1c13f3;7029.0;4.571428571428571;0.0;5.190476190476191;01/03/2017 12:40;27/08/2018 15:03;18.133333333333333;58.58;MG
vendeur 1268;67bf6941ba2f1fa1d02c375766bc3e53;5884.0;3.9565217391304346;0.0869565217391304;5.565217391304348;17/09/2017 20:41;29/08/2018 14:18;11.5;52.09;PR
vendeur 1269;67e43d802fde8cfd3f9580124f8167d1;36.0;1.0;0.0;1.0;03/02/2017 11:31;20/02/2017 19:58;1.0;36.01;SP
vendeur 1270;6806dad1da97bfb5a9038eac6881f706;1621.0;3.9375;0.0625;2.4375;28/12/2017 18:59;22/08/2018 18:32;7.866666666666666;52.01;PR
vendeur 1271;681fce914360217db47784ae28905a96;4127.33;3.869565217391304;0.125;4.458333333333333;20/10/2017 11:05;30/07/2018 18:54;9.433333333333334;50.14;PR
vendeur 1272;6824a69c9ea0313eba299dd4a2dba09a;666.9;4.714285714285714;0.0;3.857142857142857;24/07/2018 14:23;20/08/2018 15:12;1.0;58.39;MG
vendeur 1273;685b870da5b52a710782c9c0fefbeb5b;627.0;2.0;1.0;4.0;09/12/2017 13:51;01/03/2018 16:36;2.7333333333333334;12.1;SP
vendeur 1274;6860153b69cc696d5dcfe1cdaaafcf62;3843.6;4.166666666666667;0.0823529411764705;2.3294117647058825;21/11/2017 15:13;24/08/2018 0:07;9.166666666666666;53.16;SP
vendeur 1275;6861de0f40cacb0602e473c51639f980;674.0;2.625;0.125;1.875;18/11/2017 10:53;04/07/2018 17:37;7.6;42.11;PR
vendeur 1276;686886775c8f6b1191c7b953fb52708c;189.0;5.0;0.0;4.0;26/06/2018 5:48;26/06/2018 5:48;1.0;60.03;SP
vendeur 1277;6879c4d287a8dd06b11f54ea8f78e4da;527.67;4.333333333333333;0.0;1.5;13/06/2018 23:58;14/08/2018 23:53;2.033333333333333;56.09;SP
vendeur 1278;688756f717c462a206ad854c5027a64a;6178.51;3.782178217821782;0.0865384615384615;2.451923076923077;10/04/2018 16:07;22/08/2018 9:01;4.433333333333334;51.11;SP
vendeur 1279;68ca56ce86830f3d31b1b7ec6a54da3e;719.59;3.8333333333333335;0.0;3.6666666666666665;11/07/2018 18:16;10/08/2018 18:10;1.0;53.12;PR
vendeur 1280;68f86ba270525243e68ae74044f992b9;966.3;4.357142857142857;0.0714285714285714;2.2142857142857144;21/08/2017 16:49;10/08/2018 15:14;11.766666666666667;54.16;RJ
vendeur 1281;6902157ee16728322d61a1321fa79e58;159.8;3.0;0.0;1.0;21/09/2017 22:46;07/10/2017 19:27;1.0;48.03;SP
vendeur 1282;693660429f9dc4ff704eb3d88dad54d7;124.0;4.0;0.0;1.0;22/07/2018 17:24;23/07/2018 17:01;1.0;54.02;SP
vendeur 1283;695051e2981c8b19e77cafe450d5bdf3;169.76;5.0;0.0;1.0;08/12/2017 12:19;08/12/2017 12:19;1.0;60.03;SP
vendeur 1284;6973a06f484aacf400ece213dbf3d946;11270.32;3.5384615384615383;0.1610169491525423;2.0847457627118646;22/01/2018 15:14;03/07/2018 23:02;5.4;48.24;SP
vendeur 1285;698624c6632eeba1774924dbea24c700;19.9;5.0;0.0;1.0;05/04/2018 20:23;05/04/2018 20:23;1.0;60.0;SP
vendeur 1286;6989574bd97d9773f10d232b6c07da59;2478.4;4.857142857142857;0.0;4.428571428571429;22/03/2017 23:17;25/07/2018 13:09;16.3;59.55;PR
vendeur 1287;698f5fa55a5f73d0740e9d9a773e8093;120.0;4.833333333333333;0.0;1.0;12/06/2018 17:26;20/06/2018 8:57;1.0;59.02;RJ
vendeur 1288;69a43819c758c65a5befb0b471c954d7;299.85;4.0;0.0;5.333333333333333;15/06/2017 11:48;16/09/2017 20:40;3.1;54.05;PR
vendeur 1289;69b5eaa096c3f9d1e5c398c597f567d6;938.0;5.0;0.0;8.0;15/08/2018 22:27;25/08/2018 10:41;1.0;60.15;SP
vendeur 1290;6a0cbc8af2e8abd1bdfb777943d174c6;4009.05;4.085714285714285;0.0833333333333333;2.75;08/05/2017 18:46;04/07/2018 15:45;14.033333333333331;52.67;SP
vendeur 1291;6a3139c7bf09ece22a4713d956acbe5e;61.9;5.0;0.0;5.0;23/07/2018 21:47;23/07/2018 21:47;1.0;60.01;SP
vendeur 1292;6a38087bc8ad4f89ff453561005f6dea;1833.43;4.409090909090909;0.0;4.090909090909091;18/05/2018 10:34;17/08/2018 12:56;3.033333333333333;56.75;GO
vendeur 1293;6a51fc556dab5f766ced6fbc860bc613;7577.67;3.939393939393939;0.0606060606060606;3.787878787878788;08/04/2017 19:06;21/08/2018 12:46;16.633333333333333;53.06;SP
vendeur 1294;6a53b90c3ad9e0b56d9fe5c69165fff5;139.78;3.5;0.0;3.0;16/05/2018 19:57;03/08/2018 0:15;2.6;51.02;PR
vendeur 1295;6a8a889bde935bafa76d7848782dfaf9;860.8199999999999;3.933333333333333;0.0666666666666666;1.6333333333333333;21/03/2018 14:04;04/06/2018 7:25;2.466666666666667;51.74;SP
vendeur 1296;6a8b085f816a1f75f92dbac6eb545f8f;6080.47;4.117647058823529;0.088235294117647;1.8014705882352944;29/07/2017 17:28;23/08/2018 12:04;12.966666666666669;53.05;SP
vendeur 1297;6aa3928696eab49a19a466e665a649fd;2075.0;4.545454545454546;0.0454545454545454;3.727272727272727;10/03/2018 12:41;17/08/2018 22:23;5.333333333333333;56.25;RJ
vendeur 1298;6b15924333bd1a741595fe981ea04822;668.12;4.608695652173913;0.0869565217391304;1.3043478260869563;01/02/2017 11:13;05/07/2017 0:35;5.1;55.15;SP
vendeur 1299;6b1c4d4d9ccf0be3d8544eb0e71e5318;1699.0;5.0;0.0;1.0;21/03/2018 14:29;21/03/2018 14:29;1.0;60.28;RS
vendeur 1300;6b243f80ed07b10f0e8aa0f21a205f3c;6305.0;4.033333333333333;0.0333333333333333;2.6555555555555554;18/07/2017 12:35;23/08/2018 3:31;13.333333333333334;54.23;PR
vendeur 1301;6b2612338467c08c9b25f0cc55b1578d;92.9;4.0;0.0;1.0;12/02/2017 20:42;12/02/2017 20:42;1.0;54.01;PR
vendeur 1302;6b333a05bf188ef3e1f1662a86bd9855;10397.78;4.642857142857143;0.0357142857142857;1.5714285714285714;27/01/2018 20:49;10/08/2018 15:03;6.466666666666667;58.49;DF
vendeur 1303;6b3bd31ad8fcda4b2635ec9f3ff2ecdf;4464.8;3.8222222222222224;0.0888888888888888;2.022222222222222;24/03/2018 14:57;10/08/2018 21:12;4.633333333333334;51.0;RJ
vendeur 1304;6b536a23086fba0d58c08d68814397f6;2068.8;3.9130434782608696;0.0869565217391304;1.6521739130434785;25/10/2017 14:35;28/07/2018 23:06;9.2;51.21;RJ
vendeur 1305;6b803197e03abd5056b4313306b4f29d;407.0;4.833333333333333;0.0;2.25;06/02/2018 23:23;20/08/2018 21:11;6.466666666666667;59.07;SP
vendeur 1306;6b89abe95848c850399130d149a39b63;1135.2;4.375;0.0;3.25;15/02/2018 23:30;13/04/2018 15:55;1.8666666666666667;56.44;GO
vendeur 1307;6b90f847357d8981edd79a1eb1bf0acb;3509.6800000000003;4.372549019607843;0.0392156862745098;2.0588235294117645;07/06/2018 14:18;29/08/2018 11:06;2.7333333333333334;55.63;SP
vendeur 1308;6b9b80d53ba3676eafe60268a810b5a1;882.7;3.9;0.0;4.2;01/02/2017 8:42;28/08/2017 20:36;6.933333333333334;53.54;SP
vendeur 1309;6ba4733aa33f6386e9fb0c0fd3993b38;184.69;4.75;0.0;2.25;16/04/2018 21:43;17/08/2018 10:32;4.066666666666666;58.53;RS
vendeur 1310;6bb0724edf0b62fb91ac404873a97241;3859.0;4.529411764705882;0.1578947368421052;4.052631578947368;20/02/2017 0:34;01/04/2018 21:51;13.5;53.07;SP
vendeur 1311;6bb62a4912377c7bfe7cb17b406bc7e6;739.52;4.5;0.0;4.0;30/07/2018 15:26;14/08/2018 6:30;1.0;57.12;SP
vendeur 1312;6bb66d9870c2e01c05655c7ed0e7ee13;269.0;3.6666666666666665;0.0;1.0;25/07/2018 17:09;29/07/2018 6:13;1.0;52.04;SP
vendeur 1313;6bbcb8924baf70b7fe2fe2097e8cd407;2382.5;4.545454545454546;0.0;3.272727272727273;13/11/2017 12:19;09/08/2018 20:07;8.966666666666667;57.66;SC
vendeur 1314;6bcb2352a2a0c38b845f598298ab9d26;31.8;3.0;0.0;2.5;16/06/2017 17:30;29/09/2017 0:54;3.466666666666667;48.0;PR
vendeur 1315;6bd503a8230299c9316fb0f726933927;324.29;4.6;0.2;3.2;13/07/2018 18:59;17/08/2018 15:11;1.1333333333333333;51.65;GO
vendeur 1316;6bd69102ab48df500790a8cecfc285c2;8070.0;3.0;0.2;6.4;26/06/2017 13:44;10/05/2018 14:00;10.6;43.32;SP
vendeur 1317;6bef34c5be6f2bbd70aa5165f6df94b1;1198.0;2.0;0.0;2.5;14/07/2018 16:12;31/07/2018 23:31;1.0;42.2;SC
vendeur 1318;6c12e40690c335dbc2f68a4134d30dc1;9139.2;4.0625;0.0;2.7222222222222223;20/02/2017 13:35;06/08/2018 9:57;17.7;55.87;PR
vendeur 1319;6c177e38df6d3f34182b1f1d427231bf;8620.89;4.051724137931035;0.0344827586206896;3.1724137931034484;06/02/2017 16:00;21/08/2018 13:32;18.666666666666668;54.68;PR
vendeur 1320;6c17baf138731a4aaacc3210adf2037b;538.8;5.0;0.0;4.8;06/08/2018 15:08;20/08/2018 23:20;1.0;60.09;SP
vendeur 1321;6c1b6d0c604b776f844125f911eb7377;443.06;3.4;0.0;1.4;01/02/2017 15:42;12/03/2017 21:28;1.3;50.47;SP
vendeur 1322;6c6cc59a5c00cacc5054ca06d65cc282;1107.0;5.0;0.0;10.0;11/08/2018 12:14;11/08/2018 12:14;1.0;60.18;RS
vendeur 1323;6c6e3d67f969468f3bfd33f827a31222;224.0;4.833333333333333;0.0;2.833333333333333;11/03/2018 22:56;09/08/2018 18:55;5.0;59.04;PR
vendeur 1324;6c77cd583b36a13aacccf2b3ee23e233;18.9;5.0;0.0;3.0;23/08/2018 21:45;23/08/2018 21:45;1.0;60.0;SP
vendeur 1325;6c7d50c24b3ccd2fd83b44d8bb34e073;9307.2;4.388059701492537;0.0147058823529411;2.8455882352941178;09/07/2017 21:20;17/08/2018 7:32;13.433333333333334;57.41;SP
vendeur 1326;6c9875b2f94ba781186f0c1aed8d1687;25.0;5.0;0.0;1.0;21/05/2017 18:55;13/08/2017 10:33;2.7666666666666666;60.0;SP
vendeur 1327;6c99c983ce3b6ba0ab813e6790e81691;588.95;3.8;0.0;1.4;31/05/2018 22:54;07/08/2018 11:15;2.2333333333333334;52.9;MG
vendeur 1328;6cd68b3ed6d59aaa9fece558ad360c0a;11919.37;4.485207100591716;0.0177514792899408;2.5562130177514795;26/01/2017 17:40;23/04/2018 22:25;15.066666666666666;58.33;MG
vendeur 1329;6cf476a4ca74498db55cbccdaa9dcfb6;939.93;2.7142857142857144;0.4285714285714285;2.857142857142857;06/10/2016 8:28;31/05/2017 19:02;7.9;33.58;SP
vendeur 1330;6d04126aba80df143fd038e711b8fd96;89.99;1.0;1.0;12.0;08/09/2017 14:49;08/09/2017 14:49;1.0;6.01;RJ
vendeur 1331;6d1b9c9579132c87d2703ec38c30f2c5;299.69;4.5;0.0;4.5;21/02/2017 21:19;01/07/2017 12:32;4.3;57.05;PR
vendeur 1332;6d22a1fcebb6dd08c9cd90b92a93e8d0;758.6;4.357142857142857;0.0;2.7142857142857144;27/08/2017 23:06;26/01/2018 14:27;5.033333333333333;56.27;SC
vendeur 1333;6d2f2e3b539480db1e0842b3a4e32e6e;305.96;4.333333333333333;0.0;7.833333333333333;09/06/2017 14:43;22/06/2017 22:22;1.0;56.05;SP
vendeur 1334;6d66611d7c44cc30ce351abc49a68421;13976.7;3.911602209944751;0.0655737704918032;3.185792349726776;02/02/2017 7:05;25/08/2018 11:43;18.966666666666665;53.79;SP
vendeur 1335;6d7f8d9d594e28796b6b3205b00f459c;417.9;3.6666666666666665;0.0;4.333333333333333;11/05/2017 15:40;14/07/2017 12:28;2.1;52.07;PR
vendeur 1336;6d803cb79cc31c41c4c789a75933b3c7;8926.2;4.2898550724637685;0.0579710144927536;2.7971014492753623;25/07/2017 0:16;06/06/2018 15:11;10.533333333333331;55.46;SP
vendeur 1337;6d988d6174a2c27441597174f8905515;387.77;4.25;0.0833333333333333;1.9166666666666667;02/04/2017 15:41;09/08/2018 15:39;16.433333333333334;53.06;PR
vendeur 1338;6da1992f915d77be95d7fa48b36904af;290.0;3.8;0.0;1.4;27/04/2017 16:24;03/08/2017 11:13;3.2333333333333334;52.85;SP
vendeur 1339;6dc9bec584588412a6a338830946a3e4;560.0;1.5;0.0;8.5;03/02/2017 20:08;17/02/2017 13:53;1.0;39.09;SP
vendeur 1340;6dd7dce75cd55c1ce255dc38d9f0cd46;75.0;4.0;0.0;1.0;17/12/2017 14:44;17/12/2017 14:44;1.0;54.01;SC
vendeur 1341;6ddc28b61be28373b4503a1f61cf98a9;2112.7;4.153846153846154;0.0769230769230769;1.7692307692307692;14/06/2018 17:31;15/08/2018 18:14;2.066666666666667;52.96;SP
vendeur 1342;6df688df543f90e9b38f4319e75a9d88;2016.56;4.5344827586206895;0.0;2.5;31/01/2017 13:01;22/11/2017 9:09;9.8;57.54;MG
vendeur 1343;6e0908ef4d4efadbc3cc2b74ea477cb0;636.25;4.083333333333333;0.0833333333333333;2.333333333333333;05/02/2017 17:06;01/09/2017 16:11;6.9;52.1;RJ
vendeur 1344;6e13dd869aa7185f601c941423abcc8f;522.0;4.833333333333333;0.0;1.5;07/04/2018 18:30;17/07/2018 16:29;3.333333333333333;59.08;SP
vendeur 1345;6e1862e15f33d9994bc25922a85e1efc;732.49;4.666666666666667;0.0;1.0;08/06/2018 9:47;21/08/2018 15:44;2.466666666666667;58.12;SP
vendeur 1346;6e2d3e2dc84fb30f6078f39dd3bddd6f;219.0;1.0;0.0;3.0;29/10/2017 16:25;29/10/2017 16:25;1.0;36.04;PR
vendeur 1347;6e386f64c84e482f0b9abf960797ee1b;12938.3;4.607142857142857;0.1;4.266666666666667;25/03/2018 23:20;17/08/2018 0:56;4.8;56.76;SP
vendeur 1348;6e4a902d1054e4e17aa6eab87fac1c75;586.57;4.25;0.25;2.25;06/08/2018 23:49;21/08/2018 21:15;1.0;48.1;SP
vendeur 1349;6e4f5ff6b086632ba8dcb558fb10249e;838.9;3.4;0.0;5.2;27/02/2018 1:52;19/07/2018 14:17;4.733333333333333;50.54;RS
vendeur 1350;6e85dc5ecd97a61094b89b046a509d8e;169.9;1.0;0.0;3.0;14/05/2017 0:32;14/05/2017 0:32;1.0;36.03;SP
vendeur 1351;6e864f5c4669eff3d98140a07cc50202;740.59;4.461538461538462;0.0769230769230769;2.3076923076923075;02/08/2017 13:12;30/05/2018 14:51;10.033333333333331;54.58;SP
vendeur 1352;6eb94e1466490d327a09abf8f3552a50;1511.95;4.444444444444445;0.1;5.0;23/04/2018 17:27;23/08/2018 13:05;4.033333333333333;53.91;SP
vendeur 1353;6ebf4eceee4dd9847201c82e77ef8123;59.9;5.0;0.0;7.0;04/04/2018 23:21;04/04/2018 23:21;1.0;60.01;RJ
vendeur 1354;6ec1a01e866584bb679eb9b098345919;4301.9;4.161290322580645;0.2121212121212121;3.1515151515151514;06/07/2017 16:18;24/08/2018 11:54;13.766666666666667;49.31;SP
vendeur 1355;6edacfd9f9074789dad6d62ba7950b9c;13957.7;4.379310344827586;0.0515021459227467;2.313304721030043;17/01/2017 14:57;27/08/2018 20:31;19.566666666666663;57.01;SP
vendeur 1356;6ee85be3693ed79a8e80718743d80655;484.5;1.9230769230769231;0.1538461538461538;1.6923076923076923;19/01/2017 11:26;23/05/2017 17:14;4.133333333333334;37.0;SP
vendeur 1357;6eeed17989b0ae47c9f11ece6f38ea90;557.0;3.6666666666666665;0.0;7.333333333333333;03/07/2018 18:58;27/08/2018 21:28;1.8333333333333333;52.09;SP
vendeur 1358;6f1a1263039c76e68f40a8e536b1da6a;256.39;2.142857142857143;0.1428571428571428;2.7142857142857144;17/09/2017 23:54;15/01/2018 15:18;3.966666666666667;38.61;SP
vendeur 1359;6f229cc508fc6915ed5c499efd93baa4;2654.8;4.428571428571429;0.1428571428571428;2.2857142857142856;11/08/2017 13:26;11/08/2018 18:52;12.166666666666666;52.72;RJ
vendeur 1360;6f835fd4be26989b1b064399da346143;197.8;5.0;0.0;3.0;26/05/2018 8:26;18/06/2018 22:59;1.0;60.03;PR
vendeur 1361;6f83d9e4da896daae20b9b6b2d3ff8d2;765.19;4.363636363636363;0.0;4.363636363636363;22/03/2018 10:15;31/07/2018 17:24;4.366666666666666;56.31;PR
vendeur 1362;6f892e20a171e98efe17fdb971ff319b;6438.700000000001;3.730769230769231;0.0754716981132075;3.5849056603773586;27/07/2017 16:40;17/12/2017 1:25;4.733333333333333;51.17;SP
vendeur 1363;6fa9202c10491e472dffd59a3e82b2a3;7014.24;4.333333333333333;0.0;1.0;30/07/2018 10:04;13/08/2018 14:07;1.0;57.15;SP
vendeur 1364;6fc26fe110feebd80a433e1f012a84f9;4330.84;4.014084507042254;0.0666666666666666;3.4133333333333336;29/01/2017 4:52;17/08/2018 16:22;18.83333333333333;52.79;SP
vendeur 1365;6fd52c528dcb38be2eea044946b811f8;8018.809999999999;3.5294117647058822;0.1011235955056179;2.606741573033708;18/08/2017 16:58;11/08/2018 23:56;11.933333333333334;49.45;SP
vendeur 1366;7008613ea464bad5cb9b83456e1e6a8f;7870.5;4.280254777070064;0.0379746835443038;2.462025316455696;09/10/2016 22:36;21/08/2018 16:08;22.666666666666668;55.83;SC
vendeur 1367;700f03c207639c22d933381ff60b35c2;1569.84;4.2;0.4;7.6;07/10/2016 21:30;29/11/2017 17:43;13.9;43.46;SP
vendeur 1368;70125af26c2d6d4ef401a1d02ae7701f;371.2;4.625;0.5;4.125;03/07/2018 16:23;18/08/2018 16:43;1.5333333333333334;42.81;GO
vendeur 1369;70126eecc6aa1274392a1743866e9678;97.4;5.0;0.0;1.0;25/06/2018 21:19;25/07/2018 10:27;1.0;60.02;SP
vendeur 1370;701938c450705b8ae65fc923b70f35c7;12191.22;3.7767857142857135;0.0526315789473684;5.087719298245614;27/01/2017 19:04;01/04/2018 21:48;14.3;53.07;SP
vendeur 1371;702835e4b785b67a084280efca355756;7.6;5.0;0.0;1.0;13/02/2017 16:18;13/02/2017 16:18;1.0;60.0;MG
vendeur 1372;7040e82f899a04d1b434b795a43b4617;10477.4;3.5185185185185186;0.0853658536585365;1.7073170731707317;12/09/2017 22:20;28/08/2018 9:18;11.633333333333333;50.26;SP
vendeur 1373;70849ca4f400aaabb62cb7462a6f1428;949.47;4.384615384615385;0.1538461538461538;1.3846153846153846;14/12/2017 18:10;18/08/2018 23:19;8.233333333333333;51.85;MG
vendeur 1374;709e16e2b25c7474d980076c6bfc4806;5548.7;4.505882352941176;0.0235294117647058;2.7058823529411766;14/10/2017 14:08;26/08/2018 8:40;10.5;57.24;SP
vendeur 1375;70a12e78e608ac31179aea7f8422044b;32374.23;3.782857142857143;0.1022727272727272;2.375;17/01/2017 16:25;20/08/2018 20:10;19.33333333333333;54.92;SP
vendeur 1376;70b52a4cfc823994561b00bad161b4ed;585.0;4.5;0.0;2.6;21/02/2017 16:17;18/07/2018 13:50;17.033333333333335;57.1;SP
vendeur 1377;70bf57d811208f8923b41bbd499a67a4;780.8000000000001;4.142857142857143;0.0;3.857142857142857;26/06/2018 20:41;27/08/2018 17:24;2.033333333333333;54.98;SP
vendeur 1378;70c0fda4c313d87115644d39e62eec60;25.99;5.0;0.0;1.0;04/08/2018 15:27;04/08/2018 15:27;1.0;60.0;PE
vendeur 1379;70c27847eca8195c983ed7e798c56743;12706.28;4.242718446601942;0.087378640776699;2.5436893203883497;03/04/2018 9:02;22/08/2018 21:34;4.7;54.91;RJ
vendeur 1380;70c4eedec9cb4a85cda2f3f9673557b4;479.8;5.0;0.0;2.0;05/06/2017 16:37;21/08/2017 10:59;2.533333333333333;60.08;SP
vendeur 1381;70ee69419916dc13e3aed619061f996c;45.0;3.0;0.0;5.0;07/08/2017 10:50;07/08/2017 10:50;1.0;48.01;SP
vendeur 1382;70eea00b476a314817cefde4aad4f89a;32712.55;4.3478260869565215;0.0683760683760683;3.888888888888889;09/02/2017 15:32;22/08/2018 20:43;18.633333333333333;59.38;SP
vendeur 1383;70f7e8018e3d46c748c92f026aa2585a;239.8;5.0;0.0;10.0;16/08/2018 15:59;16/08/2018 15:59;1.0;60.04;SP
vendeur 1384;70f84699be677ec988d1fa824aef7d90;1588.3;4.6;0.0;2.0;11/04/2017 14:43;18/07/2018 21:15;15.433333333333334;57.86;MG
vendeur 1385;71039d19d4303bf9054d69e9a9236699;3537.2;3.684210526315789;0.2631578947368421;2.4473684210526314;07/10/2017 21:41;03/08/2018 13:46;9.966666666666669;44.79;SP
vendeur 1386;710e3548e02bc1d2831dfc4f1b5b14d4;24579.09;3.4055944055944054;0.0416666666666666;3.451388888888889;07/10/2016 10:18;16/08/2018 9:22;22.566666666666663;53.2;PR
vendeur 1387;71271995e85f5b8530be99ed54a91b89;776.0;2.5;0.125;2.75;23/11/2017 11:16;11/07/2018 9:55;7.633333333333334;41.38;RS
vendeur 1388;712e6ed8aa4aa1fa65dab41fed5737e4;40824.0;3.4444444444444446;0.1978021978021978;6.241758241758242;08/02/2017 12:01;18/05/2018 18:17;15.466666666666669;51.41;SC
vendeur 1389;712efd3b68f9686dc856b84abd0f21ae;139.0;4.0;0.0;3.0;30/07/2018 12:41;30/07/2018 12:41;1.0;54.02;PR
vendeur 1390;7139dc5186aa238b006e066d8fbab2e4;1712.0;4.086956521739131;0.125;2.375;29/01/2018 11:30;02/08/2018 12:05;6.166666666666667;51.05;SP
vendeur 1391;713e3a23ca5e47786eb6f0d99f94cfac;1126.0;4.75;0.0;2.5;06/02/2018 13:32;03/06/2018 20:17;3.9;58.68;PR
vendeur 1392;7142540dd4c91e2237acb7e911c4eba2;38817.06;4.0466472303207;0.0780346820809248;2.658959537572254;10/03/2017 11:30;17/08/2018 10:23;17.466666666666665;58.29;SP
vendeur 1393;714b9a1332840f257b49f476bea4e341;1499.94;3.333333333333333;0.3333333333333333;1.3333333333333333;08/01/2018 11:48;24/03/2018 15:11;2.5;40.24;SP
vendeur 1394;71592660bbcb6a4664e97b6f8b68babc;2027.18;4.428571428571429;0.0;6.285714285714286;16/02/2018 19:32;31/07/2018 20:47;5.5;56.9;SP
vendeur 1395;71593c7413973a1e160057b80d4958f6;1018.3;4.529411764705882;0.0;1.1764705882352942;03/08/2018 13:19;16/08/2018 10:46;1.0;57.34;SP
vendeur 1396;715bbd5ba4e6b74cb0d2f29eb45058b0;5488.3;4.413333333333333;0.0666666666666666;2.533333333333333;10/09/2017 0:34;19/08/2018 15:25;11.433333333333334;55.38;SP
vendeur 1397;7178e1eaa97257d8b6d4b80efd77a025;167.9;5.0;0.0;5.0;05/09/2017 16:18;05/09/2017 16:18;1.0;60.03;SP
vendeur 1398;7178f9f4dd81dcef02f62acdf8151e01;37810.68;3.9954954954954953;0.0448430493273542;2.896860986547085;21/03/2017 22:01;17/08/2018 11:27;17.1;58.81;SC
vendeur 1399;717b78b0950b51ed00b1471d858b0edc;138.6;4.0;0.2;1.6;21/01/2018 23:47;02/07/2018 21:06;5.366666666666666;48.02;SP
vendeur 1400;718539d38d07dd351c76db862760e2e2;1338.89;4.3478260869565215;0.0;1.9565217391304348;26/04/2017 11:19;22/02/2018 17:09;10.066666666666666;56.31;SP
vendeur 1401;71dc18fd8cbf5fd77f45dd8b427abb34;1080.0;5.0;0.0;5.777777777777778;14/02/2017 12:56;13/12/2017 23:56;10.066666666666666;60.18;PR
vendeur 1402;7202e2ba20579a9bd1acb29e61fe71f6;13114.0;3.915254237288136;0.05;2.933333333333333;22/07/2017 13:08;21/08/2018 20:36;13.166666666666666;54.14;SP
vendeur 1403;720e6cf846ea7572cbb66b743fb91e6c;54.0;5.0;0.0;1.0;18/03/2017 12:23;18/03/2017 12:23;1.0;60.01;SP
vendeur 1404;7210cd29727d674c00741e5e387b3ccd;729.0899999999999;3.692307692307693;0.3076923076923077;3.5384615384615383;10/06/2018 13:08;20/08/2018 14:31;2.3666666666666667;43.04;SP
vendeur 1405;72146da5774cabf2632faedcae097a76;215.93;4.428571428571429;0.1428571428571428;4.571428571428571;06/02/2018 12:10;10/05/2018 17:04;3.1;52.32;PR
vendeur 1406;7238a95bb63ef7e498389fb863b834a1;2265.7;4.733333333333333;0.0666666666666666;3.0;27/04/2018 14:01;16/08/2018 15:13;3.7;56.77;SP
vendeur 1407;7238f877570096ae403c51898fa64566;1200.0;5.0;0.0;3.6666666666666665;11/04/2018 19:11;29/05/2018 15:28;1.5666666666666669;60.2;SP
vendeur 1408;723a46b89fd5c3ed78ccdf039e33ac63;66.64;4.0;0.0;7.0;28/05/2018 23:06;28/05/2018 23:06;1.0;54.01;RS
vendeur 1409;723cd880edaacdb998898b67c8f9da30;2136.53;4.166666666666667;0.0833333333333333;4.166666666666667;27/03/2018 12:41;20/08/2018 14:00;4.866666666666666;52.85;SP
vendeur 1410;72431a818f97fe6ab9c81eee3e297e54;229.9;5.0;0.0;8.0;13/04/2018 11:22;13/04/2018 11:22;1.0;60.04;SP
vendeur 1411;725af026f869236a8dd0ceb98564d156;1177.71;3.125;0.0;4.375;22/10/2017 11:20;03/08/2018 18:52;9.5;48.94;MG
vendeur 1412;725c32fa80c2faacc4fc88450d27314e;8076.860000000001;4.537634408602151;0.0105263157894736;2.9157894736842107;17/01/2017 12:42;12/08/2018 9:20;19.03333333333333;58.23;SP
vendeur 1413;7299e27ed73d2ad986de7f7c77d919fa;36686.37;4.433962264150943;0.045822102425876;2.393530997304582;09/03/2017 11:09;21/08/2018 14:20;17.666666666666668;61.23;MG
vendeur 1414;729b2d09b2a0bdab221076327f13d050;1882.09;4.53968253968254;0.0634920634920634;2.1746031746031744;14/11/2017 17:32;21/08/2018 12:27;9.3;55.64;SP
vendeur 1415;729f06993dac8e860d4f02d7088ca48a;20944.78;4.307692307692308;0.0932203389830508;3.864406779661017;24/03/2017 10:57;27/08/2018 19:39;17.366666666666667;56.47;SP
vendeur 1416;72bc2cce903c872fe376a8faaa81d237;2149.2;4.444444444444445;0.0;2.388888888888889;19/09/2017 23:12;21/08/2018 22:45;11.166666666666666;57.02;SP
vendeur 1417;72c38a04bd6a1c3dbc5298425a0db86d;647.3;3.8;0.0;2.0;13/05/2018 22:30;05/07/2018 10:00;1.7333333333333334;52.91;PR
vendeur 1418;72c5da29406b4234927b81855e7b64f6;11798.69;4.129032258064516;0.032258064516129;4.451612903225806;07/04/2018 17:15;26/08/2018 20:32;4.7;55.74;SP
vendeur 1419;72c73be2b085b9d57650dd53eb2004c9;29.4;5.0;0.0;4.0;24/07/2017 11:29;24/07/2017 11:29;1.0;60.0;SP
vendeur 1420;730937bf88cb151eb2eb849f642fc213;2821.2;4.423076923076923;0.0384615384615384;2.8461538461538463;05/04/2018 16:12;19/08/2018 10:36;4.5;55.85;SP
vendeur 1421;7315baebc0572ff220d226283dc66728;49.85;4.0;0.0;2.0;26/04/2017 13:17;28/06/2017 9:51;2.066666666666667;54.01;SP
vendeur 1422;731ef20c231d9a7103a425e83fd91271;1692.0;3.6666666666666665;0.0;1.3333333333333333;28/10/2017 16:27;28/10/2017 20:52;1.0;52.28;SC
vendeur 1423;734def04b237117a09321dd6d8f3f2a2;1252.43;5.0;0.0;6.5;08/04/2018 22:50;21/06/2018 4:46;2.433333333333333;60.2;SP
vendeur 1424;7354220fb240bde543b3c40c060d41e7;790.0;4.555555555555555;0.0;2.6666666666666665;04/01/2018 13:40;25/07/2018 4:34;6.7;57.46;DF
vendeur 1425;7357b52d27cbaa90f81a96cbc1279396;1564.28;4.285714285714286;0.0714285714285714;2.142857142857143;15/05/2018 18:17;22/08/2018 21:33;3.3;53.83;MG
vendeur 1426;739c7d7be81f63812dea0d1b1451c651;77.5;4.0;0.0;2.5;16/05/2018 13:11;04/06/2018 11:52;1.0;54.01;PB
vendeur 1427;73a63f72308aa20a46f4b1632018f196;9606.8;4.05;0.0;6.414634146341464;18/03/2017 22:33;01/08/2018 14:47;16.666666666666668;55.87;PR
vendeur 1428;73b8eb4a9a729d4019b24ed1be748cbf;692.41;4.375;0.0;2.375;18/06/2018 10:32;07/08/2018 14:24;1.6666666666666667;56.36;SP
vendeur 1429;73da1880b39c71de2b262bc7720c1494;398.0;5.0;0.0;1.0;26/07/2017 11:19;09/01/2018 12:25;5.566666666666666;60.06;SP
vendeur 1430;740205fedfe4e90ca6857bc77db0f2b4;229.9;5.0;0.0;8.0;17/02/2017 3:09;17/02/2017 3:09;1.0;60.04;SP
vendeur 1431;7402d13c03a7e91366337cd1de471144;528.38;3.5;0.0;3.25;19/09/2017 16:56;17/08/2018 11:18;11.033333333333331;51.09;PR
vendeur 1432;741f8c587cb4248ebc5b779a0e8e0e51;89.95;4.0;0.2;1.4;12/07/2018 19:37;12/08/2018 10:49;1.0;48.01;SP
vendeur 1433;744dac408745240a2c2528fb1b6028f3;23096.6;4.494252873563219;0.0114942528735632;5.735632183908046;22/04/2017 21:39;14/08/2018 18:33;15.933333333333334;60.4;PR
vendeur 1434;74636e24f01da9268b0ed88dacd8513e;776.0;4.0;0.25;5.5;25/04/2018 14:50;14/08/2018 7:54;3.6666666666666665;46.63;SP
vendeur 1435;747c1cdcd1737dcfbd1547f6eb6f2cf3;369.1;1.75;0.0;1.0;17/09/2017 18:20;27/01/2018 11:28;4.366666666666666;40.56;SP
vendeur 1436;747e73c01a4593d4cf60dcf970fd2689;2217.99;4.333333333333333;0.0;5.666666666666667;01/03/2018 8:17;26/04/2018 10:53;1.8666666666666667;56.36;PE
vendeur 1437;74871d19219c7d518d0090283e03c137;550.04;5.0;0.0;1.1428571428571428;05/04/2018 16:56;21/08/2018 19:11;4.6;60.09;SP
vendeur 1438;7494d0dcba8551df6cf37f1b905dc2f7;45.9;3.0;0.0;1.0;03/05/2018 0:03;03/05/2018 0:03;1.0;48.01;SP
vendeur 1439;749e7cdabbaf72f16677859e27874ba5;41.9;1.0;0.0;3.0;03/09/2017 17:20;03/09/2017 17:20;1.0;36.01;SP
vendeur 1440;74a9b9bddf14ece02beb81f52c41a88d;95.0;3.5;0.0;8.5;27/11/2017 12:25;07/02/2018 20:57;2.4;51.01;SP
vendeur 1441;74bafed391319577bce6f4d2acc0589a;2196.0;2.25;0.0;3.25;16/09/2017 22:28;16/04/2018 20:20;7.033333333333333;43.86;SP
vendeur 1442;74c7dec0a384d8a05950e629bd23bde9;207.67;3.8333333333333335;0.0;1.0;05/07/2017 17:24;01/10/2017 14:46;2.9;53.03;SP
vendeur 1443;750303a20e9c56b2a6bc45cdce0b897d;9592.0;4.287878787878788;0.0303030303030303;2.636363636363636;06/09/2017 21:43;24/08/2018 17:53;11.7;56.39;GO
vendeur 1444;751bdc4d83a466c7206cd42e8f426b03;7516.75;3.435897435897436;0.0125;2.7;18/05/2017 11:36;26/07/2018 12:43;14.466666666666669;51.47;SP
vendeur 1445;751e274377499a8503fd6243ad9c56f6;218.0;5.0;0.0;10.0;20/08/2018 22:06;20/08/2018 22:06;1.0;60.04;SP
vendeur 1446;75745ef7bc7d4f3ea3380f6f5303f514;228.4;5.0;0.0;4.0;01/03/2017 16:41;07/04/2017 9:50;1.2;60.04;DF
vendeur 1447;7586919161935337bf6b6d7ff5779648;1664.71;3.1666666666666665;0.1111111111111111;2.055555555555556;30/06/2017 9:06;20/03/2018 11:03;8.766666666666667;45.94;RJ
vendeur 1448;75a4764c108403a7a0575140cb22287c;716.9;4.777777777777778;0.0;2.888888888888889;12/12/2017 8:14;10/04/2018 8:47;3.966666666666667;58.78;RS
vendeur 1449;75d34ebb1bd0bd7dde40dd507b8169c3;19258.13;3.7586206896551726;0.2413793103448276;3.3908045977011496;11/01/2017 15:18;05/02/2018 13:50;12.966666666666669;48.46;BA
vendeur 1450;75fbb52eda0cbc24f479d3b2fbfa8d3e;1170.79;4.340909090909091;0.0444444444444444;1.511111111111111;31/01/2017 10:48;16/06/2018 17:34;16.7;54.9;GO
vendeur 1451;75fdd0a732287f9497b179f6bd445d32;59.9;5.0;0.0;1.0;19/09/2017 0:19;19/09/2017 0:19;1.0;60.01;SP
vendeur 1452;761681a821d8275bc79f552116d06869;354.92;5.0;0.0;2.6666666666666665;23/04/2018 19:27;25/07/2018 12:02;3.066666666666667;60.06;SP
vendeur 1453;762ed976527cddf02787edba70fffa2a;179.8;2.25;0.0;1.0;24/11/2017 22:46;12/12/2017 11:15;1.0;43.53;PR
vendeur 1454;762fafdaa57a532ee0119731697579dd;206.7;5.0;0.0;3.8;08/06/2018 2:18;11/08/2018 11:01;2.1333333333333333;60.03;SP
vendeur 1455;76623fde66e6b63b59440fd34160512d;65.4;4.0;0.0;2.333333333333333;02/09/2017 12:03;08/01/2018 15:05;4.266666666666667;54.01;SP
vendeur 1456;7681ef142fd2c19048da7430856b5588;32237.81;4.116883116883117;0.1139240506329113;4.075949367088608;09/02/2018 21:38;22/08/2018 16:21;6.433333333333334;56.55;SP
vendeur 1457;76833248bbc0e65a0293ec62023e4396;2399.98;5.0;0.0;10.0;06/10/2017 10:22;17/11/2017 10:22;1.4;60.39;SP
vendeur 1458;768a86e36ad6aae3d03ee3c6433d61df;587.46;4.647058823529412;0.1764705882352941;1.6470588235294117;19/06/2018 11:51;23/08/2018 20:27;2.1666666666666665;52.68;SP
vendeur 1459;768de2a4fc06aacecb9a586ccc30746a;580.3;4.529411764705882;0.0;1.9411764705882355;08/08/2017 21:31;18/05/2018 10:33;9.4;57.27;DF
vendeur 1460;76c47a299e4a8fe992316a85865acbe9;1024.46;4.8;0.2;4.6;22/06/2017 11:14;17/06/2018 21:01;12.0;52.97;SP
vendeur 1461;76d336555bb25f3165d2f0d6da719c40;330.0;2.0;0.0;6.0;03/02/2017 19:52;16/02/2017 12:33;1.0;42.05;SP
vendeur 1462;76d5af76d0271110f9af36c92573f765;33589.8;4.109090909090909;0.0783132530120482;3.536144578313253;04/10/2016 21:35;01/08/2018 16:57;22.166666666666668;57.8;SP
vendeur 1463;76d64c4aca3a7baf218bf93ef7fa768d;18051.4;4.109589041095891;0.0273972602739726;4.123287671232877;25/05/2017 8:39;26/08/2018 13:53;15.266666666666667;56.79;PR
vendeur 1464;76de363de16dacc923eec8daf91df504;610.0;3.0;0.0;2.0;22/09/2017 10:58;21/03/2018 15:56;6.0;48.1;SC
vendeur 1465;76ea5315acb3f5f7ade3cd261faf922a;1087.06;4.266666666666667;0.0666666666666666;2.466666666666667;18/05/2018 9:49;19/08/2018 11:28;3.1;53.78;SP
vendeur 1466;77128dec4bec4878c37ab7d6169d6f26;6.5;5.0;0.0;1.0;15/03/2017 20:14;15/03/2017 20:14;1.0;60.0;SP
vendeur 1467;7722b1df1b0e383e000397b2c11e3e19;7298.57;4.193333333333333;0.0264900662251655;2.4304635761589406;19/01/2017 13:06;27/08/2018 16:57;19.5;55.56;SP
vendeur 1468;77530e9772f57a62c906e1c21538ab82;49136.2;4.072319201995012;0.1116625310173697;3.292803970223325;04/10/2016 11:03;25/08/2018 22:41;23.0;59.12;PR
vendeur 1469;77714512e8d4dda9c234da8e3faf16e4;243.4;4.0;0.0;2.6666666666666665;27/07/2018 9:58;15/08/2018 17:34;1.0;54.04;SP
vendeur 1470;777a0c55737f34ffeb78010f7542ab41;452.5;4.333333333333333;0.0;2.333333333333333;27/06/2018 9:02;20/08/2018 17:59;1.8;56.07;SP
vendeur 1471;778323240ce2830d68aab11794e00bfb;189.98;4.333333333333333;0.0;1.6666666666666667;25/06/2018 11:31;30/07/2018 9:18;1.1333333333333333;56.03;SP
vendeur 1472;77a515caa36327151d1cc6c32a9f00e1;2217.39;4.423076923076923;0.1153846153846153;1.9230769230769231;28/02/2018 23:30;23/08/2018 15:58;5.833333333333333;53.44;SP
vendeur 1473;77dcbb67ccb3659bd58eaf5661560a30;1944.0;1.0;0.0;1.6666666666666667;01/02/2017 23:33;14/02/2017 14:28;1.0;36.32;RS
vendeur 1474;77e4abfd739aed9c46480f90f81c0eb4;3736.99;4.777777777777778;0.0;3.611111111111111;30/01/2018 17:55;14/08/2018 14:42;6.5;59.28;DF
vendeur 1475;77fccaae319668a8ab6cd0fd16aec48c;1667.0;4.333333333333333;0.0;3.6666666666666665;13/05/2018 16:45;30/07/2018 15:38;2.566666666666667;56.27;RJ
vendeur 1476;7813ea3ebd9411dc600b4dd01f7a97b9;1859.4;3.8;0.1;3.0;03/08/2017 17:22;07/06/2018 12:57;10.233333333333333;50.1;SP
vendeur 1477;7816cd9c5b1238e320545f5bf7eb80e8;489.0;4.0;0.0;5.0;24/05/2018 21:30;24/05/2018 21:30;1.0;54.08;SP
vendeur 1478;781a66c0d89e30814d49fe8b5e14cd07;115.0;1.0;1.0;2.0;15/11/2017 12:41;15/11/2017 12:41;1.0;6.02;SP
vendeur 1479;782f78b632a43875dd5b53e3e49c9564;146.01;3.6666666666666665;0.0;4.0;19/06/2017 16:56;05/08/2017 16:11;1.5333333333333334;52.02;SP
vendeur 1480;784ba75dd9d20200c4caed3d7a77141a;8321.119999999999;3.64;0.08;3.08;29/03/2017 7:03;24/01/2018 9:34;10.033333333333331;50.8;SP
vendeur 1481;78744a20ee2f80ba64f6804c25def2b8;2715.0;4.166666666666667;0.1666666666666666;4.833333333333333;10/09/2017 19:53;19/08/2018 15:27;11.4;50.44;PE
vendeur 1482;78813699ffac347fe27dba345a5f1551;304.84;5.0;0.0;5.5;24/06/2018 21:10;24/06/2018 21:10;1.0;60.05;RS
vendeur 1483;788e857f317e53de488d393e65a80f45;1210.0;4.909090909090909;0.0;2.727272727272727;28/05/2018 16:37;22/08/2018 11:16;2.833333333333333;59.65;SP
vendeur 1484;788f22bafdd7ab0e1e79f19db72f16a4;125.8;4.5;0.0;2.5;16/08/2018 15:46;21/08/2018 22:02;1.0;57.02;SP
vendeur 1485;78a4d36f65a019172c6154468831a69f;1545.5;4.285714285714286;0.1428571428571428;5.285714285714286;20/10/2017 0:43;08/12/2017 16:15;1.6333333333333333;51.68;SP
vendeur 1486;78ba5933c21686d1c2f64669c8c459e7;933.1;4.444444444444445;0.0;1.0;20/03/2017 13:55;16/05/2017 10:49;1.8666666666666667;56.82;SP
vendeur 1487;78c99c6dff4eeae5be99bf635ed21e3f;2030.88;4.333333333333333;0.1282051282051282;2.9743589743589745;08/02/2017 10:18;18/08/2017 11:21;6.366666666666666;52.49;SP
vendeur 1488;78ef7e885d17f35e2382a47aae8b8cce;388.0;4.666666666666667;0.0;3.6666666666666665;15/02/2017 15:54;28/07/2017 10:05;5.4;58.06;RS
vendeur 1489;7901646fdd36a55f564ffaf2dbccaaf7;11857.08;4.444444444444445;0.1481481481481481;5.148148148148148;02/03/2017 13:52;23/08/2018 0:13;17.933333333333334;54.16;RJ
vendeur 1490;791cfcfe22fe4a771ece27f90017da92;596.26;1.5;0.5;2.5;12/06/2017 14:07;25/09/2017 11:11;3.466666666666667;24.1;SP
vendeur 1491;79565f7d5603b24ddf07ade262547f2f;385.0;4.0;0.25;1.5;07/02/2017 10:07;24/05/2017 22:42;3.533333333333333;46.56;SP
vendeur 1492;7957cac1a02f45d0a4a7e45626382ec2;343.0;4.0;0.0;6.0;08/09/2017 10:09;08/09/2017 10:09;1.0;54.06;PR
vendeur 1493;7963e546f34e098b578f9ad102494601;60.99;5.0;0.0;1.0;05/11/2017 18:19;05/11/2017 18:19;1.0;60.01;SP
vendeur 1494;7994081388d55b9cf976c050653dd359;1020.0;1.6666666666666667;0.0;1.0;09/02/2017 14:29;10/11/2017 14:03;9.1;40.17;SP
vendeur 1495;7994b065a7ffb14e71c6312cf87b9de2;538.8;5.0;0.0;2.0;05/06/2018 20:41;04/08/2018 0:42;1.9666666666666663;60.09;ES
vendeur 1496;79a679c36c08d606b3fd47ead9de109b;935.0;2.7142857142857144;0.1428571428571428;2.4285714285714284;02/03/2018 12:01;03/05/2018 17:57;2.066666666666667;42.15;SP
vendeur 1497;79b93a308a97792cf53ac75f46da00b5;99.9;5.0;0.0;10.0;23/07/2017 10:07;23/07/2017 10:07;1.0;60.02;RJ
vendeur 1498;79ebd9a61bac3eaf882805ed4ecfa12a;15582.29;3.972972972972973;0.054054054054054;2.9864864864864864;10/10/2017 23:13;18/08/2018 22:51;10.366666666666667;54.76;PR
vendeur 1499;79ed755314cfe6df0daef2c6cd3022cd;4037.4;4.708333333333333;0.0;4.230769230769231;24/02/2017 9:06;08/08/2018 20:06;17.666666666666668;58.91;SP
vendeur 1500;79ee721b6f766066a80264402548d359;538.0;1.0;0.0;2.0;01/02/2017 15:21;13/02/2017 18:32;1.0;36.09;SP
vendeur 1501;7a073a40a9d3f1fee8bc45670ea1e909;95.0;1.0;0.0;1.0;09/10/2016 12:34;09/10/2016 12:34;1.0;36.01;PR
vendeur 1502;7a188843479798ca813108fa7b959286;149.7;1.0;0.0;1.0;20/11/2017 11:45;20/11/2017 11:45;1.0;36.02;SP
vendeur 1503;7a241947449cc45dbfda4f9d0798d9d0;8363.6;3.6216216216216215;0.0533333333333333;3.613333333333333;10/03/2017 10:24;09/08/2018 17:18;17.233333333333334;51.5;MG
vendeur 1504;7a2d2949aea47fab95fd98d6c9f618b1;1638.99;4.25;0.0;2.0;04/02/2017 23:28;25/06/2018 20:15;16.833333333333332;55.77;PR
vendeur 1505;7a425d299613df3e613bcf9d2eaf5c49;1363.8;4.157894736842105;0.0526315789473684;2.6842105263157894;09/11/2017 18:22;01/08/2018 23:12;8.833333333333334;53.59;RJ
vendeur 1506;7a67c85e85bb2ce8582c35f2203ad736;150749.79;4.226537216828479;0.0562248995983935;2.955020080321285;27/01/2017 12:15;21/08/2018 1:30;19.0;78.32;SP
vendeur 1507;7a704e63bb29c446869efde5d57524c8;94.49;5.0;0.0;2.0;25/01/2018 14:19;25/01/2018 14:19;1.0;60.01;PR
vendeur 1508;7a91bf945c6fae0779f1c61ce97fe45c;969.4;4.0;0.1666666666666666;3.333333333333333;17/07/2017 0:25;20/11/2017 22:03;4.2;49.16;RJ
vendeur 1509;7a9c12e235c36247c3c81f50d6ea9cea;1148.88;4.666666666666667;0.0;5.5;31/03/2017 23:54;04/05/2017 19:13;1.1;58.19;SP
vendeur 1510;7aa4334be125fcdd2ba64b3180029f14;17080.48;4.067193675889328;0.1333333333333333;2.6823529411764704;28/02/2017 10:08;12/12/2017 14:44;9.566666666666666;53.2;SP
vendeur 1511;7aa538dd6e114e503a2e6154ea352253;1016.68;4.4;0.0;2.8;23/04/2018 17:55;17/08/2018 15:45;3.8333333333333335;56.57;SP
vendeur 1512;7ab0dd5487bab2dc835337b244f689fb;12.5;5.0;0.0;2.0;05/04/2017 17:58;05/04/2017 17:58;1.0;60.0;SP
vendeur 1513;7ad32824caee82087b3e2e5f33b1bf32;22583.1;3.7814207650273226;0.1236559139784946;4.247311827956989;26/01/2018 15:36;27/08/2018 20:47;7.1;52.67;SP
vendeur 1514;7ad41305e96a6cab8294cd65891e9a86;180.0;5.0;0.0;1.5;05/06/2018 0:38;12/06/2018 20:54;1.0;60.03;SP
vendeur 1515;7adbd3210a7b3cc2235e225eef33574d;131.9;4.666666666666667;0.0;2.0;30/06/2018 21:39;14/08/2018 19:39;1.4666666666666666;58.02;SP
vendeur 1516;7ade73f1b9b4e965f9009a4c3a7e2c15;2130.0;4.8;0.0;2.2580645161290325;13/04/2018 14:54;11/08/2018 13:27;3.966666666666667;59.15;SP
vendeur 1517;7b07b3c7487f0ea825fc6df75abd658b;9966.59;4.35;0.04;2.34;25/01/2017 15:32;24/08/2018 10:48;19.166666666666668;56.53;SP
vendeur 1518;7b0df942f46435babab05d49b744b2c4;34380.71;4.586956521739131;0.0625;3.1666666666666665;03/02/2017 10:09;25/06/2018 8:27;16.866666666666667;61.27;SP
vendeur 1519;7b1222c3624aa89b9558b50a2594188c;10103.52;4.454545454545454;0.1363636363636363;5.045454545454546;18/02/2017 20:50;26/06/2018 14:07;16.4;54.29;SP
vendeur 1520;7b3447b497e55af8c15fc7bd89d7b81a;49.9;5.0;0.0;1.0;17/11/2017 19:53;17/11/2017 19:53;1.0;60.01;SP
vendeur 1521;7b3f6ce5c6c22e9b96e7581ebf0df6e1;29.8;3.0;0.0;1.0;09/12/2017 19:07;09/12/2017 19:07;1.0;48.0;SP
vendeur 1522;7b7ed56ae755e2880f2b69632e839c1e;321.5;4.2;0.2;3.8;07/08/2018 8:05;15/08/2018 19:33;1.0;49.25;GO
vendeur 1523;7b7f91e98f8c6def45a1407923304402;417.47;3.5;0.0714285714285714;2.642857142857143;15/04/2018 22:34;22/07/2018 0:22;3.2333333333333334;48.92;SP
vendeur 1524;7b8e8ec35bad4b0ef7e3963650b0a87b;2244.28;4.8;0.2;3.0;02/04/2018 10:44;26/07/2018 14:16;3.8333333333333335;53.17;SC
vendeur 1525;7b98de631987e26dd6d803490c43a13c;634.2;4.625;0.0;3.625;22/05/2018 15:14;02/08/2018 12:07;2.3666666666666667;57.85;PR
vendeur 1526;7bac63f6603d382cc8d0832eb6c100a8;9606.95;4.090909090909091;0.2272727272727272;4.681818181818182;04/11/2017 9:09;03/08/2018 15:28;9.066666666666666;49.3;SP
vendeur 1527;7bb8fac2913a6064ec412e583c6d8b4d;109.0;5.0;0.0;6.0;02/02/2018 13:40;02/02/2018 13:40;1.0;60.02;SP
vendeur 1528;7bcd7c5f8631701474db233ccf1c094b;666.0;3.636363636363636;0.0909090909090909;2.8181818181818183;14/04/2017 14:28;27/08/2017 17:51;4.5;49.2;SP
vendeur 1529;7c1fea10b5b006671d608b1d7c446ec4;423.6;4.0;0.0714285714285714;2.857142857142857;04/10/2017 20:41;13/06/2018 15:39;8.366666666666667;51.93;SP
vendeur 1530;7c4402417d51474d4d0cda9557340e40;119.9;5.0;0.0;3.0;08/05/2017 16:31;08/05/2017 16:31;1.0;60.02;SP
vendeur 1531;7c4618c82226628831613e95e9c22f44;344.42;4.142857142857143;0.1428571428571428;1.3571428571428572;14/12/2017 10:52;17/08/2018 6:37;8.166666666666666;50.63;SP
vendeur 1532;7c462184585ae80bd6e5774c62ce50f2;60.0;3.0;1.0;1.0;07/05/2018 12:38;07/05/2018 12:38;1.0;18.01;SP
vendeur 1533;7c4adcc13272c0e26fa23aac642adb7b;135.0;3.0;0.5;1.0;28/01/2018 10:24;26/02/2018 12:21;1.0;33.02;RJ
vendeur 1534;7c51de0ab286204ce75ff42bf7c10d92;759.0;4.5;0.0;2.5;22/07/2018 10:11;12/08/2018 17:52;1.0;57.12;SC
vendeur 1535;7c5b05cbdb5542049f38d90d7815b97d;1038.96;4.416666666666667;0.0416666666666666;1.3333333333333333;28/04/2018 14:32;15/07/2018 9:56;2.566666666666667;55.42;SP
vendeur 1536;7c67e1448b00f6e969d365cea6b010ab;199688.11;3.3947730398899587;0.0922761449077238;3.865345181134655;26/01/2017 22:44;07/08/2018 18:58;18.566666666666663;80.25;SP
vendeur 1537;7c9130f5f3729edd32aa059141d92484;126.0;3.75;0.0;1.0;20/06/2018 18:53;23/08/2018 11:30;2.1;52.52;SP
vendeur 1538;7caa63f175b1cecbfaadd8b5ab9998c7;39.8;2.0;0.0;3.0;02/01/2018 17:05;10/06/2018 9:04;5.266666666666667;42.01;SP
vendeur 1539;7cb946b1ad19faebe28c3e86c2794ec3;25.0;5.0;0.0;2.0;16/11/2017 21:01;16/11/2017 21:01;1.0;60.0;MG
vendeur 1540;7cf4ea70955b00d6b3c22542598e2715;189.9;5.0;0.0;1.0;19/07/2018 14:00;19/07/2018 14:00;1.0;60.03;SP
vendeur 1541;7d13fca15225358621be4086e1eb0964;121677.84;3.9983164983164974;0.1153846153846153;3.9866220735785953;14/02/2018 21:11;25/08/2018 13:51;6.366666666666666;70.42;SP
vendeur 1542;7d294cf9a6a69dc6a0c3e540fff0e039;360.15000000000003;4.571428571428571;0.0;1.8571428571428568;06/05/2018 20:37;01/08/2018 19:42;2.8666666666666667;57.49;SC
vendeur 1543;7d456afc660226829370f3173d14520c;8926.25;4.3125;0.0520833333333333;3.9166666666666665;06/10/2016 8:58;21/08/2018 18:47;22.8;55.77;SP
vendeur 1544;7d484ca289afaac6bf5fc6a1e96d2226;183.2;4.0;0.5;3.5;05/08/2018 13:27;17/08/2018 19:54;1.0;39.03;MS
vendeur 1545;7d76b645482be4a332374e8223836592;4075.27;3.913705583756345;0.100502512562814;1.8693467336683416;27/07/2017 20:53;14/08/2018 23:20;12.766666666666667;51.13;SP
vendeur 1546;7d7866a99a8656a42c7ff6352a433410;147.89;4.4;0.0;1.0;03/07/2018 23:18;29/08/2018 14:52;1.8666666666666667;56.42;SP
vendeur 1547;7d7d2b7a51328016102d4528c411d630;918.8;4.142857142857143;0.1428571428571428;4.0;07/04/2018 18:26;18/08/2018 8:17;4.4;50.72;SP
vendeur 1548;7d81e74a4755b552267cd5e081563028;32.5;4.0;0.0;1.0;20/08/2018 13:31;20/08/2018 13:31;1.0;54.0;SP
vendeur 1549;7d948535954aaf8c5d39db007f74372e;194.0;3.75;0.0;2.25;02/07/2017 18:28;08/04/2018 11:43;9.3;52.53;SP
vendeur 1550;7daca0837f033a41a6f3428c18657533;1426.88;3.75;0.25;1.875;19/04/2018 15:47;10/06/2018 14:08;1.7;45.23;SP
vendeur 1551;7dc8c42cc750eeafea6c85712ffee9bf;7979.68;4.2;0.0333333333333333;2.45;07/10/2016 19:02;28/08/2018 22:30;23.0;55.5;SP
vendeur 1552;7dc9a3355bae96dd82008b313d3a456c;899.0;5.0;0.0;1.0;20/06/2018 7:42;20/06/2018 7:42;1.0;60.15;MG
vendeur 1553;7ddcbb64b5bc1ef36ca8c151f6ec77df;60280.27;3.8783783783783785;0.0750670241286863;3.0857908847184987;19/07/2017 8:55;17/06/2018 14:13;11.1;60.87;SP
vendeur 1554;7dea6f73af847b42cc3985bd620f994d;324.0;4.0;0.0;3.0;04/08/2018 13:01;24/08/2018 21:42;1.0;54.05;PR
vendeur 1555;7df1fc11cc5cbc518b39faa60cf5d67c;1037.6;4.2;0.0;2.0;14/04/2018 10:39;24/07/2018 11:46;3.3666666666666667;55.37;MS
vendeur 1556;7e1fb0a3ebfb01ffb3a7dae98bf3238d;28005.53;4.1477272727272725;0.1292134831460674;3.061797752808989;04/02/2017 21:39;23/08/2018 19:57;18.8;55.59;SP
vendeur 1557;7e26c750b4cb9f6766f58265ff9ebe95;1344.3;4.407407407407407;0.0;2.703703703703704;03/02/2017 16:10;13/10/2017 12:42;8.366666666666667;56.66;MG
vendeur 1558;7e3dde9ffba72d5340f9aaf09b4424be;220.0;1.0;0.0;1.0;29/08/2017 17:18;29/08/2017 17:18;1.0;36.04;PR
vendeur 1559;7e3f87d16fb353f408d467e74fbd8014;4814.89;4.094736842105263;0.1157894736842105;1.5263157894736843;29/06/2017 10:43;26/08/2018 11:59;14.1;51.88;SP
vendeur 1560;7e79d65b5c6f1f544b7daea036acf720;517.8;4.5;0.0;3.5;14/06/2017 14:13;24/10/2017 12:11;4.366666666666666;57.08;SP
vendeur 1561;7e93a43ef30c4f03f38b393420bc753a;182878.17;4.210826210826211;0.0511363636363636;5.426136363636363;08/10/2016 1:28;13/07/2018 21:30;21.433333333333334;83.63;SP
vendeur 1562;7e959205cebc10adefcb331f934238a4;513.9000000000001;1.0;0.0;6.0;10/02/2017 11:11;25/02/2017 17:39;1.0;36.08;SP
vendeur 1563;7ea5bfa6c340f58f8e71fc1f0412b0d6;11949.3;4.081081081081081;0.0707964601769911;2.601769911504425;20/11/2017 16:35;11/08/2018 12:01;8.766666666666667;54.32;MG
vendeur 1564;7ecd59e5e20407131822c1a68ac59c1f;1516.7;4.466666666666667;0.1333333333333333;1.3;29/11/2017 10:51;03/08/2018 15:30;8.233333333333333;53.05;DF
vendeur 1565;7ecef8194babfec876ca720714327841;1050.3;4.2;0.1;2.9;15/10/2017 22:41;20/07/2018 18:38;9.233333333333333;52.37;SP
vendeur 1566;7f02656561b680def9986c0795a8a080;84.0;3.0;0.0;2.0;18/08/2017 13:19;22/09/2017 11:05;1.1333333333333333;48.01;SP
vendeur 1567;7f152321c60a266edc53af1925ef96c1;3919.8;3.8;0.3;2.9;29/08/2017 17:24;02/08/2018 18:04;11.266666666666667;44.44;SC
vendeur 1568;7f2617c58d5d06806987308b45654351;3656.8;3.869565217391304;0.0869565217391304;3.217391304347826;12/04/2017 22:14;21/06/2018 20:53;14.466666666666669;51.21;SP
vendeur 1569;7f35f9daf223da737b78738fbae4d977;252.0;4.0;0.0;2.2;18/06/2018 5:22;04/07/2018 18:15;1.0;54.04;SP
vendeur 1570;7f40d06aa0b5f1aa4f41af8c0480e2ef;1309.94;4.833333333333333;0.1666666666666666;6.333333333333333;09/08/2018 8:17;27/08/2018 19:21;1.0;54.21;SP
vendeur 1571;7f5e4d5efad7e44b91115dd1decb65f3;179.9;5.0;0.0;1.0;07/05/2018 12:46;29/07/2018 5:12;2.7333333333333334;60.03;SP
vendeur 1572;7f7b8245c336066a1f9933c359f11d77;2094.36;4.558139534883721;0.0232558139534883;1.8604651162790693;11/04/2018 16:00;17/08/2018 8:20;4.233333333333333;56.99;SP
vendeur 1573;7fc87cc3e89b3d1d5cabdca32f8485aa;2153.9;3.571428571428572;0.2857142857142857;2.9285714285714284;02/05/2018 12:35;02/08/2018 12:06;3.033333333333333;43.21;SP
vendeur 1574;7fdb0720c8d7c9075538b365dc8c3a22;1804.0;2.4;0.1;3.2;21/04/2018 11:38;22/07/2018 20:00;3.066666666666667;41.69;PR
vendeur 1575;7fe21dd00d2f4943ae09525efa2fd674;299.6;3.0;0.0;2.25;22/04/2017 0:20;06/08/2017 14:18;3.533333333333333;48.05;RJ
vendeur 1576;7ff588a03c2aeae4fbd23f9ae64b760d;1277.41;4.555555555555555;0.0;2.4444444444444446;06/06/2018 8:34;26/08/2018 21:47;2.7;57.54;SP
vendeur 1577;800214c63934acd05d47e84214db8ba8;329.5;5.0;0.0;1.0;31/03/2017 12:33;15/05/2017 8:58;1.4666666666666666;60.05;SC
vendeur 1578;80146bc52c4f6af5239b23de2a20262b;27.1;3.0;0.0;1.0;24/02/2017 13:50;24/02/2017 13:50;1.0;48.0;SP
vendeur 1579;804287717b9156fb7a787acd9af4fac1;18.8;5.0;0.0;3.0;07/06/2017 11:49;07/06/2017 11:49;1.0;60.0;PR
vendeur 1580;8060d731897e33b5c5ae575ce1e209e1;199.5;4.8;0.0;1.0;07/05/2018 10:09;14/07/2018 14:32;2.2666666666666666;58.83;SP
vendeur 1581;808d4348b916efa08e766ebad39f61eb;741.0;4.2727272727272725;0.0454545454545454;1.181818181818182;07/07/2018 19:45;22/08/2018 10:41;1.5;54.39;SP
vendeur 1582;8090490573c6c0aa343a7231ebcb8c86;4138.12;4.074074074074074;0.1111111111111111;3.185185185185185;01/09/2017 22:51;16/08/2018 10:27;11.6;51.79;SP
vendeur 1583;809413606dbfe5deefd2db646693ef67;196.68;4.2;0.0;2.2;05/11/2017 22:41;06/05/2018 20:41;6.033333333333333;55.23;SP
vendeur 1584;80ceebb4ee9b31afb6c6a916a574a1e2;6729.0;;1.0;1.0;25/07/2018 18:10;25/07/2018 18:10;1.0;;PR
vendeur 1585;80cfd480be3eb6d6267139f5cb793555;99.9;4.0;0.0;6.0;10/03/2017 10:34;10/03/2017 10:34;1.0;54.02;SP
vendeur 1586;80e6699fe29150b372a0c8a1ebf7dcc8;16134.38;4.357798165137615;0.0363636363636363;2.918181818181818;10/10/2016 16:00;13/05/2018 19:30;19.33333333333333;57.69;PR
vendeur 1587;80f2cf9abf6b5a0e5c612b5eea6646e6;766.08;4.428571428571429;0.1428571428571428;3.571428571428572;05/04/2018 8:21;21/07/2018 23:27;3.566666666666667;52.41;SP
vendeur 1588;8132b9bd16876e1b0f8808d43825dd48;727.9;2.333333333333333;0.0;4.333333333333333;05/05/2017 18:20;24/07/2017 13:22;2.6333333333333333;44.12;SC
vendeur 1589;813348c996469b40f2e028d5429d3495;11357.53;3.9751243781094527;0.0439024390243902;2.770731707317073;01/05/2017 14:48;24/04/2018 13:21;11.9;54.39;SP
vendeur 1590;81336a0f57a33776419727a300249e90;1374.85;3.684210526315789;0.2105263157894736;2.9473684210526314;19/07/2017 14:08;22/04/2018 22:07;9.233333333333333;46.01;SP
vendeur 1591;8160255418d5aaa7dbdc9f4c64ebda44;48838.19;3.8378995433789953;0.1726457399103139;4.381165919282512;09/10/2017 14:50;20/08/2018 10:29;10.466666666666669;55.83;SP
vendeur 1592;817245bcc3badd82bbd222e0366951a6;5580.5;4.073170731707317;0.0222222222222222;3.2;14/11/2017 22:19;17/07/2018 14:16;8.133333333333333;54.68;SP
vendeur 1593;81783131d2a97c8d44d406a4be81b5d9;1895.64;3.533333333333333;0.0625;4.0;27/07/2018 13:06;15/08/2018 10:06;1.0;49.63;SP
vendeur 1594;817f85dbb65aa3e70831d90fe75cdf89;1552.27;4.545454545454546;0.0;2.272727272727273;03/10/2016 22:44;15/03/2017 12:25;5.4;57.53;SP
vendeur 1595;8185694b58b2ba6de20fd41ae608bbea;1372.3;4.5;0.0;3.0;10/03/2018 12:45;11/08/2018 13:09;5.133333333333334;57.22;SP
vendeur 1596;818d28f936e791926d33bcb6ee94ef79;139.5;4.0;0.0;1.6;09/02/2017 21:19;24/05/2017 17:19;3.433333333333333;54.02;SP
vendeur 1597;81a1104df0f08b59c68aa5b03cfe398e;9810.67;4.27027027027027;0.0526315789473684;2.6578947368421053;21/05/2017 13:07;16/04/2018 18:51;11.0;55.65;PR
vendeur 1598;81ed90f07c0bacb7594940ba2ef676aa;223.9;4.5;0.0;1.5;25/10/2017 23:24;11/11/2017 16:51;1.0;57.04;MG
vendeur 1599;81f89e42267213cb94da7ddc301651da;4255.0;3.571428571428572;0.0;3.017857142857143;08/08/2018 12:45;27/08/2018 18:45;1.0;52.12;SP
vendeur 1600;820c7c9eaf76d2b226b6c242bcf3f34d;559.0;4.0;0.0;1.0;30/01/2017 17:33;30/01/2017 17:33;1.0;54.09;SP
vendeur 1601;820cc752a266cdc6c1a1e61dd4583330;2802.8;4.133333333333334;0.1333333333333333;3.333333333333333;31/01/2017 20:16;27/04/2018 13:39;15.0;51.26;PR
vendeur 1602;821fb029fc6e495ca4f08a35d51e53a5;19576.42;3.4827586206896552;0.3;5.7;21/01/2018 19:06;15/08/2018 19:03;6.833333333333333;45.1;SP
vendeur 1603;822166ed1e47908f7cfb49946d03c726;4475.55;4.163522012578617;0.0062111801242236;2.186335403726708;25/05/2017 0:33;22/07/2018 15:19;14.1;55.53;RJ
vendeur 1604;822b63912576852aea9a8436d72317b7;4905.6900000000005;4.0;0.0;5.888888888888889;04/10/2016 19:25;24/01/2017 13:02;3.7;54.8;SP
vendeur 1605;822bad9bc42b51213ba522fe87b7ab5d;5376.0;4.105263157894737;0.2631578947368421;4.368421052631579;10/08/2017 22:52;09/06/2018 10:48;10.066666666666666;47.62;SC
vendeur 1606;827f8f69dfa529c561901c4f2e0f332f;3623.69;4.220183486238532;0.09009009009009;1.6126126126126126;07/10/2016 14:15;19/03/2018 13:16;17.566666666666666;53.21;PR
vendeur 1607;82921991ff5b557b045605b8bbf08d49;18.9;5.0;0.0;1.0;05/08/2018 19:41;05/08/2018 19:41;1.0;60.0;SP
vendeur 1608;82bd0703a4aefd6b599e5bfdaed378fb;2771.28;3.6;0.04;3.04;04/10/2016 23:45;18/08/2017 8:57;10.566666666666666;50.85;SP
vendeur 1609;82cb9f452fe8334df74b22d37824b431;838.2;4.722222222222222;0.0;1.4444444444444444;11/04/2018 10:48;01/08/2018 15:01;3.733333333333333;58.47;RS
vendeur 1610;82e0a475a88cc9595229d8029273f045;11832.22;3.213483146067416;0.0561797752808988;3.842696629213483;22/02/2017 14:08;18/01/2018 2:11;10.966666666666669;49.53;SP
vendeur 1611;830379336fad8c6f3b15a4a3ddb5c66e;268.0;4.5;0.0;2.5;21/04/2018 17:34;24/07/2018 10:54;3.1;57.04;SP
vendeur 1612;83353a83fd769dfafa4f21a72b15e3e5;579.5;3.8;0.2;3.6;01/04/2017 17:31;17/12/2017 23:30;8.666666666666666;46.89;SP
vendeur 1613;834f3294fba9f932f56edc879193f925;40656.5;4.522388059701493;0.0597014925373134;5.850746268656716;10/05/2017 16:57;15/08/2018 9:57;15.366666666666667;61.99;SP
vendeur 1614;834f8533b2ecb6598dd004ff3de7203a;5096.389999999999;3.811320754716981;0.1509433962264151;2.452830188679245;17/01/2017 22:34;20/08/2018 20:13;19.3;49.17;SP
vendeur 1615;835f0f7810c76831d6c7d24c7a646d4d;5409.6;3.1481481481481484;0.3518518518518518;4.518518518518518;11/02/2017 21:54;13/02/2018 16:23;12.2;39.22;SP
vendeur 1616;83645b1645cdee8953ee54c29ceed564;978.9;4.428571428571429;0.0;2.7857142857142856;12/03/2017 12:24;04/08/2018 20:00;17.0;56.73;PR
vendeur 1617;8378eb36b6b70c5734e83ad7b8cdc3b7;1714.8;3.769230769230769;0.2307692307692307;5.307692307692308;20/12/2017 10:19;02/07/2018 21:10;6.466666666666667;45.97;SC
vendeur 1618;83a75eea11694e36e56dd0cb2240229a;487.0;5.0;0.0;3.6666666666666665;25/02/2018 20:10;18/04/2018 13:43;1.7;60.08;SP
vendeur 1619;83b08de96980757220871b31bf6cffca;1304.17;4.285714285714286;0.2857142857142857;5.285714285714286;13/10/2017 15:52;07/05/2018 10:08;6.833333333333333;47.36;RJ
vendeur 1620;83c465a786b06574376909b35ef6752a;281.4;5.0;0.0;2.333333333333333;25/06/2018 20:24;16/08/2018 18:56;1.7;60.05;SP
vendeur 1621;83c8aafbefb034674a70de0eac5b8954;134.9;5.0;0.0;1.0;28/03/2018 21:35;10/07/2018 10:30;3.433333333333333;60.02;PR
vendeur 1622;83d458c0d6d4f94295d63f091460bd60;89.9;5.0;0.0;1.0;06/03/2017 19:54;06/03/2017 19:54;1.0;60.01;SP
vendeur 1623;83d7070a0b9a8b4625fa8682b819fabb;694.77;1.0;0.0;9.0;23/03/2018 17:02;02/04/2018 18:20;1.0;36.11;SP
vendeur 1624;83deb69e889cf80f82be1dc6d5f2d486;5363.01;4.357142857142857;0.0476190476190476;2.761904761904762;17/07/2017 22:19;12/08/2018 18:45;13.0;55.59;SC
vendeur 1625;83e197e95a1bbabc8c75e883ed016c47;6816.1900000000005;4.732142857142857;0.0178571428571428;3.696428571428572;09/10/2016 10:34;27/02/2018 19:17;16.866666666666667;58.97;RJ
vendeur 1626;83f2b4881141ce3fcd4e985125d3279e;95.6;5.0;0.25;2.0;24/01/2018 8:45;18/03/2018 14:49;1.7666666666666666;52.52;SP
vendeur 1627;8444e55c1f13cd5c179851e5ca5ebd00;24346.38;3.1043478260869564;0.0956521739130434;4.043478260869565;13/03/2017 23:13;05/07/2018 17:01;15.933333333333334;49.74;MG
vendeur 1628;845e8036c3f7bf62099352f5ed910240;2219.7000000000003;3.5454545454545454;0.0;2.1515151515151514;25/05/2018 22:07;24/08/2018 16:35;3.0;51.64;RJ
vendeur 1629;8476243f92442881ddd5b578975cf115;8667.0;3.8461538461538463;0.1538461538461538;5.615384615384615;14/03/2018 10:12;14/08/2018 17:50;5.1;49.88;RS
vendeur 1630;84c945f15571830c1a91a33978e94009;51.98;4.5;0.0;2.0;20/03/2017 23:42;14/05/2017 8:39;1.8;57.01;SP
vendeur 1631;84deb808079d1be601c209c1e771b1cc;46.83;5.0;0.0;1.0;05/09/2017 11:07;27/11/2017 21:29;2.7666666666666666;60.01;PR
vendeur 1632;8501d82f68d23148b6d78bb7c4a42037;19.7;1.0;0.0;1.0;11/03/2017 19:51;11/03/2017 19:51;1.0;36.0;SC
vendeur 1633;85044848b1b767db2a4a58526adef4b4;240.6;3.25;0.0;1.75;07/04/2018 19:30;13/07/2018 14:02;3.2;49.54;SP
vendeur 1634;850857dfac77488c307e2b1cbd84ab5a;1599.0;5.0;0.0;7.0;12/06/2018 21:05;12/06/2018 21:05;1.0;60.26;PR
vendeur 1635;850913d59ce317156b00f3705f1c3edb;2690.0;3.3529411764705883;0.1470588235294117;1.6470588235294117;07/03/2018 12:24;27/07/2018 16:20;4.733333333333333;46.15;SP
vendeur 1636;850f4f8af5ea87287ac68de36e29107f;45583.25;4.265625;0.0714285714285714;3.7857142857142856;10/04/2017 23:29;27/06/2018 11:10;14.733333333333333;60.9;SP
vendeur 1637;851773c885feb5e2da3b4f82bc2b17ce;685.2;4.181818181818182;0.1818181818181818;3.0;08/02/2018 13:55;26/08/2018 13:33;6.6;49.75;SP
vendeur 1638;855668e0971d4dfd7bef1b6a4133b41b;33656.14;3.747747747747748;0.1272189349112426;2.8905325443786984;02/05/2017 13:41;26/08/2018 11:01;16.0;54.17;SP
vendeur 1639;8581055ce74af1daba164fdbd55a40de;67978.0;4.236323851203501;0.093886462882096;3.572052401746725;18/01/2017 17:44;18/04/2018 20:55;15.166666666666666;63.72;SP
vendeur 1640;85cc55e048b6bcc90c75afe7f0e72f72;308.28;4.444444444444445;0.2222222222222222;1.4444444444444444;07/05/2018 0:06;25/07/2018 21:36;2.6333333333333333;50.05;RJ
vendeur 1641;85d9eb9ddc5d00ca9336a2219c97bb13;16303.44;4.198905109489052;0.0326678765880217;1.7767695099818512;06/10/2016 9:07;19/08/2018 22:46;22.73333333333333;56.88;MG
vendeur 1642;85e7c62c1d6ea078c3897424f867a7c8;60.0;4.5;0.0;1.0;27/12/2017 19:48;17/01/2018 16:46;1.0;57.01;SC
vendeur 1643;85ecf03781da592876b7844acc1b729f;251.0;4.5;0.5;2.5;18/07/2018 15:14;04/08/2018 22:12;1.0;42.04;SP
vendeur 1644;8602a61d680a10a82cceeeda0d99ea3d;973.98;4.363636363636363;0.0454545454545454;3.409090909090909;04/08/2017 16:41;02/08/2018 16:31;12.066666666666666;54.98;SP
vendeur 1645;8603f0038fe0e52fedd3382d266723de;2355.0;4.4;0.0;4.1;24/04/2017 17:42;24/01/2018 17:02;9.133333333333333;56.78;SC
vendeur 1646;8629a7efec1aab257e58cda559f03ba7;45.22;1.0;1.0;1.0;16/02/2018 13:56;16/02/2018 13:56;1.0;6.01;GO
vendeur 1647;8629c241b3622ac12cd4118afdc8d394;1167.66;4.076923076923077;0.0769230769230769;3.1538461538461537;19/03/2018 16:11;10/07/2018 17:45;3.7666666666666666;52.34;SP
vendeur 1648;863d2ebcd347ce4922de7a0f9a5581d6;1482.36;4.0;0.15;2.0;04/07/2017 17:45;13/08/2018 14:51;13.466666666666669;49.74;RJ
vendeur 1649;8648b1e89e9b349e32d3741b30ec737e;7764.85;4.05607476635514;0.102803738317757;1.719626168224299;28/09/2017 8:26;26/08/2018 21:18;11.066666666666666;52.52;SP
vendeur 1650;86649b1632b1c0e6c0bcb2c90a8b75d8;59.99;1.0;0.0;1.0;25/08/2017 19:10;25/08/2017 19:10;1.0;36.01;PR
vendeur 1651;866558b3bccef2dbc6d29a2b5995016f;1519.4;4.666666666666667;0.0;10.333333333333334;22/10/2017 14:36;20/07/2018 17:57;9.033333333333331;58.25;PR
vendeur 1652;86bb7c4b535e49a541baf3266b1c95b1;8162.4;3.2;0.1875;6.3125;04/10/2016 13:45;05/02/2018 12:56;16.266666666666666;44.91;SP
vendeur 1653;86bf77bdb52e615674772d5817c6212f;281.8;4.8;0.0;2.2;24/04/2018 18:39;31/07/2018 21:12;3.2666666666666666;58.85;RS
vendeur 1654;86ccac0b835037332a596a33b6949ee1;17515.71;3.9954128440366974;0.0272727272727272;2.4318181818181817;22/03/2017 17:23;30/07/2018 16:32;16.466666666666665;56.02;SC
vendeur 1655;86ff3eaef0267069cc891a2ed9d10a17;409.75;4.714285714285714;0.0;3.0;17/04/2018 15:19;08/07/2018 21:08;2.7333333333333334;58.35;SC
vendeur 1656;870d0118f7a9d85960f29ad89d5d989a;3518.58;4.130434782608695;0.0434782608695652;3.869565217391304;08/04/2017 20:38;27/08/2018 9:19;16.833333333333332;54.05;MG
vendeur 1657;87142160b41353c4e5fca2360caf6f92;32159.28;4.363636363636363;0.0538243626062322;2.7393767705382435;03/02/2017 16:25;21/08/2018 21:53;18.8;59.83;RS
vendeur 1658;8759e7aedd644f487315e5860962f162;627.0;3.6666666666666665;0.3333333333333333;1.6666666666666667;28/11/2017 14:16;27/12/2017 17:50;1.0;42.1;SP
vendeur 1659;876182d1918783bbe15233febfbd4926;120.27;4.0;0.0;1.3333333333333333;15/05/2017 13:51;27/02/2018 22:26;9.6;54.02;SP
vendeur 1660;87b4428a334b8f676fd9a7f3bf544fb5;59.98;5.0;0.0;1.0;13/08/2018 19:22;13/08/2018 19:22;1.0;60.01;SP
vendeur 1661;87b740daf17b5d1be335a64164ec6842;16099.86;3.357142857142857;0.1428571428571428;8.428571428571429;06/10/2016 13:24;15/03/2018 15:58;17.5;48.49;SP
vendeur 1662;87d30a6a0cbf89356e49324971ab1d24;2134.13;4.352941176470588;0.0588235294117647;1.8235294117647056;21/12/2017 13:48;20/06/2018 20:25;6.033333333333333;54.7;SP
vendeur 1663;87d3c3aeb3ead335511b3ce315eb341e;749.3499999999999;3.5;0.0666666666666666;1.4666666666666666;13/06/2018 14:35;17/08/2018 7:44;2.1333333333333333;49.12;SP
vendeur 1664;87d73636a3acf123e842bb890a4db036;269.9;5.0;0.0;1.0;25/07/2018 15:17;25/07/2018 15:17;1.0;60.04;SP
vendeur 1665;87e24fc7052259b1f7f607d61c10d8be;7473.49;3.5;0.125;4.0;15/05/2018 13:18;14/08/2018 11:15;3.0;48.47;SP
vendeur 1666;87f3e35268860433e13d577825aada95;161.7;1.0;0.0;1.0;05/10/2016 20:20;15/06/2017 22:25;8.433333333333334;36.03;SP
vendeur 1667;880ce4951cf857ab1d9e0b75c1d856f4;178.9;5.0;0.0;3.0;13/02/2018 21:06;13/02/2018 21:06;1.0;60.03;MG
vendeur 1668;880eda903e719a5f179f7e9fceb3a69d;249.0;1.0;0.0;5.0;07/08/2018 14:27;07/08/2018 14:27;1.0;36.04;SP
vendeur 1669;883dd81e82754ac2c65e9790a7db8c9a;319.5;4.4;0.0;1.4;23/10/2017 19:51;23/06/2018 19:04;8.066666666666666;56.45;PR
vendeur 1670;88460e8ebdecbfecb5f9601833981930;33104.6;3.3765822784810124;0.1861198738170347;1.8580441640378549;21/11/2017 12:32;17/08/2018 7:01;8.933333333333334;50.09;PR
vendeur 1671;888faa8bfb0b159c37de6d898b961c31;2418.3;3.869565217391304;0.0;4.260869565217392;07/08/2017 14:10;22/08/2018 9:20;12.633333333333333;53.61;SC
vendeur 1672;889009a0ed0bb52c87819941192931b8;89.9;4.0;0.0;10.0;01/06/2017 11:59;01/06/2017 11:59;1.0;54.01;SP
vendeur 1673;88ae906ea2acf6971f26c3e8b7cb4357;246.0;3.333333333333333;0.3333333333333333;1.3333333333333333;27/04/2018 14:42;11/05/2018 14:39;1.0;40.04;SP
vendeur 1674;88af55b4a7ca402b27df16f7c7c9b5d2;130.0;1.0;0.0;2.0;30/03/2017 15:23;30/03/2017 15:23;1.0;36.02;SP
vendeur 1675;88cd3681e0a2ba85e190f7d817629c4c;180.0;4.0;0.0;4.0;15/08/2018 21:09;15/08/2018 21:09;1.0;54.03;SC
vendeur 1676;88cf19ec1fc2c58f161aee259d57142c;1507.96;4.466666666666667;0.0;2.1333333333333333;20/05/2018 17:16;20/08/2018 18:44;3.066666666666667;57.05;SP
vendeur 1677;88ef59b51bdaa941d10a853429f2b6ce;252.9;2.0;0.0;2.5;04/07/2018 14:05;18/08/2018 20:16;1.5;42.04;PR
vendeur 1678;891071be6ba827b591264c90c2ae8a63;4597.26;3.787037037037037;0.1388888888888889;1.7314814814814814;24/01/2017 21:16;23/08/2018 11:37;19.166666666666668;49.31;SP
vendeur 1679;8931a84a914b3fe9b1ddaa4d704947ca;4668.3;3.774193548387097;0.15625;3.125;29/03/2017 2:00;19/07/2018 22:57;15.9;48.72;SP
vendeur 1680;8936ba0de1073ee888cb3185ae5dc661;389.99;5.0;0.0;1.0;05/04/2017 8:53;05/04/2017 8:53;1.0;60.06;SP
vendeur 1681;897060da8b9a21f655304d50fd935913;24700.97;3.436651583710407;0.1121076233183856;1.8385650224215249;04/10/2016 13:02;14/06/2018 15:22;20.6;51.3;SP
vendeur 1682;89757206b887aed36f3e18d858460fea;120.5;5.0;0.0;3.5;03/05/2018 11:45;04/07/2018 21:45;2.066666666666667;60.02;SP
vendeur 1683;89a51f50b8095ea78d5768f34c13a76f;687.16;4.666666666666667;0.0;2.9166666666666665;24/04/2018 15:34;31/07/2018 20:54;3.2666666666666666;58.11;DF
vendeur 1684;89ad3263c0931c47f976d7c5778e60f6;568.2;4.166666666666667;0.0;3.333333333333333;25/06/2018 10:02;28/07/2018 14:44;1.1;55.09;SP
vendeur 1685;89bc797e2e29667aa035d4368f9b7f92;407.3;3.75;0.15;2.45;05/10/2016 13:12;10/04/2017 16:11;6.233333333333333;48.07;SP
vendeur 1686;89c127985a8b130cfa45c1d36764017a;1719.56;2.7142857142857144;0.0;4.25;30/06/2017 10:13;11/02/2018 20:30;7.533333333333333;46.57;SP
vendeur 1687;89d9a386b0b6e5fc8403071b03f7206a;167.0;3.4;0.0;8.2;10/02/2018 12:07;12/02/2018 22:38;1.0;50.43;SP
vendeur 1688;89dda63a3c907c468ec88c310ed91213;734.99;3.0;0.0;2.0;08/04/2018 9:41;11/04/2018 10:45;1.0;48.12;SP
vendeur 1689;89de2d6f23e9746ff309705b23581faa;340.0;2.7142857142857144;0.0;1.0;16/07/2018 18:40;03/08/2018 17:53;1.0;46.34;PR
vendeur 1690;89f69225956f951295ca4c7fb1266553;1041.3;4.333333333333333;0.0833333333333333;3.083333333333333;13/05/2018 21:20;14/08/2018 0:04;3.066666666666667;53.67;RJ
vendeur 1691;8a130737016f838139d31878787a39c9;5172.53;4.461538461538462;0.0512820512820512;1.7564102564102564;07/12/2017 10:53;20/07/2018 21:57;7.5;56.08;SP
vendeur 1692;8a1ff5c35f6595a73fef4c7b96e4908a;1598.0;5.0;0.0;2.0;09/06/2018 11:41;01/08/2018 11:56;1.7666666666666666;60.26;PR
vendeur 1693;8a207b6080964f3c1fc9d35bd6096ba4;553.7;5.0;0.3333333333333333;7.0;20/09/2017 11:20;03/11/2017 11:10;1.4333333333333331;50.09;SP
vendeur 1694;8a2d12a90e92f012ce5226fc6592b653;1713.65;4.611111111111111;0.0;2.6842105263157894;23/12/2017 13:03;24/08/2018 0:01;8.1;57.95;PR
vendeur 1695;8a32e327fe2c1b3511609d81aaf9f042;6898.91;3.824468085106383;0.0526315789473684;2.5894736842105264;07/10/2016 22:51;23/02/2018 11:16;16.766666666666666;52.5;SP
vendeur 1696;8a40ae794fa3f9892cee24bd5af0488b;739.85;3.1666666666666665;0.3333333333333333;2.833333333333333;12/06/2017 22:07;19/06/2018 14:04;12.366666666666667;39.12;PR
vendeur 1697;8a43128d7f9a3db592b866e6861a6cce;990.6;2.0;0.0;3.5;25/06/2018 20:37;23/08/2018 9:57;1.933333333333333;42.16;SP
vendeur 1698;8a432f4e5b471f8da497d7dc517666e2;8136.0;4.243243243243243;0.0619469026548672;3.769911504424779;05/04/2018 11:05;28/08/2018 11:16;4.833333333333333;54.93;SP
vendeur 1699;8a87611c08849ffeeccab52aa798b6c7;2369.8;2.642857142857143;0.0;2.9285714285714284;26/01/2017 23:48;04/03/2017 20:05;1.2;46.24;PR
vendeur 1700;8a8835a43bda99fd37310ad76c457510;224.34;4.333333333333333;0.0;4.0;16/07/2018 18:39;02/08/2018 18:50;1.0;56.04;SP
vendeur 1701;8a9260f2b0340411d6d2a56bcf4f7378;1256.0;4.777777777777778;0.1111111111111111;2.111111111111111;17/02/2018 2:10;17/08/2018 13:48;6.033333333333333;55.54;MG
vendeur 1702;8ab42aa58097fd4668d60cc648225d5f;2616.75;4.153846153846154;0.0;4.038461538461538;11/10/2017 9:18;03/08/2018 12:58;9.866666666666667;55.35;GO
vendeur 1703;8ae520247981aa06bc94abddf5f46d34;17498.96;4.428571428571429;0.0142857142857142;4.285714285714286;01/11/2017 22:26;20/08/2018 22:45;9.733333333333333;59.0;SC
vendeur 1704;8b11118053756a9a2932f447e11fc1b5;79.99;3.0;0.0;7.0;06/10/2016 22:34;06/10/2016 22:34;1.0;48.01;SP
vendeur 1705;8b181ee5518df84f18f4e1a43fe07923;83.69999999999999;5.0;0.0;1.0;30/05/2018 9:21;30/05/2018 9:21;1.0;60.01;SP
vendeur 1706;8b2492b7ff4468839593fafeed55bad9;3668.51;3.9130434782608696;0.108695652173913;1.673913043478261;29/08/2017 8:50;30/07/2018 9:08;11.166666666666666;50.82;RJ
vendeur 1707;8b28d096634035667e8263d57ba3368c;9775.1;3.893081761006289;0.1341463414634146;2.664634146341464;28/02/2017 14:56;19/07/2018 17:43;16.866666666666667;50.93;SP
vendeur 1708;8b2d4ab22f42c5cfc338b846decfda60;458.0;4.777777777777778;0.0;1.6666666666666667;28/03/2018 0:32;20/08/2018 0:11;4.8;58.74;PR
vendeur 1709;8b321bb669392f5163d04c59e235e066;17757.62;3.995131450827653;0.1028128031037827;1.1988360814742969;27/10/2017 15:34;21/08/2018 16:45;9.933333333333334;53.79;SP
vendeur 1710;8b655f0855926bcb49f5835d38dfddf6;1089.5;4.8;0.2;6.2;13/05/2018 12:51;17/08/2018 10:55;3.1666666666666665;52.98;SP
vendeur 1711;8b87cd0d43d49b9bdf40f56229364d59;1552.9;2.6;0.0;3.4;10/10/2017 0:45;04/12/2017 17:22;1.8333333333333333;45.85;SP
vendeur 1712;8b8cfc8305aa441e4239358c9f6f2485;11892.0;4.2;0.1333333333333333;7.0;29/01/2017 21:40;11/04/2018 10:48;14.533333333333331;53.14;PR
vendeur 1713;8b9d6eec4a7eb7d0f9d579ce0b38324d;4232.54;4.056603773584905;0.1509433962264151;2.5849056603773586;13/05/2018 23:56;20/08/2018 16:50;3.2666666666666666;50.5;RJ
vendeur 1714;8bb48dc19fccaa8613b6229bf7f452a2;4320.72;4.363636363636363;0.0202020202020202;2.141414141414141;17/10/2017 22:02;23/07/2018 14:45;9.266666666666667;56.28;SP
vendeur 1715;8bd0e3abda539b9479c4b44a691be1ec;644.95;1.9285714285714288;0.2857142857142857;3.357142857142857;29/05/2017 19:02;06/01/2018 23:02;7.4;33.1;RS
vendeur 1716;8bd0f31cf0a614c658f6763bd02dea69;4655.33;4.228571428571429;0.0277777777777777;2.9722222222222223;18/01/2017 10:55;16/08/2018 20:32;19.166666666666668;55.3;SP
vendeur 1717;8bdd8e3fd58bafa48af76b2c5fd71974;2554.7200000000003;4.583333333333333;0.0833333333333333;3.5;12/01/2018 20:53;05/08/2018 14:50;6.8;55.42;SP
vendeur 1718;8c0de775f52fe41590b376a3b7c50f68;672.7;3.888888888888889;0.0;1.3333333333333333;15/03/2018 22:24;03/07/2018 15:02;3.633333333333333;53.44;SP
vendeur 1719;8c16d1f32a54d92897cc437244442e1b;5847.67;4.3;0.0163934426229508;2.1065573770491803;05/10/2016 8:01;24/08/2018 11:44;22.933333333333334;56.26;SC
vendeur 1720;8c351ed7c326c62123318f4f3246e906;114.9;5.0;0.0;1.0;27/12/2017 9:08;18/08/2018 23:03;7.8;60.02;SP
vendeur 1721;8c3b533c63cca56240f94f1e3a6b18ef;3312.16;1.3333333333333333;0.5;8.125;05/02/2017 18:47;06/08/2017 20:49;6.066666666666666;23.54;MG
vendeur 1722;8c5e007d7bd5693fa1386ffefbc99f6c;1029.11;4.166666666666667;0.0;4.166666666666667;05/06/2018 16:09;19/08/2018 20:45;2.5;55.17;SP
vendeur 1723;8c91bfea4263b8fba54081460693e2a1;739.0;5.0;0.0;4.0;05/02/2017 21:37;20/02/2017 16:53;1.0;60.12;RS
vendeur 1724;8c9348f33ae3dada25c99c99ade2af78;395.98;5.0;0.0;1.0;19/06/2018 11:34;26/07/2018 20:18;1.2333333333333334;60.06;SP
vendeur 1725;8ca1551acf9832a4cf467bbbac15851f;2176.4;3.6666666666666665;0.1666666666666666;2.833333333333333;27/02/2018 12:04;15/08/2018 17:18;5.633333333333334;47.36;PR
vendeur 1726;8ca5b19e0263150d2c57afdde2b3d011;180.6;4.75;0.0;1.25;26/10/2017 12:58;23/11/2017 11:03;1.0;58.53;SP
vendeur 1727;8cb7c5ddf41f4d506eba76e9a4702a25;138.0;3.0;0.0;1.5;07/02/2018 22:52;20/04/2018 11:20;2.3666666666666667;48.02;GO
vendeur 1728;8cbac7e12637ed9cffa18c7875207478;3148.46;4.162790697674419;0.0465116279069767;1.988372093023256;26/01/2017 14:29;27/08/2018 18:25;19.266666666666666;54.1;SC
vendeur 1729;8cc6a0e5738e61a87b03c78b2ba9db4b;13407.3;4.185185185185185;0.074074074074074;5.555555555555555;02/02/2017 12:25;28/04/2017 15:54;2.833333333333333;55.08;MG
vendeur 1730;8ccf3cf69651cc1d8a02c8bfaf3b8568;250.0;3.5;0.5;6.5;22/04/2017 20:02;11/05/2017 18:33;1.0;36.04;SP
vendeur 1731;8cf21434553b02cbd37c0bbd07e041b0;94.98;2.5;0.0;2.0;24/11/2017 15:16;15/03/2018 14:49;3.6666666666666665;45.01;SC
vendeur 1732;8d46553a36e68f95350a200c12f8f2e2;760.5;3.235294117647059;0.0;1.4705882352941178;19/08/2017 10:08;15/03/2018 17:34;6.933333333333334;49.54;SP
vendeur 1733;8d79c8a04e42d722a75097ce5cbcf2ef;3019.54;4.457142857142857;0.1428571428571428;2.3142857142857145;27/01/2017 22:02;15/03/2018 10:37;13.7;52.95;CE
vendeur 1734;8d899e15a5925f097cca50faa49b15e3;645.0;2.5;0.6;1.2;28/05/2018 11:02;17/08/2018 12:58;2.7;27.1;SP
vendeur 1735;8d92f3ea807b89465643c219455e7369;121.2;1.0;0.875;1.375;25/01/2017 16:38;26/02/2017 5:12;1.0333333333333334;9.77;SP
vendeur 1736;8d956fec2e4337affcb520f56fd8cbfd;11871.84;4.110204081632653;0.0979591836734693;1.6693877551020408;12/10/2017 9:04;26/08/2018 18:03;10.6;53.66;SP
vendeur 1737;8daab2245ebdc277c51098d01c5ad8ef;1604.59;4.625;0.0625;3.875;04/04/2018 22:25;22/08/2018 13:49;4.633333333333334;56.14;SP
vendeur 1738;8dd386be0767c330276ea6a3f96532d3;89.98;5.0;0.0;2.0;10/08/2018 21:14;10/08/2018 21:14;1.0;60.01;SC
vendeur 1739;8de8fe3af4449ed695d2434c933ed73e;2090.0;5.0;0.0;1.0;04/08/2018 15:52;04/08/2018 15:52;1.0;60.34;SP
vendeur 1740;8def3db7f272735afb2ecd03aeca09a7;196.0;5.0;0.0;1.5;30/07/2018 8:36;06/08/2018 19:11;1.0;60.03;RJ
vendeur 1741;8dfbc5ff27df12f6cef751d3b9554222;226.0;4.5;0.0;1.75;15/05/2018 11:48;15/08/2018 19:46;3.066666666666667;57.04;PR
vendeur 1742;8e29d051f810eb22959ede205b462b9f;599.8;4.0;0.5;2.0;10/06/2018 14:03;19/06/2018 13:38;1.0;39.1;SP
vendeur 1743;8e2b3afb420011ef0c88c9d5f11ea526;1384.5;4.2727272727272725;0.0909090909090909;1.4545454545454546;13/11/2017 22:31;29/01/2018 21:49;2.533333333333333;53.13;SP
vendeur 1744;8e34331b7eedd03be4e5d965c1956225;145.0;4.8;0.2;1.0;22/01/2018 11:43;05/07/2018 14:24;5.466666666666667;52.82;SP
vendeur 1745;8e4f041ff58e7845456d3482524014b3;133.8;3.0;0.5;5.5;06/02/2018 16:04;03/03/2018 19:36;1.0;33.02;RS
vendeur 1746;8e670472e453ba34a379331513d6aab1;975.0;1.0;1.0;7.0;06/09/2017 17:07;06/09/2017 17:07;1.0;6.16;MG
vendeur 1747;8e6cc767478edae941d9bd9eb778d77a;8047.82;3.945736434108527;0.0610687022900763;2.717557251908397;29/01/2017 19:08;19/06/2018 22:39;16.866666666666667;53.16;MG
vendeur 1748;8e6d7754bc7e0f22c96d255ebda59eba;14887.25;3.0148148148148146;0.1259259259259259;1.6666666666666667;30/12/2017 16:52;26/08/2018 4:52;7.933333333333334;46.74;SP
vendeur 1749;8e8a7ce9f2f970dc00e2acf6f6e199f6;9236.0;4.0;0.1044776119402985;1.7462686567164178;30/11/2017 16:02;21/08/2018 8:16;8.766666666666667;52.38;RJ
vendeur 1750;8ea394aed8138685abe1eb9f25e1021d;1340.0;4.0;0.0;10.0;30/12/2017 10:29;07/06/2018 11:31;5.3;54.22;SP
vendeur 1751;8eb88b0acb3f90a717ad659221471fa7;119.8;4.5;0.0;4.0;19/09/2017 9:59;04/02/2018 17:52;4.6;57.02;SC
vendeur 1752;8ec76bb0965af3f007692b26fa9d6623;1999.0;5.0;0.0;1.0;17/11/2017 15:31;17/11/2017 15:31;1.0;60.33;SC
vendeur 1753;8ed8ea9a57c862f2c18c2fe41f601d56;4030.9;4.45;0.0;4.0;11/04/2018 11:48;10/06/2018 14:06;2.0;57.36;SC
vendeur 1754;8f0fbe2cd4d472157dc1cdef6edecaa9;71.88;3.0;0.0;1.0;14/07/2017 9:21;11/09/2017 22:51;1.9666666666666663;48.01;SP
vendeur 1755;8f119a0aee85c0c8fc534629734e94fd;3733.68;4.216867469879518;0.0602409638554216;2.542168674698796;05/01/2017 19:52;10/08/2018 21:02;19.4;54.1;SP
vendeur 1756;8f2b51a30523cdecddc2f179f351c7d6;1027.9;3.875;0.0;5.25;13/04/2017 16:53;01/07/2017 18:50;2.6333333333333333;53.42;SP
vendeur 1757;8f2ce03f928b567e3d56181ae20ae952;21812.8;4.057142857142857;0.1420454545454545;2.034090909090909;30/04/2017 19:04;24/08/2018 17:54;16.0;53.65;SP
vendeur 1758;8f54d64f28a993550aa7943f12572959;2755.5;3.8125;0.0625;2.4375;10/11/2017 20:15;15/08/2018 19:05;9.233333333333333;51.45;MG
vendeur 1759;8f580d36c1e9d6fbce95283403c7d447;4813.25;4.375;0.125;4.375;18/12/2017 9:12;14/08/2018 16:04;7.966666666666667;53.29;SP
vendeur 1760;8f78f0903005064036736c7173a5c2ed;2223.5;3.260869565217391;0.0434782608695652;5.304347826086956;12/04/2017 11:35;29/07/2018 22:38;15.766666666666667;48.62;MG
vendeur 1761;8fb67a334bacec338885b4e9e1708073;59.9;5.0;0.0;3.0;15/07/2018 12:57;15/07/2018 12:57;1.0;60.01;PR
vendeur 1762;8fb791022c1fc8909664f48ab7dc636d;8119.95;4.2;0.0;8.8;04/07/2018 13:44;22/07/2018 16:56;1.0;56.53;SP
vendeur 1763;8fbd63429be6d3e5e6d1a709b6464802;1211.4;4.666666666666667;0.0;2.2222222222222223;18/04/2018 0:27;28/06/2018 9:17;2.3666666666666667;58.2;SP
vendeur 1764;8fbe2ee446b97e128471be4ce983dc0d;148.5;3.0;0.3333333333333333;2.0;19/06/2018 14:01;01/08/2018 12:52;1.4;38.02;SP
vendeur 1765;8fd3b4468f6425810648177996c14cbd;354.9;5.0;0.0;5.0;13/06/2018 11:33;13/06/2018 11:33;1.0;60.06;SP
vendeur 1766;8fdca8e349553f99bc738833a62c8802;989.34;4.357142857142857;0.0344827586206896;2.6206896551724137;06/10/2016 12:51;09/08/2017 10:26;10.2;55.27;SP
vendeur 1767;8fe8786ee000001ab51d030dfd4a7bf1;2255.0;4.6;0.0;6.8;20/11/2017 20:34;22/06/2018 21:16;7.133333333333334;57.97;SC
vendeur 1768;8fec2e460530482132c436cfb5439925;468.46;3.8;0.6;1.6;29/01/2018 17:16;22/02/2018 9:54;1.0;34.88;SP
vendeur 1769;8ff1a9df749e454105c55cda13e79143;1840.1;3.9375;0.0;1.7894736842105263;06/11/2017 23:31;22/06/2018 16:18;7.566666666666666;53.93;SP
vendeur 1770;8ff38bc3969e67c36c48343a07090f66;5208.0;3.0;0.0;8.333333333333334;01/08/2017 9:24;29/09/2017 13:19;1.9666666666666663;48.85;SP
vendeur 1771;8fff28c4263ddec387f28d237fb42773;589.3;3.2857142857142856;0.0;2.142857142857143;25/02/2017 10:11;21/08/2018 8:23;18.03333333333333;49.81;SP
vendeur 1772;900ba814c251a692506d7834c1218441;29965.65;4.1477272727272725;0.1538461538461538;4.736263736263736;04/07/2017 13:25;25/08/2018 18:52;13.9;55.17;SP
vendeur 1773;901b460cdce0c64e471230d7f2f9f3a3;1904.0;4.4;0.0;7.8;18/10/2017 20:37;15/07/2018 7:05;8.966666666666667;56.71;RS
vendeur 1774;902c99f1ac505c0d18778b61bcd636f7;157.96;4.0;0.0;3.75;18/07/2018 20:38;10/08/2018 16:55;1.0;54.03;SP
vendeur 1775;903037660cf848a717166eb7a06d616e;8123.9;3.741935483870968;0.1612903225806451;2.8548387096774195;23/01/2017 21:38;13/08/2018 17:23;18.866666666666667;48.94;SP
vendeur 1776;90b36c5aeb728d5504a39f435bef0c5f;207.86;3.2857142857142856;0.0;1.5714285714285714;11/07/2018 10:34;02/08/2018 14:29;1.0;49.75;SP
vendeur 1777;90b57083da5d803237da74daec6dcb2b;206.9;5.0;0.0;2.0;28/01/2018 1:08;16/04/2018 16:44;2.6;60.03;PR
vendeur 1778;90d4125885ab6c86e8820a722be71974;1299.5500000000002;1.0;0.0;9.0;13/04/2018 5:18;13/04/2018 10:52;1.0;36.21;SP
vendeur 1779;910a922b426b7ff95eaee129ad6c0e1f;119.8;5.0;0.0;1.0;04/04/2018 12:36;11/04/2018 21:06;1.0;60.02;SP
vendeur 1780;913fd0ebba70bb919f7254a02239173c;159.9;1.0;0.0;3.0;25/07/2018 6:18;25/07/2018 6:18;1.0;36.03;SC
vendeur 1781;9140bd1d9de28b197dce077bdd687438;1780.87;4.038461538461538;0.0;1.5;21/05/2018 21:49;10/08/2018 10:10;2.6666666666666665;54.52;SP
vendeur 1782;9140ef75cc8211c4035935e80e567204;49.9;5.0;0.0;3.0;01/08/2018 18:58;01/08/2018 18:58;1.0;60.01;PR
vendeur 1783;91543f9849d68d023e17194926598543;834.0;4.333333333333333;0.0;5.833333333333333;04/08/2017 19:02;22/02/2018 17:20;6.7;56.14;SC
vendeur 1784;916748bc99315c2d202898ae58b1617e;483.4;4.2727272727272725;0.0;1.25;12/02/2017 22:05;25/11/2017 14:37;9.5;55.71;SP
vendeur 1785;916c9de0b5ad957346eeeb12f332687e;5567.25;4.413793103448276;0.0;4.655172413793103;23/06/2017 12:52;25/07/2018 10:31;13.2;57.39;PR
vendeur 1786;918717417d88a9f9ae9735567e6c7682;345.70000000000005;5.0;0.0;4.5;19/12/2017 11:55;27/02/2018 22:08;2.333333333333333;60.06;SP
vendeur 1787;918f6fbcf3ab724d805867303e593a1b;79.69999999999999;4.333333333333333;0.0;3.333333333333333;20/02/2017 21:44;02/03/2017 1:21;1.0;56.01;SP
vendeur 1788;9198786624eaeb375793215cad26cfa6;908.3;3.9;0.0;1.4;02/02/2017 19:59;23/04/2018 20:25;14.833333333333334;53.55;SC
vendeur 1789;91f0eec23d4a61d7d7caeefa3f0ad1ca;2389.8;3.333333333333333;0.3333333333333333;4.333333333333333;08/02/2017 13:05;27/07/2018 15:46;17.8;40.39;SC
vendeur 1790;91f5779a8731baca4809fdeade81803f;1971.46;3.8333333333333335;0.0;5.166666666666667;14/11/2017 18:14;09/04/2018 21:48;4.866666666666666;53.32;RJ
vendeur 1791;91f848e9f4be368f4318775aac733370;6432.44;4.269230769230769;0.025;3.1625;22/02/2017 9:19;01/08/2017 22:24;5.333333333333333;55.92;SP
vendeur 1792;9200e6ce317b67196b6b0bad4d4bd567;36.9;3.0;0.0;1.0;25/03/2017 10:31;25/03/2017 10:31;1.0;48.01;RJ
vendeur 1793;921323538c9f1c4e816f2720eac02bea;1521.74;4.055555555555555;0.1666666666666666;1.9444444444444444;25/11/2017 2:08;07/08/2018 23:50;8.5;49.58;SP
vendeur 1794;9261d76c62caaf0b24677c2ceb7f8f20;968.7;3.7142857142857135;0.0;2.4285714285714284;05/07/2018 9:49;20/08/2018 23:41;1.5333333333333334;52.44;SC
vendeur 1795;92992bec39dde5766f590d3b1f46d465;109.0;1.0;0.0;1.0;29/04/2018 10:04;29/04/2018 10:04;1.0;36.02;SP
vendeur 1796;929f342384a6607afe143d789ade1316;209.4;5.0;0.0;3.0;20/06/2018 19:25;06/08/2018 15:51;1.5333333333333334;60.03;PR
vendeur 1797;92c8bc6e8f925792247656fed09aad65;259.7;2.333333333333333;0.3333333333333333;2.0;30/08/2017 17:50;21/10/2017 17:39;1.7;34.04;SP
vendeur 1798;92d14edfb62ee5ae7fdff70b0f4e7233;322.0;2.769230769230769;0.0;1.9230769230769231;11/09/2017 16:51;04/04/2018 22:19;6.833333333333333;46.67;SP
vendeur 1799;92eb0f42c21942b6552362b9b114707d;6813.12;3.899736147757256;0.0704960835509138;1.6135770234986946;05/02/2017 18:47;22/08/2018 15:57;18.73333333333333;52.4;SP
vendeur 1800;9315e491484b1b0081ca166fc164108d;29.99;3.0;0.0;8.0;06/07/2018 14:41;06/07/2018 14:41;1.0;48.0;PR
vendeur 1801;933446e9a59dece7ae9175103820ca8f;381.39;2.333333333333333;0.0;5.666666666666667;24/01/2017 15:37;22/02/2017 9:59;1.0;44.06;PR
vendeur 1802;934ed5cd1b9c1c7382d0a94a94b9e639;125.85;5.0;0.0;10.0;11/02/2017 13:15;11/02/2017 13:15;1.0;60.02;PR
vendeur 1803;939e6227d6964a11a70aa91243e418f2;425.0;4.25;0.0;2.0;15/08/2018 0:46;25/08/2018 20:26;1.0;55.57;MG
vendeur 1804;939f6e231201f26803cb5c3a3d2940b3;130.6;4.75;0.0;5.75;04/10/2016 13:11;06/10/2016 20:15;1.0;58.52;SP
vendeur 1805;93b9a99027bd8bd6af682aff18dd19bf;1953.0;4.1;0.0;3.0476190476190474;26/01/2017 21:58;05/08/2018 6:31;18.5;54.92;SP
vendeur 1806;93bef6edaa84956e8e575016449b6351;115.0;5.0;0.0;6.0;28/07/2017 21:49;28/07/2017 21:49;1.0;60.02;SP
vendeur 1807;93dc87703c046b603023e75222018b45;8517.35;4.0;0.0833333333333333;4.361111111111111;08/11/2017 16:32;28/07/2018 7:54;8.7;52.89;MG
vendeur 1808;94144541854e298c2d976cb893b81343;17315.18;4.289473684210527;0.0389610389610389;3.935064935064935;23/02/2017 22:06;06/02/2018 9:17;11.566666666666666;57.4;RS
vendeur 1809;941554c5757b73ba0e50aa7732310afc;107.69;4.5;0.0;2.75;05/03/2017 20:17;31/05/2017 17:23;2.8666666666666667;57.02;SP
vendeur 1810;94165aea8a35c3c21499cbcae239b16c;180.0;2.0;0.0;7.0;07/06/2018 18:01;07/06/2018 18:01;1.0;42.03;MG
vendeur 1811;94231344608e603693b0a8891143f65d;722.0;4.0;0.0;3.6666666666666665;19/05/2018 15:07;07/08/2018 16:58;2.6666666666666665;54.12;SP
vendeur 1812;9449f25aeaf531019b76999ea49a6949;2046.45;4.0;0.2;4.1;08/06/2017 22:00;18/04/2018 9:23;10.433333333333334;48.33;RJ
vendeur 1813;9485a23c0430ba1d58d359391606fce6;1129.9;3.2;0.2;4.6;21/03/2017 13:50;28/12/2017 11:05;9.366666666666667;43.38;SP
vendeur 1814;94b9108d4b637ba65bb4f1e53cfcf8d8;234.96;4.5;0.125;1.0;02/09/2017 16:05;03/08/2018 10:56;11.133333333333333;53.29;SP
vendeur 1815;94c49f20a123aeb9360dbf80ff912bf6;277.75;3.6666666666666665;0.0;1.3333333333333333;22/05/2017 11:12;05/06/2017 16:01;1.0;52.04;SP
vendeur 1816;94ca168e8bcb407ab85c5da308863027;224.3;5.0;0.0;1.0;21/11/2017 21:11;24/08/2018 18:37;9.166666666666666;60.04;SP
vendeur 1817;94d76e96eedd976258cd3278ce56d5f2;385.61;5.0;0.0;1.0;09/05/2018 11:41;09/05/2018 11:41;1.0;60.06;SP
vendeur 1818;94e93ce877be27a515118dbfd2c2be41;5949.27;4.0;0.0;4.368421052631579;16/04/2017 19:32;13/09/2017 9:21;4.966666666666667;54.97;SP
vendeur 1819;951e8cef368f09bb3f3d03c00ca4702c;4172.27;4.142857142857143;0.0821917808219178;2.9315068493150687;16/04/2018 17:55;21/08/2018 18:24;4.233333333333333;53.07;SP
vendeur 1820;9523fb39dd240aa958e040f8183d64f3;146.99;1.0;0.0;5.0;06/08/2018 22:00;06/08/2018 22:00;1.0;36.02;SP
vendeur 1821;9535a841eecebed61a9fb1ac1cbb5597;784.9;3.0;0.0;3.0;26/01/2017 16:25;10/02/2017 10:34;1.0;48.13;SP
vendeur 1822;9539213aa8e023c01937bef95dc006da;348.5;4.733333333333333;0.5333333333333333;1.6666666666666667;29/11/2017 18:10;11/03/2018 22:52;3.4;42.46;SP
vendeur 1823;954e95f20808d7e5d11f0de292d078e0;158.78;4.75;0.0;3.25;09/09/2017 12:49;26/11/2017 19:11;2.6;58.53;MG
vendeur 1824;9558aa23f77a9e0a0eca83540999f43b;125.7;3.0;0.0;2.0;02/05/2017 11:31;22/05/2017 13:41;1.0;48.02;PR
vendeur 1825;955fee9216a65b617aa5c0531780ce60;137405.0;4.054713249835201;0.0797385620915032;2.41437908496732;24/07/2017 11:33;28/08/2018 20:49;13.333333333333334;74.4;SP
vendeur 1826;9591fc341b1bfb7ef561e2968ec6e011;79.9;1.0;0.0;9.0;20/09/2017 16:30;20/09/2017 16:30;1.0;36.01;SP
vendeur 1827;9596c870880d900012f2e8e6e30d06d7;8606.25;4.041666666666667;0.0416666666666666;3.875;20/04/2017 13:47;06/08/2018 13:05;15.733333333333333;54.41;MG
vendeur 1828;9599519be538b98748162a2b48248960;570.0;1.0;0.0;1.0;08/04/2018 7:57;08/04/2018 7:57;1.0;36.09;SP
vendeur 1829;95b293867b5862941c9cd74f756a3c68;648.1;3.555555555555556;0.4444444444444444;2.2222222222222223;27/11/2017 11:34;22/02/2018 9:55;2.8666666666666667;38.11;SP
vendeur 1830;95cca791657aabeff15a07eb152d7841;9.99;5.0;0.0;1.0;30/06/2018 23:22;30/06/2018 23:22;1.0;60.0;PR
vendeur 1831;95e03ca3d4146e4011985981aeb959b9;11987.02;3.9565217391304346;0.0287081339712918;2.047846889952153;14/05/2017 12:47;15/08/2018 8:44;15.233333333333333;54.84;RJ
vendeur 1832;95ec4458365c4d11f452ccf538377619;1866.76;4.266666666666667;0.032258064516129;2.548387096774193;16/01/2018 13:33;20/08/2018 9:18;7.166666666666667;54.94;SP
vendeur 1833;95f83f51203c626648c875dd41874c7f;3377.24;3.1690140845070425;0.0422535211267605;3.591549295774648;24/11/2017 14:22;20/08/2018 17:06;8.966666666666667;48.3;MG
vendeur 1834;960945e1a9535cbc0cd6ddd35fbe7ae8;3381.73;4.655172413793103;0.0;3.827586206896552;07/05/2018 18:29;26/08/2018 10:08;3.6666666666666665;58.48;SP
vendeur 1835;9616352088dcf83a7c06637f4ebf1c80;5822.8;4.25;0.0;1.86;27/02/2017 18:30;22/08/2018 11:44;18.0;56.45;PR
vendeur 1836;961dff0a659b4561334372337dd897d9;12595.0;3.2;0.4;5.6;01/04/2017 15:44;16/08/2017 21:32;4.566666666666666;39.26;RJ
vendeur 1837;9646c3513289980f17226a2fc4720dbd;3166.9;4.301204819277109;0.072289156626506;1.6746987951807228;25/01/2017 18:04;04/08/2018 14:29;18.5;54.16;SP
vendeur 1838;96493fab2fbb13a14d0c0e8772eef5c3;19832.0;3.985074626865672;0.0588235294117647;4.970588235294118;08/02/2017 13:14;05/06/2018 10:22;16.033333333333335;55.39;SP
vendeur 1839;964ff64dc05b13811c6d0f41e0aa5f6b;180.0;5.0;0.0;1.0;18/07/2018 22:43;18/07/2018 22:43;1.0;60.03;SP
vendeur 1840;966cb4760537b1404caedd472cc610a5;52435.04;3.842105263157895;0.0259740259740259;5.48051948051948;19/03/2018 14:48;08/08/2018 14:49;4.733333333333333;60.85;SP
vendeur 1841;9674754b5a0cb32b638cec001178f799;5261.65;4.0;0.0294117647058823;2.4411764705882355;07/06/2017 14:10;22/08/2018 2:28;14.666666666666666;53.98;SP
vendeur 1842;96804ea39d96eb908e7c3afdb671bb9e;3610.7;3.9;0.025;2.35;07/02/2017 0:16;27/04/2018 12:37;14.8;53.24;MG
vendeur 1843;968268a686aa05d1f529fb07dff08130;4677.29;3.5;0.0;3.8333333333333335;26/01/2018 23:07;10/08/2018 16:12;6.5;51.76;SP
vendeur 1844;968ee78631915a63fef426d6733d7422;450.0;3.0;0.0;5.5;08/06/2017 0:06;27/11/2017 17:41;5.733333333333333;48.07;RS
vendeur 1845;96e5dc09087bad639b4ee193104ec2e5;101.9;4.5;0.0;1.5;13/08/2018 15:24;21/08/2018 9:12;1.0;57.02;RJ
vendeur 1846;96f7c797de9ca20efbe14545bed63eec;138.60000000000002;1.0;0.0;2.0;10/04/2018 21:46;10/04/2018 21:46;1.0;36.02;SP
vendeur 1847;972d0f9cf61b499a4812cf0bfa3ad3c4;8412.39;2.9318181818181817;0.108695652173913;3.4782608695652173;22/10/2017 15:28;22/08/2018 7:25;10.1;45.71;SC
vendeur 1848;973f21788dfab357250f69a8dcb7ddee;909.0;2.333333333333333;0.3333333333333333;2.571428571428572;25/01/2017 15:47;25/06/2018 16:20;17.2;34.15;MG
vendeur 1849;974cf2cb8f4b7add98709c30df02fe10;2982.67;4.0606060606060606;0.0303030303030303;1.7878787878787878;16/10/2017 22:33;21/08/2018 23:41;10.3;53.94;SP
vendeur 1850;97512d3fc193b2d1dfcdba0f9d1f0f8a;1458.87;4.307692307692308;0.0769230769230769;2.3846153846153846;20/03/2018 10:20;18/08/2018 16:49;5.033333333333333;53.78;SP
vendeur 1851;977f9f63dd360c2a32ece2f93ad6d306;2999.99;3.8461538461538463;0.1153846153846153;4.115384615384615;26/09/2017 10:51;20/08/2018 23:35;10.933333333333334;50.11;SP
vendeur 1852;979e9f8b5b39dd243a2550c8b05aecf0;525.0;5.0;0.0;2.5;25/01/2018 12:48;04/04/2018 21:49;2.3;60.09;SP
vendeur 1853;97e4a63591ca439a2b8b7efd20e6e19e;349.95;4.4;0.0;2.2;23/02/2018 18:13;16/08/2018 19:32;5.8;56.46;RJ
vendeur 1854;97e50a621f8e801f4baf69e08687c192;89.9;5.0;0.0;1.0;21/02/2018 6:34;21/02/2018 6:34;1.0;60.01;SP
vendeur 1855;97e995629983723d11830a829bc2b246;614.4000000000001;4.833333333333333;0.0;3.0;07/11/2017 16:31;16/08/2018 15:44;9.366666666666667;59.1;SP
vendeur 1856;9803a40e82e45418ab7fb84091af5231;4278.75;3.111111111111111;0.0;1.9444444444444444;19/05/2018 10:45;21/08/2018 19:44;3.1333333333333333;49.37;GO
vendeur 1857;980640c45d7a4635885491d077167e4d;1004.29;4.642857142857143;0.0714285714285714;1.6428571428571428;01/07/2018 9:14;22/08/2018 15:43;1.7333333333333334;55.88;SP
vendeur 1858;98115075dd26cb8835946fc6086f5d30;434.96;4.75;0.0;2.0;15/04/2018 23:55;16/08/2018 15:02;4.066666666666666;58.57;SP
vendeur 1859;984c273121e743dd14767befe6cb17f5;259.6;1.0;1.0;3.0;25/11/2017 20:15;25/11/2017 20:15;1.0;6.04;SP
vendeur 1860;9853a239ab7b7ebbdc3a21248d5b8e1f;460.0;3.8333333333333335;0.1666666666666666;1.1666666666666667;26/04/2017 20:47;28/11/2017 15:32;7.166666666666667;48.07;PR
vendeur 1861;985c92cc412091f8529c12d7f23d3fef;1368.5;4.75;0.0833333333333333;3.25;04/05/2018 13:31;20/08/2018 21:03;3.6;56.22;MG
vendeur 1862;989becdce12ebc39863c2bceab6f3ca1;7840.88;4.555555555555555;0.1111111111111111;4.555555555555555;07/10/2016 22:35;26/07/2018 19:28;21.866666666666667;55.28;PR
vendeur 1863;98dac6635aee4995d501a3972e047414;4752.94;3.942583732057416;0.0426540284360189;3.080568720379147;26/04/2017 11:30;28/08/2018 19:32;16.3;53.15;SP
vendeur 1864;98dddbc4601dd4443ca174359b237166;158.0;5.0;0.0;1.5;13/07/2018 14:29;23/07/2018 13:03;1.0;60.03;PR
vendeur 1865;98e164d549402270247f3c96a1a158ef;162.7;2.5;0.0;1.0;06/06/2017 21:40;18/08/2017 23:34;2.433333333333333;45.03;SP
vendeur 1866;98f52e1020fe788c10c0418de4393fec;21.6;4.0;0.0;1.0;09/08/2017 15:16;09/08/2017 15:16;1.0;54.0;RJ
vendeur 1867;99002261c568a84cce14d43fcffb43ea;4248.0;3.756756756756757;0.081081081081081;2.891891891891892;18/10/2017 23:55;13/08/2018 15:13;9.933333333333334;50.8;MT
vendeur 1868;9906e7aa42a3c067b7c9a564d01c4320;2619.0;4.0625;0.125;2.625;05/02/2018 8:47;21/08/2018 0:18;6.533333333333333;51.05;PR
vendeur 1869;994f04b3718c2bab35c2adfa8afecd2a;3576.4;4.266666666666667;0.0666666666666666;3.283333333333333;13/11/2017 18:09;10/08/2018 21:20;9.0;54.18;SP
vendeur 1870;9996ae921c50e8dff411ac69c0b4bb8b;29.700000000000003;2.333333333333333;0.0;3.6666666666666665;17/10/2017 15:35;22/10/2017 21:11;1.0;44.0;SP
vendeur 1871;999f6d9a1c7c81f43be44c6b7d076210;28.0;4.5;0.0;1.0;26/01/2017 14:26;05/03/2017 21:27;1.2666666666666666;57.0;SP
vendeur 1872;99a25c39b28a74d1151c35c18d178292;173.94;5.0;0.0;1.0;13/06/2018 13:35;13/06/2018 13:35;1.0;60.03;SP
vendeur 1873;99a54764c341d5dc80b4a8fac4eba3fb;4107.62;3.732558139534884;0.2183908045977011;2.505747126436781;27/04/2018 16:58;28/08/2018 15:53;4.066666666666666;46.51;SP
vendeur 1874;99cd94252748d2bdde08e17858233602;159.8;4.5;0.0;1.0;20/06/2018 14:02;21/06/2018 15:01;1.0;57.03;SP
vendeur 1875;99eaacc9e6046db1c82b163c5f84869f;13462.17;3.9027777777777777;0.0972222222222222;2.7222222222222223;04/10/2016 10:41;18/02/2018 21:58;16.733333333333334;52.7;SP
vendeur 1876;9a03a4e9eb0b947652fae4f6121a3f5e;1497.0;3.857142857142857;0.1428571428571428;5.142857142857143;02/01/2018 12:52;06/08/2018 14:32;7.2;49.1;SP
vendeur 1877;9a1aea68d3efa00862ec88c0768037d0;1309.2;4.375;0.0;1.5;09/02/2018 0:14;19/07/2018 17:24;5.333333333333333;56.46;SP
vendeur 1878;9a208dee8f95cfdf00760c4d627828ec;269.9;1.0;0.0;8.0;16/02/2017 19:56;16/02/2017 19:56;1.0;36.04;RJ
vendeur 1879;9a84ba99f5367fdbd4598363496f1ea2;2364.88;3.7058823529411766;0.0;2.411764705882353;17/03/2017 19:59;03/07/2018 10:00;15.733333333333333;52.62;GO
vendeur 1880;9aa388272ee334b6ae07bc73706e254a;678.0;3.857142857142857;0.0;7.142857142857143;30/03/2018 21:23;17/08/2018 0:25;4.633333333333334;53.25;MG
vendeur 1881;9ac4f14370b1e24ddc58be041b7f99df;314.51;4.4;0.0;3.8;24/02/2018 23:39;05/07/2018 16:40;4.333333333333333;56.45;GO
vendeur 1882;9ac75591b69c3402684b6ce0310f22ee;60.5;5.0;1.0;1.0;21/08/2018 22:09;21/08/2018 22:09;1.0;30.01;SP
vendeur 1883;9add47bf45ce8e8c7db6b9cf670b1e09;5053.54;4.2;0.0208333333333333;4.125;05/02/2017 11:05;18/08/2018 10:11;18.6;55.4;PR
vendeur 1884;9b00cad94ef3078faf6fba2e792c158f;709.8;5.0;0.0;3.0;20/12/2017 12:04;20/12/2017 12:04;1.0;60.12;MG
vendeur 1885;9b00ed88b7fdb95d6ff76e27c1b52d16;1640.38;4.519230769230769;0.0576923076923076;1.9038461538461533;25/08/2017 23:02;03/08/2018 15:05;11.4;55.65;SP
vendeur 1886;9b013e03b2ab786505a1d3b5c0756754;9176.83;3.938053097345133;0.0517241379310344;1.827586206896552;19/10/2017 13:21;27/08/2018 14:54;10.4;53.58;SP
vendeur 1887;9b1050e85becf3ae99c1cf4934c9bc5d;85.14;2.5;0.0;1.0;21/09/2017 10:50;06/11/2017 18:16;1.5333333333333334;45.01;MG
vendeur 1888;9b1585752613ec342d03bbab9997ec48;4248.98;3.6666666666666665;0.0;13.333333333333334;07/08/2018 10:52;19/08/2018 9:35;1.0;52.69;RJ
vendeur 1889;9b1ab052f5fca308ba743ac789ebb2e1;294.09000000000003;4.0;0.0;3.5;05/04/2017 22:29;07/05/2017 14:04;1.0333333333333334;54.05;PR
vendeur 1890;9b1f656ca3060f8af17a50d8a024b533;41.0;5.0;0.5;1.0;25/07/2018 12:32;22/08/2018 21:26;1.0;45.01;SP
vendeur 1891;9b522ba7eae9e1d04082f267144583cc;1507.6;4.5;0.1666666666666666;3.333333333333333;17/05/2017 18:00;10/04/2018 21:00;10.933333333333334;52.25;SP
vendeur 1892;9b76ad3d04236f76bc71c59470305e13;394.7000000000001;5.0;0.0;5.666666666666667;02/07/2018 11:41;07/08/2018 23:46;1.2;60.06;SP
vendeur 1893;9bade61a92bed55a25d2b67b9f4ed739;117.68;2.333333333333333;0.0;1.6666666666666667;07/03/2018 16:42;29/03/2018 11:34;1.0;44.02;PR
vendeur 1894;9baf5cb77970f539089d09a38bcec5c3;6211.66;4.352941176470588;0.0;3.941176470588236;21/01/2017 9:44;05/08/2018 19:32;18.7;57.13;SP
vendeur 1895;9bc484c87d79cd4874e05ca182658045;1120.0;4.0;0.2222222222222222;3.4444444444444446;23/11/2017 13:48;02/05/2018 14:22;5.333333333333333;47.52;SP
vendeur 1896;9bcdfa7b615b3abb9461d9e3ad9886ae;2510.54;4.636363636363637;0.0454545454545454;5.7727272727272725;31/01/2017 21:14;16/04/2018 20:07;14.633333333333333;56.86;SC
vendeur 1897;9bf11dfc0bec77e5a23028043c3c5a8f;115.0;1.0;1.0;10.0;24/11/2017 22:36;24/11/2017 22:36;1.0;6.02;MG
vendeur 1898;9c068d10aca38e85c50202e17b4a7e88;2658.9;4.125;0.1764705882352941;4.529411764705882;12/10/2017 9:57;30/07/2018 14:26;9.7;49.89;MS
vendeur 1899;9c0e69c7bf2619675bbadf47b43f655a;35008.53;3.990521327014218;0.0938967136150234;3.051643192488263;07/05/2017 13:20;20/06/2018 20:54;13.633333333333333;56.85;SP
vendeur 1900;9c1c0c36cd23c20897e473901a8fb149;544.97;5.0;0.0;1.4285714285714286;18/05/2018 18:22;23/08/2018 19:57;3.2333333333333334;60.09;SP
vendeur 1901;9c351405b754cc5ce3e2ecf277bb034a;45.0;1.0;0.0;5.0;28/03/2017 16:59;28/03/2017 16:59;1.0;36.01;SP
vendeur 1902;9c3a1c416c765687bc79a04113269929;74.9;1.0;0.0;1.0;01/02/2018 23:09;01/02/2018 23:09;1.0;36.01;MG
vendeur 1903;9c3c24eca51c52b91c1de727d2a2ae06;366.5;4.428571428571429;0.0;3.7142857142857135;10/10/2016 15:23;21/05/2018 10:41;19.566666666666663;56.63;RS
vendeur 1904;9c4d31c7e46ab03a43fc06e3142afd4e;1218.9;4.5;0.0;1.5;14/08/2018 17:26;20/08/2018 18:55;1.0;57.2;RJ
vendeur 1905;9c54608f0996c32ae4743089d915f845;194.8;4.0;0.0;7.666666666666667;22/06/2018 16:07;18/07/2018 17:18;1.0;54.03;PR
vendeur 1906;9c57bc60cfad5ee62d35d3f1ce4593a1;180.0;1.0;1.0;3.0;26/04/2017 13:34;26/04/2017 13:34;1.0;6.03;PR
vendeur 1907;9c690ceacd5c66731bf443ea810195cb;871.8;4.416666666666667;0.0;2.333333333333333;22/08/2017 20:06;06/08/2018 1:16;11.6;56.64;MG
vendeur 1908;9c7fd21e0aa159b20da593371f08ff7c;798.3;3.375;0.125;3.0;14/03/2018 9:25;21/08/2018 16:50;5.333333333333333;46.63;SP
vendeur 1909;9cad4b68bb993ee401a3c5aaa2bc26dd;759.2;3.25;0.25;1.625;16/01/2018 10:17;15/07/2018 23:59;6.0;42.12;SP
vendeur 1910;9cea4682e16655f7da87f406902e989e;87.75999999999999;2.333333333333333;0.0;1.2222222222222223;22/03/2017 23:39;02/02/2018 23:31;10.533333333333331;44.01;PR
vendeur 1911;9cf787a239c1aa29dbd76f153dc13f9a;316.0;4.75;0.0;1.5;05/06/2018 17:11;16/08/2018 15:54;2.3666666666666667;58.55;SP
vendeur 1912;9d213f303afae4983637247556438ede;47.7;5.0;0.0;6.666666666666667;14/07/2018 0:04;24/07/2018 12:43;1.0;60.01;SP
vendeur 1913;9d39404483343dd55c7ae254494d8388;412.8;3.642857142857143;0.1428571428571428;1.0714285714285714;25/11/2017 10:53;24/04/2018 0:54;4.966666666666667;47.64;SP
vendeur 1914;9d489893ff6af05029671b785f54b998;298.7;4.166666666666667;0.1666666666666666;1.3333333333333333;22/06/2017 17:19;23/08/2018 16:38;14.2;50.05;SP
vendeur 1915;9d4db00d65d7760644ac0c14edb5fd86;11004.63;4.5181818181818185;0.036036036036036;1.927927927927928;24/12/2017 12:20;18/08/2018 9:08;7.866666666666666;57.83;SP
vendeur 1916;9d5604a1f112324ad6b2aa552122e0fb;421.5;3.647058823529412;0.0;2.0;14/11/2017 22:00;19/08/2018 21:37;9.233333333333333;51.95;SP
vendeur 1917;9d5a9018aee56acb367ba9c3f05d1d6a;11119.28;4.453488372093023;0.0116279069767441;3.7906976744186047;11/03/2017 19:59;21/03/2018 20:20;12.5;58.19;GO
vendeur 1918;9d681c7e12db302cb261e721040dde65;785.6;4.928571428571429;0.0;1.2857142857142858;21/05/2018 18:18;16/08/2018 16:19;2.8666666666666667;59.7;PR
vendeur 1919;9d69ba0a7a626a64dc5db08e529559cf;19.3;5.0;0.0;1.0;13/07/2018 19:38;13/07/2018 19:38;1.0;60.0;SP
vendeur 1920;9d7a1d34a5052409006425275ba1c2b4;1054.82;3.75;0.0625;3.8125;17/07/2017 16:18;20/08/2018 19:58;13.3;50.8;SP
vendeur 1921;9da15f4a4ea758d9eeb49000dbe57e22;196.9;2.0;1.0;1.0;31/07/2018 12:52;31/07/2018 12:52;1.0;12.03;SP
vendeur 1922;9da1ca0bef29ee170e541927a5aeabdc;1484.4;3.0;0.3333333333333333;6.0;17/06/2017 18:33;25/09/2017 12:24;3.3;38.24;SP
vendeur 1923;9dc79dd988ac42f4d56c340d7048420a;749.6;4.75;0.0;7.25;09/08/2018 9:30;27/08/2018 15:18;1.0;58.62;SP
vendeur 1924;9dd459b29a14bf89d47183cf2cd0e4c7;180.0;5.0;0.5;1.0;14/01/2018 18:16;04/08/2018 12:42;6.7;45.03;SP
vendeur 1925;9dd59e43f0c9f0553244e8f9c2fb247e;406.3;4.833333333333333;0.0833333333333333;2.4166666666666665;15/10/2017 16:10;23/01/2018 15:30;3.3;56.57;PR
vendeur 1926;9dda5bbacd45e18d6485fee649205d09;1912.6;4.227272727272728;0.0909090909090909;4.409090909090909;27/03/2017 16:26;07/08/2018 11:29;16.566666666666666;52.95;MG
vendeur 1927;9de4643a8dbde634fe55621059d92273;18362.11;4.5;0.0581395348837209;4.895348837209302;13/01/2017 15:11;21/02/2018 15:59;13.466666666666669;58.26;SC
vendeur 1928;9df5750209b83567ec144eb299d7d634;4917.0;4.0;0.0909090909090909;3.909090909090909;07/10/2016 8:28;20/07/2018 18:39;21.7;52.08;RS
vendeur 1929;9e17b9d64683aebcbb9ee362d06463b4;98.7;1.0;0.0;5.666666666666667;19/02/2017 11:03;22/02/2017 21:14;1.0;36.02;SP
vendeur 1930;9e25199f6ef7e7c347120ff175652c3b;12.5;4.0;0.0;1.0;27/03/2017 9:59;27/03/2017 9:59;1.0;54.0;SP
vendeur 1931;9e6229250fedbe05838fef417b74e7fb;13312.1;3.911392405063291;0.0379746835443038;4.215189873417722;24/09/2017 23:53;22/08/2018 9:09;11.033333333333331;54.51;SP
vendeur 1932;9e6967d3cf386d284251784b18ccb485;517.67;3.636363636363636;0.0909090909090909;1.0909090909090908;12/06/2018 20:43;14/08/2018 15:42;2.066666666666667;49.17;SP
vendeur 1933;9e7c5f4d7770eab65738cca38f9efccf;184.8;3.5;0.0;1.0;01/06/2018 12:50;07/08/2018 1:27;2.2;51.03;SP
vendeur 1934;9e94fa26a70ede4d26226e918e8706a2;62.8;5.0;0.0;3.0;04/08/2017 3:06;04/08/2017 3:06;1.0;60.01;SP
vendeur 1935;9e9b539eb2806acee3f5c28085c1db9f;967.0;3.6666666666666665;0.3333333333333333;1.0;22/11/2017 0:37;07/12/2017 13:19;1.0;42.16;MG
vendeur 1936;9ed65337433adfbedefd23dd76eaa494;1262.6;4.833333333333333;0.0;3.333333333333333;19/12/2017 9:27;01/08/2018 17:15;7.5;59.21;SP
vendeur 1937;9ef932e837d8b7f392c0bfee9d359dc2;59.9;3.0;1.0;2.0;20/11/2017 12:49;20/11/2017 12:49;1.0;18.01;SP
vendeur 1938;9f50216bfd01913736a55a11b55ea842;1354.0;4.473684210526316;0.2105263157894736;1.263157894736842;22/06/2018 0:07;18/08/2018 13:46;1.9;50.75;SP
vendeur 1939;9f505651f4a6abe901a56cdc21508025;27056.49;4.250544662309368;0.0431965442764578;1.838012958963283;05/10/2017 10:35;29/08/2018 15:00;10.933333333333334;58.63;SP
vendeur 1940;9f56a7a649097b166d8ed286ad86a15c;27.98;1.0;0.0;2.5;06/11/2017 15:29;08/11/2017 0:11;1.0;36.0;RJ
vendeur 1941;9fbd5666d8618fa571c4230fafa09bd6;79.9;5.0;0.0;3.0;30/08/2017 18:44;30/08/2017 18:44;1.0;60.01;SP
vendeur 1942;9fc70243fb26800cba56e8f014797004;466.6;4.571428571428571;0.0;1.1428571428571428;13/11/2017 15:17;29/07/2018 8:32;8.566666666666666;57.5;MG
vendeur 1943;9fe7c6641c79970ab48185498f547c09;130.0;5.0;0.0;1.0;10/07/2017 20:58;10/07/2017 20:58;1.0;60.02;SP
vendeur 1944;a00824eb9093d40e589b940ec45c4eb0;9399.97;4.666666666666667;0.0;7.333333333333333;05/10/2017 19:23;09/04/2018 11:32;6.166666666666667;59.54;SP
vendeur 1945;a0415d9b25ede3c4b1e477e9916ffc03;4044.1;3.9;0.0;4.7;09/04/2017 11:23;09/01/2018 11:53;9.166666666666666;54.06;RJ
vendeur 1946;a066df7361163e7ddc5d7452dd17448b;1248.1;4.526315789473684;0.2105263157894736;2.1578947368421053;12/12/2017 14:37;12/05/2018 17:45;5.033333333333333;51.05;SP
vendeur 1947;a06c8ff043abea0528ee44171e2140a2;514.5;4.75;0.0;2.0;22/02/2018 16:33;09/08/2018 21:16;5.6;58.58;MG
vendeur 1948;a080fc8a850289b27500f6b49cca2553;383.0;4.75;0.0;3.5;13/03/2018 20:28;25/06/2018 19:03;3.433333333333333;58.56;SP
vendeur 1949;a08692680c77d30a0b4280da5df01c5a;2433.0;5.0;0.0;8.470588235294118;07/04/2017 15:09;26/01/2018 8:17;9.766666666666667;60.4;SP
vendeur 1950;a09a13f18ed27932d08438aa6f12756e;29.9;3.0;0.0;1.0;28/10/2017 19:17;28/10/2017 19:17;1.0;48.0;RS
vendeur 1951;a0a14e50070f3225b3eabba5b85da517;176.2;4.5;0.0;2.5;30/07/2018 19:14;15/08/2018 18:56;1.0;57.03;PR
vendeur 1952;a0d7fbb07bb5ebc3b05980e750db56f3;1547.97;1.5;0.0;3.25;04/05/2018 0:28;12/08/2018 22:56;3.333333333333333;39.25;SP
vendeur 1953;a0e19590a0923cdd0614ea9427713ced;258.3;1.0;0.0;8.714285714285714;10/05/2017 21:12;25/06/2017 17:50;1.5;36.04;PR
vendeur 1954;a1040efe9ff4a6f93c28b0499eada8f5;1658.83;5.0;0.0;4.0;03/02/2018 14:07;03/02/2018 14:07;1.0;60.27;SP
vendeur 1955;a1043bafd471dff536d0c462352beb48;106813.94;4.150310559006211;0.0519801980198019;3.142326732673267;14/02/2017 10:44;25/08/2018 11:01;18.566666666666663;70.81;MG
vendeur 1956;a11a0e0ca67423425691db355cff69b0;448.9;5.0;0.5;2.5;31/07/2018 10:29;10/08/2018 16:05;1.0;45.07;SP
vendeur 1957;a13580f0e8f782b7a543885a0ef99f08;1304.9;4.4;0.2;3.9;17/08/2017 18:21;07/05/2018 20:42;8.766666666666667;50.61;RJ
vendeur 1958;a13aaf2d2886ab9fb30fb9a920160b8f;1011.52;4.5;0.25;2.0;22/07/2018 23:58;02/08/2018 22:48;1.0;49.66;SC
vendeur 1959;a1474fd46fd3430168f7ec202da39408;2752.5;4.428571428571429;0.1428571428571428;3.857142857142857;21/02/2017 17:37;22/10/2017 11:25;8.066666666666666;52.74;SP
vendeur 1960;a150c540f572d0fb53992264bc5c10b5;119.9;4.0;0.0;4.0;04/02/2018 22:19;04/02/2018 22:19;1.0;54.02;SP
vendeur 1961;a1544b9ea0b2390e020537d4daa89049;990.9;4.090909090909091;0.0;1.5454545454545454;17/02/2017 1:16;16/08/2018 15:35;18.166666666666668;54.71;SP
vendeur 1962;a154d7316f158bb42e6fa18bbe3afd3a;139.8;3.0;0.5;2.0;06/03/2017 16:42;10/03/2017 19:32;1.0;33.02;SP
vendeur 1963;a17f621c590ea0fab3d5d883e1630ec6;2850.61;4.076923076923077;0.0609756097560975;2.0121951219512195;23/03/2017 22:10;05/04/2018 8:55;12.566666666666666;53.1;SP
vendeur 1964;a1bea7061f61f6fdd9a85a6325ba1033;810.95;4.444444444444445;0.1111111111111111;2.4444444444444446;27/06/2018 11:26;26/08/2018 13:26;2.0;53.47;SP
vendeur 1965;a1bea9970d8f65b240555f99c2214f7f;75.0;3.0;0.0;5.0;23/07/2018 16:24;23/07/2018 16:24;1.0;48.01;PR
vendeur 1966;a1ed30492b3b798bc121845bc4aa7366;41.8;3.0;0.0;3.0;03/07/2017 9:43;03/07/2017 9:43;1.0;48.01;SP
vendeur 1967;a20d8058c866dbaeca014d2cd20ac62e;1194.0;5.0;0.5;1.5;20/12/2017 14:52;16/05/2018 1:18;4.866666666666666;45.19;SP
vendeur 1968;a213f1bd6458f4a158f3746cb2514559;41.52;5.0;0.0;1.0;30/05/2018 16:20;30/05/2018 16:20;1.0;60.01;PR
vendeur 1969;a218df5c097b0ca409cfaac1488cc7f6;145.59;2.8;0.0;1.8;03/05/2018 22:16;26/06/2018 9:10;1.7666666666666666;46.82;SP
vendeur 1970;a21c11ec5c3f03e7cc9f9203bff9e1c6;385.0;3.0;0.0;2.5;03/08/2018 17:13;07/08/2018 12:21;1.0;48.06;SP
vendeur 1971;a23266650e7c84bb93fbbba502137478;1512.4;3.25;0.0;3.875;04/08/2017 13:52;29/12/2017 18:39;4.9;49.75;RS
vendeur 1972;a247197e2e9c19a6a53a6888cb8b660f;798.0;1.0;0.0;5.5;20/12/2017 11:00;23/12/2017 18:25;1.0;36.13;SP
vendeur 1973;a254c682cc01e119f83530446f1df9a9;569.4;4.142857142857143;0.1428571428571428;2.0;19/03/2018 13:24;22/08/2018 12:47;5.166666666666667;50.66;SP
vendeur 1974;a2a41aedb70551d4a85aa04dc2fced48;52.79;4.0;0.0;2.5;16/11/2017 13:53;03/12/2017 10:52;1.0;54.01;SP
vendeur 1975;a2b5b6105ea5942300631d2e76f4ffe0;3286.69;4.75;0.125;3.0;25/05/2018 10:59;20/08/2018 22:06;2.9;55.29;SP
vendeur 1976;a2b911e9ad40dc7d61c142a4683e2d85;171.8;5.0;0.0;1.5;10/05/2017 17:44;10/05/2017 17:44;1.0;60.03;RJ
vendeur 1977;a2deecd5398f5df4987110c80a1972a3;862.15;3.7058823529411766;0.0;1.2352941176470589;04/04/2018 21:44;24/08/2018 14:37;4.7;52.38;SP
vendeur 1978;a2e85714b56b1cb6bb24a9a6e6cad36f;339.70000000000005;1.0;0.0;1.3333333333333333;30/10/2017 14:48;30/10/2017 20:40;1.0;36.05;SP
vendeur 1979;a2e874074c877c5a05abae80ad6e488f;10024.2;3.918367346938776;0.0408163265306122;3.510204081632653;21/03/2017 13:38;26/08/2018 7:54;17.4;53.92;SP
vendeur 1980;a2fa0bdc798ee84cdb08281337cf4fb6;392.75;4.230769230769231;0.0;1.8461538461538465;08/03/2017 10:33;16/03/2018 4:11;12.4;55.45;SC
vendeur 1981;a3082f442524a1be452e3189e003b361;301.6;4.25;0.0;2.75;10/07/2017 20:27;09/08/2018 20:36;13.166666666666666;55.55;SP
vendeur 1982;a35124e2d763d7ca3fbe3b97d143200f;461.25;4.5;0.0;1.5;15/03/2017 10:37;08/05/2017 20:58;1.8;57.07;SP
vendeur 1983;a353b1083c9863d756d9404695016d64;120.0;5.0;0.0;1.0;07/12/2017 23:37;07/12/2017 23:37;1.0;60.02;ES
vendeur 1984;a35ef466c6fd6d052f5d241240d3c5e2;569.9;4.666666666666667;0.0;4.333333333333333;14/08/2017 23:18;30/09/2017 18:38;1.5333333333333334;58.09;RS
vendeur 1985;a369d693961cb93b61ca2cc518872a85;2597.0;4.111111111111111;0.0;4.722222222222222;15/11/2017 23:26;21/07/2018 13:54;8.233333333333333;55.09;SP
vendeur 1986;a36ac007a4d18f865c8d32c3b2402c2d;1359.7800000000002;2.555555555555556;0.0;5.888888888888889;22/01/2017 21:25;06/09/2017 15:36;7.533333333333333;45.56;SP
vendeur 1987;a36b125ac6d5fdbc7f50de85c9157bdc;1843.64;4.038461538461538;0.1153846153846153;1.6153846153846154;10/10/2016 9:23;04/08/2018 10:42;22.1;51.07;SP
vendeur 1988;a37c340b91cb0169e8b029db6440fba2;345.0;4.8;0.0;2.0;26/06/2017 16:37;14/09/2017 16:37;2.6666666666666665;58.86;SP
vendeur 1989;a3a38f4affed601eb87a97788c949667;27772.2;4.402930402930403;0.0434782608695652;2.7246376811594204;05/10/2016 20:20;23/08/2018 11:43;22.866666666666667;59.65;SC
vendeur 1990;a3b0df0065e264a91b7bbf5f844af5cd;186.69;5.0;0.0;1.5;20/09/2017 15:08;23/09/2017 17:59;1.0;60.03;SP
vendeur 1991;a3b42d266fa8afc874b909422ce88582;839.4000000000001;5.0;0.0;5.0;31/07/2018 10:27;31/07/2018 10:27;1.0;60.14;SP
vendeur 1992;a3dd39f583bc80bd8c5901c95878921e;5522.05;4.642857142857143;0.0238095238095238;2.4761904761904763;23/08/2017 8:26;10/04/2018 9:24;7.666666666666667;58.05;BA
vendeur 1993;a3e9a2c700480d9bb01fba070ba80a0e;16169.8;4.059880239520958;0.0887573964497041;3.5798816568047336;09/05/2017 22:58;19/08/2018 14:19;15.533333333333331;54.34;SP
vendeur 1994;a3f0b55de503387383c7b1de3ad7f678;5018.1;4.172413793103448;0.1034482758620689;3.965517241379312;26/09/2017 18:54;21/05/2018 13:14;7.866666666666666;52.75;PR
vendeur 1995;a3fa18b3f688ec0fca3eb8bfcbd2d5b3;47.8;5.0;0.0;1.0;30/04/2018 10:10;30/04/2018 10:10;1.0;60.01;SP
vendeur 1996;a414555ce331b8c8aea4a9cb8395194d;1450.95;3.571428571428572;0.0;3.625;10/03/2018 15:31;04/05/2018 14:46;1.8;51.67;SP
vendeur 1997;a416b6a846a11724393025641d4edd5e;26384.11;4.184210526315789;0.1157894736842105;3.852631578947368;26/01/2017 16:48;21/08/2018 21:43;19.066666666666663;55.95;SP
vendeur 1998;a420f60ff1aa9acc80d0e42959f2b313;8023.3;3.971830985915493;0.0821917808219178;2.191780821917808;16/08/2017 1:00;13/08/2018 10:05;12.066666666666666;52.68;SP
vendeur 1999;a425f92c199eb576938df686728acd20;1239.2;4.428571428571429;0.0;3.7142857142857135;05/09/2016 0:15;30/07/2018 12:02;23.1;56.77;PR
vendeur 2000;a435b009cd956ea60748b5cfbddf2e24;361.18;4.333333333333333;0.6666666666666666;3.0;09/05/2017 13:21;26/07/2017 10:05;2.566666666666667;36.06;SP
vendeur 2001;a44fb5a447105f8469bdf16bf9159f25;3706.1;4.052631578947368;0.2631578947368421;3.684210526315789;21/11/2017 14:01;03/08/2018 14:48;8.5;47.03;RS
vendeur 2002;a45314082d50d578a4721c9787ce09ab;424.9;5.0;0.0;6.0;02/08/2018 13:57;18/08/2018 12:56;1.0;60.07;SP
vendeur 2003;a45765f8afb1e594b22bf9e974b46765;79.99;4.0;0.0;1.0;09/03/2017 14:27;09/03/2017 14:27;1.0;54.01;SP
vendeur 2004;a478c7961d6a992065b24e63b366f90b;1281.5;4.888888888888889;0.0;4.111111111111111;09/02/2017 9:33;21/02/2018 2:17;12.533333333333331;59.54;SC
vendeur 2005;a49928bcdf77c55c6d6e05e09a9b4ca5;9156.3;2.9454545454545453;0.2454545454545454;2.8;07/06/2017 20:32;27/05/2018 19:10;11.766666666666667;41.81;SP
vendeur 2006;a4b6b9b992b46e9ef863637af96e04bc;7147.0;2.571428571428572;0.0714285714285714;3.7142857142857135;18/02/2017 12:45;01/07/2017 13:23;4.433333333333334;44.45;SC
vendeur 2007;a4b8d97cd5d3674eeff96abc99d8ed67;214.08;1.0;0.0;8.0;13/06/2018 12:16;13/06/2018 12:16;1.0;36.03;SP
vendeur 2008;a4bd6e9adf39b63f43dc545d3ca1f53d;1848.59;4.6;0.0;5.2;15/04/2017 9:42;03/05/2018 10:34;12.766666666666667;57.9;RJ
vendeur 2009;a4e634166243bbb3a13fa584463fa468;155.55;2.0;0.0;1.0;26/02/2018 6:37;28/04/2018 19:25;2.033333333333333;42.02;SP
vendeur 2010;a4fc6eadaff1576af888509a53420f6a;100.86;3.0;0.0;2.0;22/05/2018 18:15;22/05/2018 18:15;1.0;48.02;SP
vendeur 2011;a513150f33f99a06569e9cd5c4bb889b;805.6500000000001;4.333333333333333;0.0;1.0;27/11/2017 14:19;01/12/2017 15:32;1.0;56.13;SP
vendeur 2012;a5259c149128e82c9d6d46e0c1c812bb;1182.26;3.875;0.0;5.625;31/07/2017 13:45;09/03/2018 10:24;7.333333333333333;53.44;RO
vendeur 2013;a53f60f05f822b5c621a50ff6a5cb362;415.4;2.6;0.0;2.1666666666666665;25/06/2018 16:19;17/08/2018 22:35;1.7666666666666666;45.67;MG
vendeur 2014;a56a8043ebf66e42119618fb8cf232c6;83.0;5.0;0.0;1.0;03/08/2018 22:23;03/08/2018 22:23;1.0;60.01;SC
vendeur 2015;a56e351445e5863fc8960640ba9190c7;760.9200000000001;4.25;0.25;3.0;06/04/2018 21:36;27/04/2018 14:04;1.0;48.12;SC
vendeur 2016;a5a1bfcf728ab0e19182959cf0771ee4;1932.44;4.24;0.08;1.88;07/01/2018 21:45;20/08/2018 22:09;7.5;53.36;SP
vendeur 2017;a5bff0f43eb51f0cad7c37fac7244c8a;445.0;4.8;0.0;1.0;20/02/2017 13:31;27/09/2017 14:51;7.3;58.87;SP
vendeur 2018;a5cba26a62b8b4d0145b68b841e62e7f;14836.84;4.535714285714286;0.0178571428571428;5.160714285714286;22/07/2017 10:44;20/08/2018 17:09;13.133333333333333;59.1;PR
vendeur 2019;a5dd1946fb63ada8bcaa0c9cd8f11e22;219.62;3.857142857142857;0.0;1.8571428571428568;08/09/2017 14:15;11/03/2018 11:11;6.1;53.18;PE
vendeur 2020;a5ff20ff766e7f50bd5066f33da14413;66.59;3.0;0.0;2.0;19/08/2018 22:38;24/08/2018 13:04;1.0;48.01;SP
vendeur 2021;a61cc04793308395a840807104365121;14.63;5.0;0.0;1.0;03/05/2018 9:31;03/05/2018 9:31;1.0;60.0;SP
vendeur 2022;a63bfbaa882c8f4542891b4e2246cc7f;6772.0;4.428571428571429;0.1428571428571428;7.428571428571429;11/06/2018 23:01;23/08/2018 18:19;2.4;53.39;RJ
vendeur 2023;a64e44665225d19dfc0277eeeaaccc57;335.0;5.0;0.1666666666666666;4.166666666666667;22/06/2018 15:06;22/08/2018 14:53;2.0;55.05;SP
vendeur 2024;a663d9c3797e90eac99ff60939416a56;235.0;5.0;0.0;8.0;16/05/2018 13:31;16/05/2018 13:31;1.0;60.04;SP
vendeur 2025;a673821011d0cec28146ea42f5ab767f;14388.08;3.9034482758620688;0.1045751633986928;3.3594771241830066;27/02/2017 19:54;22/08/2018 1:35;18.0;52.64;SP
vendeur 2026;a67780aba9dd436e7ac0aa1f889e73ec;863.0;3.6666666666666665;0.3333333333333333;4.833333333333333;24/11/2017 12:23;06/08/2018 18:03;8.5;42.14;SP
vendeur 2027;a69aa24cec11168e7e39a3fbc727e925;105.97;5.0;0.0;1.6666666666666667;13/06/2018 11:29;18/07/2018 10:05;1.1333333333333333;60.02;SP
vendeur 2028;a6bd7d1ccdac48c6b33b28596b7eb122;14368.61;3.333333333333333;0.125;6.6875;28/06/2017 8:47;22/07/2018 16:18;12.966666666666669;48.6;PB
vendeur 2029;a6fe7de3d16f6149ffe280349a8535a0;3613.6;4.079365079365079;0.125;1.875;11/07/2017 19:38;06/08/2018 19:25;13.0;51.32;SP
vendeur 2030;a70e9066dbfd10b6b97a3f54a1356762;1716.0;5.0;0.0;10.0;25/04/2017 13:46;20/11/2017 18:11;6.966666666666667;60.28;PR
vendeur 2031;a72c2f59332659e361d647515c698798;802.9;4.833333333333333;0.0;2.1666666666666665;14/01/2018 17:09;16/07/2018 21:37;6.1;59.13;RS
vendeur 2032;a72f15980dc3e9bfd1a49ac9b2f3af65;89.9;4.0;0.0;1.0;25/07/2018 16:18;25/07/2018 16:18;1.0;54.01;SP
vendeur 2033;a7a9b880c49781da66651ccf4ba9ac38;382.5;3.6;0.0;3.0;16/05/2018 16:16;06/07/2018 11:54;1.6666666666666667;51.66;SP
vendeur 2034;a7b7354cc588f7566a848bcbb1ce3d96;79.8;4.0;0.0;1.0;13/03/2017 22:11;23/03/2017 15:16;1.0;54.01;SP
vendeur 2035;a7c53f6b3b61adbdaa99dda97e8cbd56;198.0;4.0;0.0;1.0;06/03/2017 20:29;06/03/2017 20:29;1.0;54.03;SP
vendeur 2036;a7c88262832dfc683781d6a421edefae;1520.0;4.2;0.0;5.0;13/03/2017 17:02;12/02/2018 22:54;11.2;55.45;SP
vendeur 2037;a7d0f8dd44f57ef6de7f7f02e3d82630;73.78999999999999;4.5;0.0;1.0;25/06/2018 12:06;19/08/2018 20:26;1.8333333333333333;57.01;SP
vendeur 2038;a7dc4098e4da6e41b426269d12ae7e91;518.0;3.6666666666666665;0.0;3.0;19/07/2018 11:18;10/08/2018 10:39;1.0;52.08;SP
vendeur 2039;a7ecf689b40a44361e259b28939023e4;389.0;5.0;0.0;10.0;13/07/2018 22:05;13/07/2018 22:05;1.0;60.06;ES
vendeur 2040;a7f13822ceb966b076af67121f87b063;12707.6;3.4302325581395348;0.057471264367816;4.333333333333333;04/10/2016 18:52;04/05/2017 19:31;7.066666666666666;50.93;SP
vendeur 2041;a806a4bb063ea7ca6d374eafa50a6058;294.4;3.8333333333333335;0.0;2.833333333333333;02/01/2018 23:26;12/02/2018 17:56;1.3333333333333333;53.05;ES
vendeur 2042;a81466620e46a6970b22ef40379fdfc9;482.7000000000001;5.0;0.0;2.6666666666666665;11/10/2017 10:15;13/10/2017 14:29;1.0;60.08;SC
vendeur 2043;a8739afb32aaa45e01815ca76f76f54b;318.48;3.4375;0.0625;1.0;07/06/2018 22:47;06/08/2018 19:31;1.9666666666666663;48.8;SP
vendeur 2044;a888faf2d1baececa6baf9c3d603ee1f;17765.8;4.054545454545455;0.1454545454545454;6.036363636363636;28/01/2017 21:51;02/05/2018 3:50;15.266666666666667;52.87;PR
vendeur 2045;a89e143d5211473ae18db9577ee34b64;210.0;3.6666666666666665;0.0;3.333333333333333;04/06/2017 12:09;07/10/2017 8:35;4.133333333333334;52.03;SP
vendeur 2046;a90a5da8b09e44264a177c0374a5ac87;74.69999999999999;4.333333333333333;0.0;3.333333333333333;20/02/2017 22:26;08/03/2017 20:17;1.0;56.01;PR
vendeur 2047;a938325a4b357fd23a6a4d5bb126408e;3390.0;3.923076923076923;0.0384615384615384;3.6538461538461537;15/09/2017 15:51;14/08/2018 14:57;11.066666666666666;52.94;RJ
vendeur 2048;a9415cf907dfa12f9ed18693244f5329;210.0;5.0;0.0;1.0;19/01/2018 16:34;19/01/2018 16:34;1.0;60.03;MG
vendeur 2049;a99504ac23ed125aaf5302af6cc30af9;978.0;5.0;0.0;2.0;14/10/2017 14:45;14/10/2017 14:45;1.0;60.16;SP
vendeur 2050;a9ae440659f48b7849df83e82734150b;285.0;5.0;0.0;6.0;13/10/2017 13:10;13/10/2017 13:10;1.0;60.05;SP
vendeur 2051;a9b533a26e898b12e8b8d4c07279bf4d;119.6;5.0;0.0;1.0;31/07/2017 8:08;08/12/2017 19:31;4.333333333333333;60.02;RJ
vendeur 2052;aa17b35ce4de7b565be3249ba838944f;119.7;4.666666666666667;0.0;2.333333333333333;24/08/2017 21:26;01/09/2017 17:56;1.0;58.02;SP
vendeur 2053;aa1eb17b9fdf6dfd546e25c45c7b9235;117.99;4.5;0.0;1.0;01/12/2017 11:14;25/04/2018 19:27;4.833333333333333;57.02;SP
vendeur 2054;aa2640d851ec322526f1295bbeb20092;159.98;3.0;0.0;3.0;06/05/2018 21:13;06/05/2018 21:13;1.0;48.03;SP
vendeur 2055;aa762680c40618316a896838866140ea;261.0;3.333333333333333;0.3333333333333333;1.3333333333333333;06/04/2018 22:32;11/05/2018 17:57;1.1333333333333333;40.04;PR
vendeur 2056;aa8af66c623d7d544dfe4bb85b5ebe3b;99.0;5.0;0.0;2.0;03/06/2018 19:46;03/06/2018 19:46;1.0;60.02;MG
vendeur 2057;aac29b1b99776be73c3049939652091d;6949.08;3.897810218978102;0.0833333333333333;3.75;25/01/2017 12:48;08/08/2018 17:52;18.666666666666668;52.02;MG
vendeur 2058;aac51c486b672a9850d59f3e84b1cf88;728.28;4.769230769230769;0.0;1.5384615384615383;12/08/2018 9:56;24/08/2018 20:24;1.0;58.73;SP
vendeur 2059;aadfe0417e61315688b6bd7043361e25;289.9;4.0;0.0;5.0;03/08/2017 8:40;03/08/2017 8:40;1.0;54.05;GO
vendeur 2060;aae3bfea055532c57fb453ed3ec80b30;3212.51;3.576923076923077;0.0;1.849056603773585;18/01/2017 17:20;15/05/2018 16:01;16.033333333333335;51.99;SP
vendeur 2061;aae5953b9edddf14749c0d65d60eb4b9;173.0;5.0;0.0;3.5;30/09/2017 0:53;18/10/2017 21:52;1.0;60.03;MG
vendeur 2062;aae5e7b457a3c72ee230a47d98fceda5;604.8;4.142857142857143;0.0;2.142857142857143;05/04/2018 14:35;17/08/2018 18:21;4.466666666666667;54.96;PR
vendeur 2063;aaed1309374718fdd995ee4c58c9dfcd;9376.95;4.053571428571429;0.0267857142857142;2.508928571428572;09/10/2016 11:43;01/08/2018 15:54;22.03333333333333;55.05;SC
vendeur 2064;aafe36600ce604f205b86b5084d3d767;10745.2;4.405228758169935;0.0392156862745098;2.189542483660131;18/02/2017 22:42;16/08/2018 9:28;18.1;57.01;SC
vendeur 2065;ab27bbbad5239bc31a34709275a70db4;382.9;5.0;0.0;9.181818181818182;31/10/2017 17:54;03/07/2018 10:16;8.133333333333333;60.06;SP
vendeur 2066;ab3e0c171fe84a7ba7de130f19cfb485;863.42;3.2;0.2;1.7;16/04/2017 12:18;05/04/2018 18:57;11.8;43.34;PR
vendeur 2067;ab75b89cc49c9ab3160d0c91565a442a;37.98;1.5;0.0;5.0;05/07/2017 16:05;08/09/2017 17:33;2.1666666666666665;39.01;SP
vendeur 2068;ab91571efab27993ff2f6b36e38055c3;102.24;4.75;0.5;1.5;23/03/2018 17:02;25/07/2018 17:22;4.133333333333334;43.52;SP
vendeur 2069;ab9db4cf53b08b828b64dccaafc2d9f0;277.67;4.2;0.0;1.2;18/05/2017 17:35;19/07/2018 14:24;14.2;55.24;RS
vendeur 2070;aba1721a889e04decc910aa13b768ef4;14279.3;4.462365591397849;0.1182795698924731;3.172043010752688;08/02/2017 14:36;21/08/2018 10:57;18.6;55.56;SP
vendeur 2071;abbf6046bbdf1028606a5bc7f00c99e7;2432.15;4.125;0.0;5.875;24/01/2018 0:33;02/05/2018 22:13;3.2666666666666666;55.15;SC
vendeur 2072;abc015ebac1d283a323ca9db35ede4b9;1215.8;4.428571428571429;0.0;2.142857142857143;10/02/2017 10:31;09/12/2017 9:44;10.033333333333331;56.77;SP
vendeur 2073;abcd2cb37d46c2c8fb1bf071c859fc5b;4880.22;4.25;0.0384615384615384;4.0;29/05/2017 15:28;11/08/2018 20:16;14.633333333333333;55.14;MT
vendeur 2074;abe021b01ba992245271b9aa422032df;6720.0;3.5;0.0;3.0;04/02/2017 18:54;09/05/2017 14:46;3.1;52.1;PR
vendeur 2075;abe42c5d03695b4257b5c6cbf4e6784e;17159.0;3.918367346938776;0.16;5.32;31/08/2017 17:25;05/08/2018 14:52;11.266666666666667;51.52;RJ
vendeur 2076;ac137bac82ffa8548e62bd9d01d2a14f;49.6;1.0;0.0;2.0;15/05/2017 20:39;15/05/2017 20:39;1.0;36.01;SP
vendeur 2077;ac1ed5fc15901fbc92920361eb4ab350;110.25;1.0;0.0;1.0;17/06/2017 13:34;17/06/2017 13:34;1.0;36.02;SP
vendeur 2078;ac3508719a1d8f5b7614b798f70af136;12985.54;4.580952380952381;0.02803738317757;3.747663551401869;23/05/2017 21:17;05/08/2018 13:31;14.6;58.77;RS
vendeur 2079;ac51cac5e20d69ff485a54746488ef48;759.9;3.5;0.0;5.0;14/01/2018 18:50;30/01/2018 13:28;1.0;51.12;SP
vendeur 2080;ac6417315ae5da8f9a38ee11de6f7780;788.9;3.75;0.125;3.125;27/04/2017 9:34;27/04/2018 21:28;12.166666666666666;48.88;SP
vendeur 2081;ac9b01377919cdbd2a1bbb8d5837c70b;55.9;3.0;0.0;3.0;05/08/2018 18:53;05/08/2018 18:53;1.0;48.01;SP
vendeur 2082;acadd4d36859671cb635527c6c977533;2381.0;4.25;0.1666666666666666;3.333333333333333;15/12/2017 16:15;08/08/2018 9:49;7.833333333333333;50.89;SP
vendeur 2083;acb6c2ca5c82411c1fdb88d5fd5eb95e;466.78;3.8333333333333335;0.0;1.0;16/02/2017 15:56;01/08/2018 15:56;17.7;53.08;SP
vendeur 2084;acce39e832338debb07b02385cde5967;4748.1;4.477272727272728;0.0;3.4318181818181817;12/05/2018 17:10;26/08/2018 15:11;3.5;57.64;MG
vendeur 2085;ace601496e211a664100321f038f50af;165.0;2.0;0.0;1.0;15/02/2017 23:00;15/02/2017 23:00;1.0;42.03;SP
vendeur 2086;aced59e9b31ef866a94f9e7f29d8d418;8032.0;4.5;0.0641025641025641;2.769230769230769;13/02/2017 11:50;26/08/2018 4:51;18.6;56.39;SP
vendeur 2087;acf974e4d5950ad143a247471b831eb9;423.8;4.8;0.0;1.8333333333333333;07/03/2017 16:20;30/10/2017 13:27;7.866666666666666;58.87;RS
vendeur 2088;ad14615bdd492b01b0d97922e87cb87f;8.25;5.0;0.0;1.0;10/02/2017 17:40;10/02/2017 17:40;1.0;60.0;SC
vendeur 2089;ad273c9eb54ecb4532de4bf75bae9e4e;734.0;3.9166666666666665;0.0;2.1666666666666665;01/03/2017 11:31;09/08/2018 1:14;17.5;53.62;PR
vendeur 2090;ad420dd0c4f92f8af951ac24b86d0cf5;4755.28;4.111111111111111;0.0851063829787234;3.382978723404255;26/04/2017 10:41;24/08/2018 18:00;16.166666666666668;52.89;MG
vendeur 2091;ad738d3fcf42655ed15c4960b7b6c601;65.0;1.0;0.0;4.0;21/05/2017 23:42;21/05/2017 23:42;1.0;36.01;RS
vendeur 2092;ad75519a07f039025e83795a4418470f;302.1;3.2222222222222223;0.0;3.0;26/01/2018 15:38;15/08/2018 16:08;6.7;49.38;GO
vendeur 2093;ad781527c93d00d89a11eecd9dcad7c1;6899.570000000001;3.0681818181818183;0.2727272727272727;4.954545454545454;17/07/2017 20:24;16/05/2018 9:44;10.066666666666666;41.35;SP
vendeur 2094;ad87df7699e83b8a91822a4a0b765c3a;349.9;3.7142857142857135;0.0;1.7142857142857142;21/03/2017 11:33;25/06/2017 16:32;3.2;52.34;SP
vendeur 2095;ad8ada0ffa993cb1197d102d9ab21a3e;599.8;1.0;0.0;1.0;13/03/2018 20:37;13/03/2018 20:37;1.0;36.1;MG
vendeur 2096;ad8b531ae67582f096925cff5630d0d1;208.35;3.0;0.0;3.333333333333333;23/04/2017 12:01;24/11/2017 20:26;7.166666666666667;48.03;PR
vendeur 2097;ad97a199236354e53fcd91a5a913e9a2;13665.9;4.526315789473684;0.1052631578947368;5.315789473684211;16/11/2017 20:47;23/07/2018 23:29;8.3;56.23;SC
vendeur 2098;adbc26658d6c7b4b6219f9d934598091;11916.3;4.064516129032258;0.1505376344086021;3.903225806451613;28/08/2017 11:44;21/08/2018 12:31;11.933333333333334;51.82;PR
vendeur 2099;adbe70ab2c97442046d393988c8d1d27;289.5;5.0;0.0;1.4;07/09/2017 13:07;12/10/2017 16:51;1.1666666666666667;60.05;SP
vendeur 2100;adcf50477d6a1f5d91bb9d54c4903cb5;1425.14;3.131578947368421;0.131578947368421;4.447368421052632;08/02/2017 17:01;29/06/2018 16:03;16.833333333333332;45.07;MG
vendeur 2101;ade45994b717ccee333492330fbf037b;9192.0;4.538461538461538;0.0;4.615384615384615;09/06/2018 20:12;15/08/2018 18:26;2.2;58.73;PR
vendeur 2102;aded58c8142dedc5494a81f948431fab;289.5;3.2;0.0;1.6;01/04/2018 19:44;23/04/2018 12:11;1.0;49.25;RJ
vendeur 2103;ae45ad30c2d2e5913094769690a239d2;251.8;5.0;0.0;4.0;08/12/2017 13:21;08/12/2017 13:21;1.0;60.04;SP
vendeur 2104;ae45df84722b1d15c5f32b23a095746c;901.83;4.833333333333333;0.0;3.0;22/02/2018 18:41;21/08/2018 10:19;5.966666666666667;59.15;SP
vendeur 2105;ae7ab174effdead6c241e547e4ca13f0;3576.6;3.2222222222222223;0.0;4.111111111111111;11/06/2018 10:22;11/08/2018 19:14;2.033333333333333;49.92;PR
vendeur 2106;ae8bfdbf1c2a2a2dee92d799db0a31c6;429.91;4.111111111111111;0.0;2.333333333333333;15/02/2017 9:34;15/05/2017 17:58;2.966666666666667;54.74;PR
vendeur 2107;ae9690c6e8fee182c28c9ff8e11ca52c;47.4;5.0;0.0;6.0;09/10/2016 23:25;09/10/2016 23:25;1.0;60.01;SP
vendeur 2108;aeb36d67f1414f234d42a29e27cf1f17;3263.8;4.5;0.25;6.5;14/05/2018 21:03;06/08/2018 20:17;2.7666666666666666;50.03;SP
vendeur 2109;aec99834ab5d38ead22766ada8497e87;459.0;5.0;0.0;4.0;20/07/2018 17:20;20/07/2018 17:20;1.0;60.07;PR
vendeur 2110;af3ef48d0e13835e529c29ac573c63e5;1458.63;3.772727272727273;0.0454545454545454;2.1818181818181817;16/05/2018 8:11;22/08/2018 19:43;3.2666666666666666;51.51;SP
vendeur 2111;af4a0e4cfe1d9c26b6712b1be25a72e5;8757.98;3.5;0.0769230769230769;3.0384615384615383;01/08/2017 11:03;15/03/2018 22:35;7.533333333333333;50.12;MG
vendeur 2112;af7cdac9d9897cddead9c6b08976c642;543.54;3.6666666666666665;0.1666666666666666;1.6666666666666667;14/03/2018 8:57;18/08/2018 11:30;5.233333333333333;47.09;SP
vendeur 2113;afa6714acee029b2dfdf357e5579cc03;3340.66;4.111111111111111;0.1111111111111111;4.055555555555555;08/10/2016 15:42;20/08/2018 11:23;22.666666666666668;51.88;SP
vendeur 2114;afac9f6b0c4e5f0a7ee87e922cd0f873;20.99;1.0;0.0;1.0;17/02/2018 17:16;17/02/2018 17:16;1.0;36.0;SP
vendeur 2115;afe0067131b73e40875c9b6c10bd2e21;5350.200000000001;4.1063829787234045;0.0416666666666666;3.6041666666666665;22/02/2017 20:39;10/06/2018 22:56;15.766666666666667;54.26;MG
vendeur 2116;b00af24704019bd2e1b335e70ad11f7c;189.0;5.0;0.0;3.0;20/06/2018 0:20;20/06/2018 0:20;1.0;60.03;BA
vendeur 2117;b01c2b7b8599b325103ebcddc67413e1;169.45;4.75;0.0;2.0;13/07/2018 9:52;18/08/2018 21:10;1.2;58.53;RS
vendeur 2118;b026643914f651e8371425e5b8a1e780;27.9;5.0;0.0;1.0;07/07/2017 10:26;07/07/2017 10:26;1.0;60.0;RJ
vendeur 2119;b0398568231ba5e6734af1881671a317;656.77;4.0;0.0;2.25;22/03/2018 14:59;10/04/2018 9:24;1.0;54.11;ES
vendeur 2120;b05b432bf68945d4d9783f9e3ca29ee8;224.8;4.5;0.0;2.5;11/09/2017 21:19;12/09/2017 17:49;1.0;57.04;SP
vendeur 2121;b080809eaacb49e5ca07290981472431;424.0;4.818181818181818;0.0;2.5454545454545454;24/02/2017 17:04;15/05/2018 8:48;14.8;58.98;MG
vendeur 2122;b0b346d3a89f5eb4c2968af3f083cd43;614.0;3.083333333333333;0.3333333333333333;1.5833333333333333;14/11/2017 12:22;03/08/2018 11:15;8.7;38.6;SP
vendeur 2123;b0f2a6122a90a93eb03e68653dd960e3;1620.3;4.857142857142857;0.0;3.571428571428572;28/04/2018 17:05;08/08/2018 16:54;3.3666666666666667;59.41;PR
vendeur 2124;b1204cfda1d4948679db3cfc0d3cb95c;2903.7;3.272727272727273;0.0;1.2727272727272727;17/01/2017 19:55;25/07/2018 21:44;18.466666666666665;50.11;SP
vendeur 2125;b127efdabeffb5d559349c7b172eb75d;372.5;4.5;0.25;2.583333333333333;26/01/2017 13:51;17/05/2017 19:12;3.7;49.56;SP
vendeur 2126;b12cfd255810394b60caef18ae163547;560.0;4.5;0.0;1.5;20/11/2017 16:52;24/11/2017 0:34;1.0;57.09;PR
vendeur 2127;b14db04aa7881970e83ffa9426897925;6022.6;3.7788461538461537;0.1061946902654867;3.256637168141593;06/10/2016 17:45;19/08/2018 18:43;22.73333333333333;50.47;SP
vendeur 2128;b16d3dadc47d4eb18be3d88bad0775ce;722.1;4.363636363636363;0.0909090909090909;2.4545454545454546;29/05/2018 23:02;16/08/2018 22:06;2.6;53.57;RS
vendeur 2129;b17b679f4f5ce2e03ce6968c62648246;4192.69;3.5762711864406778;0.1694915254237288;3.5084745762711864;05/10/2016 9:19;14/05/2018 12:37;19.53333333333333;47.06;SP
vendeur 2130;b18871c324516afa228a13e8f1ef0ae9;1064.6;3.9565217391304346;0.0869565217391304;1.7826086956521738;28/02/2018 22:21;18/06/2018 18:47;3.633333333333333;51.3;SP
vendeur 2131;b18dc380845b24038cfc48006478f099;8353.3;3.924528301886793;0.1296296296296296;4.75925925925926;06/10/2017 6:30;03/08/2018 11:34;10.033333333333331;51.02;SP
vendeur 2132;b19c48688808720822399ffa9f2dbe2f;959.99;5.0;0.0;8.0;22/08/2018 14:14;22/08/2018 14:14;1.0;60.16;SP
vendeur 2133;b19f3ca2ea475913750f25a5c37c8d8f;6202.91;2.7916666666666665;0.25;4.666666666666667;05/10/2017 22:22;07/08/2018 22:04;10.166666666666666;40.26;MG
vendeur 2134;b1a81260566c1bac3114a6d124413f27;9254.29;4.206896551724138;0.0172413793103448;3.2241379310344827;11/03/2018 10:24;17/08/2018 15:57;5.3;56.24;RS
vendeur 2135;b1aaae6b66ad3c40f54b389d7ea4bee0;1176.5;4.470588235294118;0.0;2.176470588235294;22/01/2017 11:08;24/05/2017 17:01;4.066666666666666;57.02;SP
vendeur 2136;b1ac6ea7895bc3dd6f0f6f4abbdd2821;3139.0;4.2682926829268295;0.0;2.1219512195121952;11/03/2017 17:05;15/01/2018 6:16;10.3;56.12;RS
vendeur 2137;b1b3948701c5c72445495bd161b83a4c;24699.19;1.7222222222222223;0.5;6.777777777777778;06/06/2017 8:37;12/08/2017 17:08;2.2333333333333334;29.37;SP
vendeur 2138;b1fc4f64df5a0e8b6913ab38803c57a9;8337.75;3.813008130081301;0.112;3.048;09/05/2017 10:49;10/08/2018 8:13;15.233333333333333;50.88;RJ
vendeur 2139;b1fecf4da1fa2689bccffa0121953643;5518.64;4.966666666666667;0.0;3.1;04/10/2016 15:35;27/05/2017 11:08;7.8;60.7;MS
vendeur 2140;b2479f944e1b90cf8a5de1bbfde284d6;5384.36;3.296551724137931;0.1438356164383561;2.1095890410958904;12/01/2018 18:17;20/08/2018 17:06;7.3;46.34;SP
vendeur 2141;b248792ac0b60ec3f93d80af1b4fae47;497.4;3.8;0.2;1.2;23/07/2018 23:48;22/08/2018 2:31;1.0;46.88;SP
vendeur 2142;b26741d31a563d769b4af0465ab20c56;648.0;4.0;0.0;5.5;20/02/2018 18:17;26/03/2018 16:14;1.1;54.11;SC
vendeur 2143;b274baf5bbd142410eb2958cf685d684;743.9;4.444444444444445;0.0;2.111111111111111;16/05/2018 12:51;20/07/2018 11:33;2.1333333333333333;56.79;RS
vendeur 2144;b29d3380981c51df13fc6fbe87e1763d;435.3;4.0;0.0;4.0;28/04/2018 14:49;02/08/2018 18:56;3.2;54.07;SP
vendeur 2145;b2a6d334e2833acea353624840e25a0e;1755.88;4.518518518518518;0.0;3.0;05/08/2017 18:56;05/06/2018 1:26;10.1;57.4;SP
vendeur 2146;b2ac621f0d0322434d04a12b078b9369;9575.5;4.4;0.1;5.533333333333333;22/08/2017 10:55;16/08/2018 15:59;11.966666666666669;54.97;PR
vendeur 2147;b2ba3715d723d245138f291a6fe42594;54494.38;4.1310160427807485;0.0793650793650793;2.955026455026455;04/10/2016 16:41;22/08/2018 8:25;22.866666666666667;61.32;SP
vendeur 2148;b2bdc5e7940a7d7ca8c4a37953b27a42;500.0;4.5;0.0;1.0;30/10/2017 14:25;30/10/2017 14:25;1.0;57.08;SP
vendeur 2149;b2c97074649f92197d9387d9033dda5f;684.71;4.636363636363637;0.0909090909090909;2.636363636363636;23/04/2018 10:28;14/08/2018 13:27;3.7666666666666666;55.2;SP
vendeur 2150;b2eecf5ea250510da76590ca79d60e5d;1130.0;5.0;0.0;3.1538461538461537;05/03/2017 4:18;11/11/2017 21:04;8.366666666666667;60.18;SP
vendeur 2151;b2f4d63c7203f539a78252565ca32257;14.9;5.0;0.0;3.0;09/09/2017 22:15;09/09/2017 22:15;1.0;60.0;RJ
vendeur 2152;b32be1695eb7ec5f10f72d9610a12527;27872.0;4.086956521739131;0.0425531914893617;5.425531914893617;24/11/2017 22:29;13/08/2018 12:59;8.7;57.8;RS
vendeur 2153;b335c59ab742f751a85db9c411a86739;5167.81;4.050847457627119;0.0338983050847457;2.0;04/10/2016 13:22;12/12/2017 19:45;14.466666666666669;54.13;MG
vendeur 2154;b33aaadd1a8891d2dfef0c4c3bdf0371;1504.0;3.764705882352941;0.1176470588235294;2.411764705882353;12/01/2018 10:45;21/06/2018 12:44;5.333333333333333;49.3;SP
vendeur 2155;b33e7c55446eabf8fe1a42d037ac7d6d;45532.17;4.170886075949367;0.1265822784810126;4.7215189873417724;10/10/2017 20:44;15/08/2018 16:14;10.266666666666667;58.67;SP
vendeur 2156;b347677812ea483b0f528eaf8cbc09b7;7288.99;4.523809523809524;0.0;3.809523809523809;24/11/2017 12:12;22/06/2018 22:10;7.0;58.33;PR
vendeur 2157;b372ee768ed69e46ca8cdbd267aa7a38;13070.0;4.424657534246576;0.0;4.397260273972603;18/03/2017 11:24;23/08/2018 14:59;17.433333333333334;58.68;SP
vendeur 2158;b37c4c02bda3161a7546a4e6d222d5b2;24075.0;1.4;0.0666666666666666;1.5333333333333334;23/04/2017 12:07;15/07/2018 14:49;14.933333333333334;40.34;SP
vendeur 2159;b3809b8d4394588a47c8470ea331e135;89.0;4.0;0.0;1.0;06/07/2018 19:46;06/07/2018 19:46;1.0;54.01;SP
vendeur 2160;b39d7fe263ef469605dbb32608aee0af;5384.0;3.74;0.0392156862745098;3.588235294117647;16/09/2017 14:51;23/08/2018 12:47;11.333333333333334;52.14;SP
vendeur 2161;b3b17aab11f273023a5f22ca52e1eb70;6850.0;4.846153846153846;0.1538461538461538;6.076923076923077;25/01/2018 13:07;09/06/2018 10:24;4.466666666666667;55.58;PR
vendeur 2162;b3e2faf2c1004d674f16a3aa3197f0e1;61.47;5.0;0.0;1.3333333333333333;07/02/2017 19:50;10/05/2017 10:34;3.033333333333333;60.01;SP
vendeur 2163;b3f19518fcec265b2e97af287725f981;690.87;4.0;0.0;2.1538461538461537;20/03/2017 20:01;26/08/2017 12:44;5.266666666666667;54.11;SP
vendeur 2164;b410bdd36d5db7a65dcd42b7ead933b8;7905.9;4.666666666666667;0.0222222222222222;5.088888888888889;24/01/2018 15:42;21/08/2018 10:48;6.933333333333334;58.63;GO
vendeur 2165;b416191c9813d821a295cfabafff4161;117.8;2.5;0.0;1.0;28/07/2017 14:33;16/08/2017 13:35;1.0;45.02;SP
vendeur 2166;b43d8b707f887a30f4675391098354a0;1342.0;2.5;0.25;8.0;07/04/2018 23:06;22/07/2018 19:49;3.5;37.72;SP
vendeur 2167;b44dbfbf62e52125f3c15d230569ea91;609.37;4.375;0.0;1.875;19/04/2018 11:45;10/08/2018 10:03;3.733333333333333;56.35;SP
vendeur 2168;b452cb0ae35044c4a53179c39f49fb06;63.7;4.0;0.0;1.0;01/06/2018 17:13;02/06/2018 13:16;1.0;54.01;SP
vendeur 2169;b45d7ebfb7378630f1bcd74b6ff86ff7;1007.5;3.8;0.0;4.2;03/09/2017 15:21;26/02/2018 0:11;5.833333333333333;52.96;MG
vendeur 2170;b494891378bd8f4560abe576c52deacd;3198.7000000000003;4.5;0.0833333333333333;4.5;28/06/2018 18:50;20/08/2018 0:59;1.7333333333333334;55.02;SP
vendeur 2171;b499c00f28f4b7069ff6550af8c1348a;10407.11;4.137566137566138;0.1164021164021164;2.2645502645502646;03/10/2016 22:31;24/08/2018 14:09;22.966666666666665;53.03;SP
vendeur 2172;b4a476fbd28de64b1e347abf9089366a;5724.04;3.756756756756757;0.0789473684210526;3.8684210526315774;29/03/2017 19:09;26/06/2018 19:58;15.133333333333333;51.11;SP
vendeur 2173;b4b447d715f9ab302a188fb43d3e96b3;685.9300000000001;4.8;0.2;4.4;03/07/2018 15:00;26/08/2018 22:19;1.8;52.91;SP
vendeur 2174;b4f8921fcc4ff77b66bea6dda43dcd51;11395.05;4.6;0.05;4.6;19/05/2018 16:23;21/08/2018 21:18;3.1333333333333333;57.96;RS
vendeur 2175;b4ffb71f0cb1b1c3d63fad021ecf93e1;7106.68;4.032608695652174;0.0217391304347826;2.135869565217391;01/02/2017 14:38;18/08/2018 10:55;18.73333333333333;54.7;SP
vendeur 2176;b55638ad525e906c698fa2ce742c1742;1153.8;4.230769230769231;0.1538461538461538;2.230769230769231;06/11/2017 19:23;08/08/2018 12:51;9.133333333333333;50.96;SC
vendeur 2177;b561927807645834b59ef0d16ba55a24;4759.19;4.37;0.14;1.58;19/01/2018 0:48;26/08/2018 20:57;7.3;52.8;SP
vendeur 2178;b566ab0ef88016e00422755e305103c6;1208.0;3.2;0.2;3.8;11/03/2018 10:26;23/07/2018 13:26;4.466666666666667;43.4;MG
vendeur 2179;b56828a9f9027f3c918c04ca720d9e3c;360.0;2.6666666666666665;0.3333333333333333;1.3333333333333333;03/10/2017 14:05;02/05/2018 12:17;7.0;36.06;SP
vendeur 2180;b56906f7fd1696e043f1bcce164c487b;2212.47;3.954545454545455;0.0454545454545454;2.659090909090909;06/10/2016 14:59;08/08/2018 9:00;22.33333333333333;52.72;SP
vendeur 2181;b57e8460909fa137df7951b4a3b5ea84;198.0;2.0;0.0;1.0;02/03/2017 7:53;02/03/2017 7:53;1.0;42.03;RS
vendeur 2182;b586cd24c010a13916af621b0325fbba;1258.93;3.875;0.0;5.375;17/06/2018 21:50;23/08/2018 11:27;2.2;53.46;SC
vendeur 2183;b5abf4f36adc043117b4fca82c22984c;1299.7;2.6153846153846154;0.2307692307692307;2.076923076923077;11/04/2017 12:05;11/08/2018 14:35;16.233333333333334;38.98;DF
vendeur 2184;b5b800c4065bebf4d3442311c9857344;79.9;5.0;0.0;3.0;01/05/2018 12:29;01/05/2018 12:29;1.0;60.01;SP
vendeur 2185;b5bb2b985208834bd5bd86c7a402bbad;621.06;5.0;0.0;3.5;31/01/2018 21:10;21/04/2018 22:27;2.6666666666666665;60.1;RS
vendeur 2186;b5d034ac251546e25afe9067f05c1539;69.9;5.0;0.0;1.0;21/04/2018 5:31;21/04/2018 5:31;1.0;60.01;SP
vendeur 2187;b5dd7151a92ccaaa282cbe9681a05f44;170.0;5.0;0.0;1.0;18/07/2018 10:09;18/07/2018 10:09;1.0;60.03;SP
vendeur 2188;b5e3e38609125694d2ea2417522a60b7;995.04;4.352941176470588;0.2352941176470588;3.0588235294117645;16/04/2017 20:39;19/09/2017 13:30;5.166666666666667;49.22;SC
vendeur 2189;b5f0712d22a873b6797ab6cc65c3fcba;12.99;4.0;0.0;2.0;13/08/2018 12:22;13/08/2018 12:22;1.0;54.0;SP
vendeur 2190;b5f49fe968dff6b112861e6cd8e192ef;194.7;5.0;0.0;1.0;18/01/2018 18:21;18/01/2018 18:21;1.0;60.03;PR
vendeur 2191;b64d51f0435e884e8de603b1655155ae;432.18;3.88;0.2;1.56;07/04/2018 11:00;24/08/2018 10:35;4.6;47.35;SP
vendeur 2192;b67d6c666e8dce1d078c882825e12704;352.84;4.875;0.0;1.5;06/07/2018 12:11;08/08/2018 16:42;1.1;59.31;SP
vendeur 2193;b6c6854d4d92a5f6f46be8869da3fa1a;69.9;1.0;0.0;1.0;28/04/2017 7:04;28/04/2017 7:04;1.0;36.01;SP
vendeur 2194;b6d44737c043328708f6749c2dbe50bd;5679.5;4.505882352941176;0.0705882352941176;2.8941176470588235;15/03/2017 12:56;07/08/2018 17:47;17.0;55.85;SP
vendeur 2195;b6dc74ed30f124f95227bed4e43a3bed;551.92;3.928571428571429;0.0714285714285714;2.571428571428572;31/01/2017 17:57;05/12/2017 10:31;10.233333333333333;51.52;PR
vendeur 2196;b6e1504972665f739dec4facb9943775;1484.48;4.357142857142857;0.0714285714285714;3.0;22/05/2017 21:17;26/03/2018 12:35;10.233333333333333;54.24;SP
vendeur 2197;b6f52e346160519c24a23af05410ad32;129.9;4.0;0.0;2.0;26/04/2018 8:13;26/04/2018 8:13;1.0;54.02;SP
vendeur 2198;b74d1c09cb380e1d03a6f859c6f4224b;2221.6;4.205128205128205;0.1538461538461538;2.076923076923077;23/02/2018 16:51;09/08/2018 13:35;5.533333333333333;50.98;RJ
vendeur 2199;b76a1f8356322f12529c37b67d5c96c2;413.4;4.833333333333333;0.0;2.833333333333333;19/12/2017 19:01;19/02/2018 15:11;2.033333333333333;59.07;SP
vendeur 2200;b76dba6c951ab00dc4edf0a1aa88037e;2643.21;4.16374269005848;0.0289017341040462;1.6127167630057804;06/01/2017 21:30;27/08/2018 20:03;19.9;54.55;SP
vendeur 2201;b76f4d90e85657a240495c876313adc5;299.0;5.0;0.0;2.0;25/08/2018 22:28;25/08/2018 22:28;1.0;60.05;SP
vendeur 2202;b77a27b1864483e721dc831d5ba4afa0;41.8;3.5;0.0;1.0;30/03/2017 6:24;10/05/2017 20:35;1.3666666666666667;51.01;RJ
vendeur 2203;b7ba853e9551f4558440881fd3e5c815;376.8;1.0;0.0;5.5;04/10/2016 14:51;06/10/2016 16:17;1.0;36.06;RS
vendeur 2204;b7cc6c5e001441ae8cdd5c69a480cbe4;651.8;4.166666666666667;0.0;2.0;26/02/2017 23:33;30/01/2018 22:12;11.233333333333333;55.11;SC
vendeur 2205;b7d5b4b87af9d42b601865d3f3810bff;1049.0;2.0;0.0;5.5;06/05/2017 18:49;07/11/2017 18:05;6.133333333333334;42.17;SC
vendeur 2206;b7e1750c1157341d2abd0251e07c186b;159.6;4.5;0.0;3.5;14/02/2017 13:18;20/04/2017 14:30;2.1666666666666665;57.03;SP
vendeur 2207;b7ed9fb14c8eadb37adb9c45d67ab0fb;566.0;2.909090909090909;0.0;1.818181818181818;01/07/2017 12:10;27/07/2018 20:09;13.033333333333331;47.55;SP
vendeur 2208;b8114f2f589a6804810f04f99b36b498;1399.62;4.727272727272728;0.0;4.454545454545454;04/04/2018 16:05;17/08/2018 10:28;4.466666666666667;58.59;SP
vendeur 2209;b81e3a6c866a764974fe849821abeebd;836.1500000000001;4.545454545454546;0.0;2.8181818181818183;14/07/2018 19:31;15/08/2018 22:06;1.0666666666666669;57.41;SP
vendeur 2210;b839e41795b7f3ad94cc2014a52f6796;42829.0;4.027777777777778;0.0277777777777777;6.916666666666667;01/03/2018 10:18;25/08/2018 15:12;5.9;60.34;SP
vendeur 2211;b83cedfb587e7911540e3f576d6917ce;2349.73;4.269230769230769;0.0769230769230769;2.730769230769231;23/06/2017 17:21;14/05/2018 12:20;10.8;53.69;SP
vendeur 2212;b8555308bfdb4ca1ed54325a58da9a97;3047.2000000000003;4.071428571428571;0.0714285714285714;1.2857142857142858;11/12/2017 13:47;23/08/2018 11:29;8.466666666666667;52.78;SP
vendeur 2213;b8578d2d823bd8e251f6fdd02b40902d;1255.6;4.444444444444445;0.0;2.6666666666666665;12/04/2018 20:58;19/07/2018 15:42;3.2333333333333334;56.87;SC
vendeur 2214;b8630e1121437d41cb08e3c749c2c2e2;7658.0;4.384615384615385;0.1538461538461538;3.615384615384616;25/11/2017 4:02;06/08/2018 9:14;8.466666666666667;52.94;RJ
vendeur 2215;b86a47b3366e3b5424a7b225781f4908;86.5;3.0;0.0;1.0;05/01/2018 10:01;05/01/2018 10:01;1.0;48.01;MG
vendeur 2216;b87a7ea0c30fad2dd6781b74a0064859;515.4;3.4444444444444446;0.3333333333333333;3.555555555555556;10/01/2018 19:14;02/07/2018 14:00;5.733333333333333;40.75;SP
vendeur 2217;b88e7c57cb2d8b973b7dd4a2bfa14b36;353.9;4.25;0.0;3.25;21/05/2017 13:09;01/12/2017 0:13;6.433333333333334;55.56;PR
vendeur 2218;b8a0adc91af209270c2c725168eb00fd;327.3;3.571428571428572;0.0;2.0;16/04/2018 19:54;27/06/2018 10:15;2.3666666666666667;51.48;SP
vendeur 2219;b8bc237ba3788b23da09c0f1f3a3288c;13975.7;4.361702127659575;0.0208333333333333;4.770833333333333;07/08/2017 8:31;30/06/2018 7:43;10.866666666666667;57.83;SC
vendeur 2220;b8d890108a7a80e4f5d59eea9f362438;89.69999999999999;3.333333333333333;0.3333333333333333;1.0;05/09/2017 8:05;19/10/2017 12:07;1.4666666666666666;40.01;PR
vendeur 2221;b906dd0e57f282c7089171b6ed07982e;175.0;4.0;0.0;5.5;18/04/2018 1:06;25/06/2018 17:58;2.2666666666666666;54.03;PR
vendeur 2222;b90e891671cffd9557f33a97dc523645;4449.0;4.128205128205129;0.0;2.871794871794872;18/08/2017 16:54;23/08/2018 12:56;12.3;55.5;PR
vendeur 2223;b92e3c8f9738272ff7c59e111e108d7c;8790.49;4.118421052631579;0.0263157894736842;3.881578947368421;17/01/2017 22:26;07/08/2018 15:23;18.866666666666667;55.36;MG
vendeur 2224;b94cc9f10ddc85e4ba73a6f7974e7101;25946.0;4.315789473684211;0.075;6.575;02/11/2017 9:30;12/06/2018 16:20;7.4;57.89;RJ
vendeur 2225;b98b715fe9e276204e2a3464f48cd796;450.58;3.333333333333333;0.1666666666666666;1.8333333333333333;03/02/2017 15:20;24/04/2018 8:53;14.8;45.07;SP
vendeur 2226;b9a03475e6447e631b6799ec8274800f;1349.1;4.2727272727272725;0.0;2.727272727272727;06/11/2017 15:24;28/07/2018 19:42;8.8;55.86;PR
vendeur 2227;b9c0ffa92f3ff9a5a3d45ef7213c0842;490.0;5.0;0.0;7.0;17/09/2017 6:44;14/12/2017 20:24;2.933333333333333;60.08;SP
vendeur 2228;b9ca8e8baa5d4aa038394a700f63e69f;1289.77;4.214285714285714;0.0714285714285714;2.571428571428572;23/04/2018 14:23;28/08/2018 12:38;4.2;53.35;SP
vendeur 2229;b9de031b671cd48b28fae9d828cbf2b4;155.32;5.0;0.0;4.0;18/07/2018 13:52;18/07/2018 13:52;1.0;60.02;SP
vendeur 2230;b9ec22de23f18567de0e09d776ca0309;341.98;5.0;0.0;8.0;22/06/2018 14:30;14/08/2018 23:20;1.7666666666666666;60.06;DF
vendeur 2231;ba143b05f0110f0dc71ad71b4466ce92;6530.53;4.455555555555556;0.1428571428571428;1.934065934065934;24/04/2018 13:18;18/08/2018 21:58;3.866666666666666;53.51;SP
vendeur 2232;ba5daa4041e1f15cdf34b76e3e18a450;806.8000000000001;4.266666666666667;0.0;1.6666666666666667;03/02/2018 12:38;20/08/2018 11:16;6.566666666666666;55.73;SP
vendeur 2233;ba6b4a237f92479743cf0ca06b67a9ac;801.89;4.25;0.125;1.875;17/01/2018 8:46;03/08/2018 18:35;6.6;51.88;RJ
vendeur 2234;ba6b68b55fe8704377a7d43c8e5c0185;739.77;4.2;0.0;6.0;02/05/2017 6:49;03/06/2017 14:27;1.0666666666666669;55.32;MG
vendeur 2235;ba6ce6de456f6c11d08c17701ba5c26f;744.35;3.7142857142857135;0.1428571428571428;1.5714285714285714;15/02/2018 17:02;23/07/2018 19:41;5.266666666666667;48.12;SP
vendeur 2236;ba89796db68db180bd389de96b2ff3b6;309.8;5.0;0.0;3.0;13/07/2018 13:42;29/07/2018 10:00;1.0;60.05;SP
vendeur 2237;ba8e85df286308fe68a2ce83a8f8b2d6;80.9;5.0;0.0;4.0;12/06/2018 22:21;12/06/2018 22:21;1.0;60.01;SC
vendeur 2238;ba90964cff9b9e0e6f32b23b82465f7b;46444.9;4.422222222222223;0.0666666666666666;6.377777777777778;25/02/2018 12:47;15/08/2018 18:28;5.7;62.13;SP
vendeur 2239;baa49d93c8c8841e27400a300f5d74b2;246.4;4.5;0.1666666666666666;2.0;03/05/2017 13:31;05/06/2017 12:57;1.0666666666666669;52.04;SC
vendeur 2240;bab0a8cd684e41ba6e2637dca0979d3b;269.9;5.0;0.0;1.0;22/08/2017 13:33;22/08/2017 13:33;1.0;60.04;RJ
vendeur 2241;babcc0ab201e4c60188427cae51a5b8b;79.0;5.0;0.0;1.0;01/07/2018 10:23;01/07/2018 10:23;1.0;60.01;SP
vendeur 2242;bac44fa8e13424950488659b5f765c41;19.9;5.0;0.0;3.0;04/10/2016 22:43;04/10/2016 22:43;1.0;60.0;SP
vendeur 2243;bac692d6c0ed08467878018e6cc9c26c;477.0;4.0;0.0;1.0;31/07/2018 16:21;31/07/2018 16:21;1.0;54.08;SC
vendeur 2244;bacb1f0ed56ad24198f5810d2b3fe9a5;7159.35;4.0;0.0232558139534883;3.186046511627907;30/04/2017 21:10;17/01/2018 22:58;8.733333333333333;54.47;SP
vendeur 2245;baeda7047354773262ba2405f97038ba;35.0;5.0;0.0;1.0;30/09/2017 7:55;30/09/2017 7:55;1.0;60.01;SP
vendeur 2246;baf15155e37ef5492731459bdc05be8a;47.0;5.0;0.0;1.0;16/03/2017 11:18;16/03/2017 11:18;1.0;60.01;SP
vendeur 2247;bafc5aa11e413978be29040f51342e70;1679.55;3.7777777777777777;0.1111111111111111;3.6666666666666665;04/12/2017 19:43;25/01/2018 9:28;1.7;49.61;MG
vendeur 2248;bb135baca94c82fcb731335ad5b04a03;1287.6;2.760869565217391;0.0;2.0;21/01/2017 6:58;11/08/2018 16:39;18.9;46.78;SP
vendeur 2249;bb2afe2061d53c6968aa0cffa233a8ec;549.4;4.833333333333333;0.0;2.333333333333333;09/05/2018 17:11;21/07/2018 23:56;2.433333333333333;59.09;SP
vendeur 2250;bb3dca718920a4d7ec3cc9ffb025108b;108.0;2.333333333333333;0.0;1.6666666666666667;08/02/2017 13:09;15/02/2017 17:55;1.0;44.02;SP
vendeur 2251;bb5bd94c8f59cc050072d2930c869cac;2743.76;4.052631578947368;0.1052631578947368;3.1052631578947367;12/02/2017 18:43;08/06/2018 9:43;16.0;51.61;SP
vendeur 2252;bb5d956dece964a06c12bceb66b923ae;1278.36;5.0;0.0;7.0;21/01/2018 15:52;19/02/2018 12:18;1.0;60.21;RJ
vendeur 2253;bb7a14e229b1c95156719c3d9552eeee;3190.1;4.181818181818182;0.0909090909090909;4.909090909090909;09/10/2017 8:49;20/04/2018 12:56;6.433333333333334;52.88;RJ
vendeur 2254;bb7ad8a45c027be8ab075b8e465f8ca0;19.98;5.0;0.0;2.0;22/07/2018 22:54;28/07/2018 13:17;1.0;60.0;SC
vendeur 2255;bba3293d6f5d5af2f415e004e8b93ae3;11702.1;4.294117647058823;0.0588235294117647;5.823529411764706;02/09/2017 21:01;22/06/2018 22:17;9.766666666666667;55.91;SP
vendeur 2256;bba74270a87732727b5a3b4fd9ac1c39;6001.59;3.804878048780488;0.0;2.3902439024390243;02/10/2017 9:21;31/05/2018 13:18;8.033333333333333;53.81;MG
vendeur 2257;bba8d0c234a52b87b3957037a215d1a4;120.0;5.0;0.0;1.0;04/05/2018 19:24;04/05/2018 19:24;1.0;60.02;GO
vendeur 2258;bbad7e518d7af88a0897397ffdca1979;4502.12;3.0588235294117645;0.2209302325581395;1.755813953488372;05/06/2017 11:30;06/08/2018 10:55;14.2;42.46;SP
vendeur 2259;bbaff50f3b708fda865918715276cd87;495.7;4.823529411764706;0.1176470588235294;2.0;15/03/2017 11:20;06/08/2018 21:40;16.966666666666665;55.49;SP
vendeur 2260;bbd3acfe6de99892e73940d3fdceaf68;69.0;3.0;0.0;2.5;18/08/2018 15:57;21/08/2018 10:38;1.0;48.01;SP
vendeur 2261;bbe87dce25ba8b38bb61cc7210a3f10b;287.0;5.0;0.0;2.5;11/05/2018 10:13;24/08/2018 9:18;3.466666666666667;60.05;SP
vendeur 2262;bbf4a892cac7b82422baa711dffb8997;70.0;5.0;0.0;10.0;11/06/2018 11:35;11/06/2018 11:35;1.0;60.01;PR
vendeur 2263;bbf9ad41dca6603e614efcdad7aab8c4;7846.0;4.5;0.0;4.214285714285714;05/02/2017 17:07;23/06/2018 18:22;16.766666666666666;58.28;CE
vendeur 2264;bc07d855eac23aab5ac8a120f21d16b2;1283.11;4.153846153846154;0.1538461538461538;2.6923076923076925;08/03/2018 19:38;12/08/2018 13:26;5.2;50.52;SP
vendeur 2265;bc2ac6b95e1accce9858528ee566c17e;2257.0;4.666666666666667;0.0;2.6666666666666665;21/08/2017 19:07;21/05/2018 17:38;9.066666666666666;58.37;SP
vendeur 2266;bc302730ea8cf49b5c74f579febb5bbf;2640.9;3.8181818181818175;0.0909090909090909;3.727272727272727;07/08/2017 12:44;02/08/2018 18:35;12.0;50.61;SP
vendeur 2267;bc30de0d71bd6260b936a026b5cf7200;392.37;4.666666666666667;0.0;1.6666666666666667;11/04/2018 16:10;26/04/2018 13:47;1.0;58.06;SP
vendeur 2268;bc39d8938f90a3a2b98193723ed59774;306.8;4.0;0.0;5.0;26/04/2018 21:37;21/06/2018 15:08;1.8333333333333333;54.05;SP
vendeur 2269;bc47d5d1490df2b36add65d733eafaba;1004.8;3.28;0.08;1.32;11/01/2018 15:08;08/08/2018 14:33;6.933333333333334;47.44;SP
vendeur 2270;bc503e244f187939d10c92a5c8e378ce;637.67;3.75;0.0625;1.1875;04/04/2017 13:46;26/02/2018 18:30;10.933333333333334;50.73;SP
vendeur 2271;bc8c8d665ec4664d286be0d521722b19;22.5;2.0;1.0;1.0;06/08/2018 15:03;06/08/2018 15:03;1.0;12.0;SP
vendeur 2272;bca9230d3bbb4efa51872bf605a2f1ad;117.57;4.0;0.2;1.0;07/06/2018 14:01;27/08/2018 23:30;2.7;48.02;SP
vendeur 2273;bcc9dd23e2a8bd8267cf92b19304a1b9;202.79;2.333333333333333;0.6666666666666666;2.0;19/01/2018 23:31;21/02/2018 22:43;1.0666666666666669;24.03;SP
vendeur 2274;bccf933e006e9b94a6184af782963e77;4162.74;4.533333333333333;0.0217391304347826;2.5217391304347827;06/10/2017 19:38;21/08/2018 15:13;10.6;57.23;SP
vendeur 2275;bcd2d7510d58e293f20fad6438c1b314;23.9;;1.0;1.0;09/02/2017 11:38;09/02/2017 11:38;1.0;;PR
vendeur 2276;bce6a5ecf98e99fd2a8868b15c51f04b;3594.9;4.1875;0.1875;3.6875;02/06/2018 10:10;22/08/2018 10:51;2.7;50.09;SP
vendeur 2277;bcf5566870987da7bc811fbc8c5b9fd9;96.0;1.0;0.0;1.0;10/08/2017 9:31;10/08/2017 9:31;1.0;36.02;SP
vendeur 2278;bd0389da23d89b726abf911cccc54596;7534.56;4.208791208791209;0.0769230769230769;1.824175824175824;13/03/2017 19:41;14/08/2018 14:48;17.266666666666666;54.18;DF
vendeur 2279;bd0a1b0aadca9a83d9304f7e8ff5fbd5;150.6;4.5;0.0;1.25;15/07/2018 21:50;29/07/2018 20:39;1.0;57.02;SP
vendeur 2280;bd149ed516d4c5d418d5781f8e18919f;451.9;4.9;0.0;2.2;31/10/2017 14:13;23/08/2018 23:04;9.866666666666667;59.47;SP
vendeur 2281;bd15ee794d5e640d9dd71b665b2ab15b;374.8;4.0;0.1666666666666666;2.9166666666666665;21/03/2018 12:59;14/08/2018 11:46;4.833333333333333;49.06;SP
vendeur 2282;bd1d49a326abfa9b1036772e40445430;637.7;3.8461538461538463;0.0769230769230769;2.076923076923077;07/11/2017 22:51;15/06/2018 12:52;7.3;50.87;SP
vendeur 2283;bd23da7354813347129d751591d1a6e2;10714.1;4.010989010989011;0.0434782608695652;4.163043478260869;17/07/2017 11:44;17/08/2018 9:08;13.166666666666666;54.51;SP
vendeur 2284;bd43e172d599bed47a85da877172ca8c;23.92;5.0;0.0;4.0;17/07/2018 23:29;17/07/2018 23:29;1.0;60.0;SC
vendeur 2285;bd4431c1a8dfa744b59e1e2a8bc99b9e;809.5;4.571428571428571;0.0;2.857142857142857;05/04/2018 22:09;14/08/2018 12:35;4.333333333333333;57.56;RJ
vendeur 2286;bd4889b5e9133b35b66e42a8665cea5c;8293.4;4.54;0.0;3.0392156862745097;08/04/2017 19:30;24/07/2018 11:50;15.7;58.6;SP
vendeur 2287;bd4ff04377f974574f7f0bf9d6ce7dde;204.95;3.8;0.2;2.6;05/10/2016 17:14;20/02/2017 12:16;4.566666666666666;46.83;SP
vendeur 2288;bd65d163ded559eb90a10cd09fec178f;19.8;4.0;0.0;3.0;21/08/2017 10:31;21/08/2017 10:31;1.0;54.0;SP
vendeur 2289;bd697db56ff8e7c9cd1abeb7f72029b2;4809.67;4.03030303030303;0.0;2.0303030303030303;12/02/2017 12:32;10/08/2018 12:30;18.1;54.97;SP
vendeur 2290;bdae679a9b282249bc23b9b69dae9a99;663.15;3.5;0.0;6.833333333333333;14/02/2018 11:37;13/08/2018 12:13;6.0;51.11;DF
vendeur 2291;bdb3edbaee43a761e2d4f258dc08f348;259.5;3.8;0.2;3.4;21/11/2017 22:22;18/12/2017 11:50;1.0;46.84;SP
vendeur 2292;bdf0d02d36a1d839d0c39c4a887cdd49;120.0;5.0;0.0;2.571428571428572;07/01/2018 18:31;04/02/2018 20:00;1.0;60.02;SP
vendeur 2293;be1e9e378700cecaa4ebf71433d7915c;119.89;3.0;1.0;1.0;19/11/2017 11:04;22/01/2018 17:08;2.1333333333333333;18.02;SP
vendeur 2294;be3b4b0f050a6aa1b2d901c4b77e979f;578.1999999999999;2.75;0.0;2.375;26/04/2018 9:05;08/06/2018 12:12;1.4333333333333331;46.59;PR
vendeur 2295;be67f78487e2cecb0d55bc769709e4f5;102.0;5.0;0.0;5.0;23/03/2018 17:06;23/03/2018 17:06;1.0;60.02;MG
vendeur 2296;be7a093e5b4d147b36b72bb1f9e415e5;60.9;5.0;0.0;1.0;07/07/2018 10:44;07/07/2018 10:44;1.0;60.01;PR
vendeur 2297;be8e909810184b9b19e886129149d8e5;629.85;3.733333333333333;0.2;1.2666666666666666;03/10/2017 13:27;13/05/2018 13:20;7.366666666666666;46.5;SP
vendeur 2298;be9a160a9011f627c3e121d076c1ec7b;2934.0;3.571428571428572;0.0;5.285714285714286;26/03/2017 11:36;08/12/2017 13:25;8.566666666666666;51.91;SC
vendeur 2299;beadbee30901a7f61d031b6b686095ad;4373.98;3.941176470588236;0.2352941176470588;2.1323529411764706;28/05/2018 18:47;22/08/2018 9:16;2.833333333333333;47.3;SP
vendeur 2300;bec568278124768c474ee90971ca94d1;219.9;4.5;0.0;5.0;17/06/2018 22:38;30/07/2018 19:24;1.4;57.04;SP
vendeur 2301;bede56095ba33c42038fb85f707b8a42;7097.9;4.666666666666667;0.0;6.333333333333333;20/08/2017 19:28;17/12/2017 9:15;3.933333333333333;59.16;SP
vendeur 2302;bee36b4f9a2b9fdcaff6ec05df202ed0;33.8;3.0;0.0;1.0;11/02/2017 17:06;05/03/2017 21:02;1.0;48.0;SP
vendeur 2303;bf00385a5f7fc1ef39a13c2e9ee50a5f;870.3;4.310344827586207;0.0;1.5517241379310345;03/07/2018 15:45;27/08/2018 19:59;1.8333333333333333;56.0;SP
vendeur 2304;bf0045791395e66460eb04749c68672a;179.7;3.6666666666666665;0.0;1.6666666666666667;07/02/2017 13:50;15/03/2017 21:04;1.2;52.03;SP
vendeur 2305;bf0d50a6410d487dc97d2baac0a8c0be;27.9;2.0;0.0;1.0;09/05/2018 14:14;09/05/2018 14:14;1.0;42.0;SP
vendeur 2306;bf100ecb7997df312b285358fb32f92c;1991.9;4.368421052631579;0.0;1.9523809523809523;23/01/2017 7:33;04/02/2018 20:43;12.566666666666666;56.54;PR
vendeur 2307;bf3c6d2a28b2b5501e6c15448982dcc9;3956.5;4.418604651162791;0.0232558139534883;2.581395348837209;29/05/2017 22:47;09/05/2018 12:03;11.466666666666669;56.46;SP
vendeur 2308;bf84056e679dbe9c69929847a40e338f;2077.73;3.707317073170732;0.073170731707317;1.902439024390244;19/02/2018 11:58;29/04/2018 13:50;2.3;50.39;SP
vendeur 2309;bf961104a38e01b9062ee026bb657dee;585.56;4.5;0.0;6.0;02/02/2017 13:51;09/02/2017 19:08;1.0;57.1;SP
vendeur 2310;bfd27a966d91cfaafdb25d076585f0da;21236.0;4.317073170731708;0.0476190476190476;3.261904761904762;05/02/2017 12:45;02/07/2018 10:01;17.033333333333335;57.95;SP
vendeur 2311;bfd938b22bc99bce1ae60dc602889f52;922.8;3.083333333333333;0.0;3.6666666666666665;22/01/2017 21:50;15/04/2017 13:21;2.7333333333333334;48.65;RJ
vendeur 2312;bff9deb0ec77d437f3305a79cf25529e;161.95;4.0;0.0;1.4;23/06/2018 7:13;16/08/2018 22:31;1.8;54.03;SP
vendeur 2313;c003204e1ab016dfa150abc119207b24;25718.59;4.41747572815534;0.0676328502415458;2.613526570048309;18/10/2017 23:51;26/08/2018 16:19;10.366666666666667;58.68;SP
vendeur 2314;c00396cbdd2e088fe4281baa5920aef1;832.4100000000001;5.0;0.0;6.0;04/04/2018 14:36;04/04/2018 14:36;1.0;60.14;PR
vendeur 2315;c004e5ea15737026cecaee0447e00b75;4700.0;1.0;0.5;10.0;06/08/2018 11:06;10/08/2018 0:17;1.0;21.77;SP
vendeur 2316;c0098efcf800861dcae589affca31408;1189.28;4.777777777777778;0.1111111111111111;2.4444444444444446;06/12/2017 18:59;17/07/2018 8:06;7.4;55.53;SP
vendeur 2317;c013e57c075a06e5b5c48ee03c525719;2052.53;4.170212765957447;0.0851063829787234;2.1702127659574466;27/02/2018 15:10;26/08/2018 19:04;6.0;52.8;SP
vendeur 2318;c026ef0d72e9132d9fa112308090c8dc;520.0;4.0;0.0;3.0;05/08/2018 11:38;05/08/2018 11:38;1.0;54.08;RJ
vendeur 2319;c03121937e54a93fcc1825c3098bbb6e;1043.0;5.0;0.0;2.857142857142857;28/03/2017 17:03;03/05/2018 20:52;13.366666666666667;60.17;PR
vendeur 2320;c04d70d515d15a7e3db3a73320598566;158.2;5.0;0.0;1.75;24/05/2017 22:17;13/11/2017 10:38;5.733333333333333;60.03;RJ
vendeur 2321;c0563dd588b775f2e37747ef6ad6c92c;3697.2;4.357142857142857;0.1071428571428571;3.678571428571429;28/02/2017 15:22;20/08/2018 16:08;17.933333333333334;53.53;SP
vendeur 2322;c092292535a57dacd95a8765f5518f87;125.0;5.0;0.0;2.0;05/07/2018 16:07;05/07/2018 16:07;1.0;60.02;RJ
vendeur 2323;c0aff2da32c17759d30b22fb0af6649d;188.8;3.8;0.0;1.0;11/06/2018 13:15;22/08/2018 15:27;2.4;52.83;SC
vendeur 2324;c0e0b73d039eb9a99b6ce4cb7a429cd3;29.88;5.0;0.0;1.0;15/06/2018 15:53;15/06/2018 15:53;1.0;60.0;SC
vendeur 2325;c0e6839516f5398edc34adf5f1d53d1a;432.92;2.6666666666666665;0.0;4.666666666666667;06/05/2017 10:58;12/08/2017 17:39;3.2666666666666666;46.07;SP
vendeur 2326;c0f3eea2e14555b6faeea3dd58c1b1c3;79.99;5.0;0.0;1.0;03/08/2018 0:26;03/08/2018 0:26;1.0;60.01;SP
vendeur 2327;c0f783394e37cd9c9d7f5f81141450fa;249.4;3.6;0.0;2.333333333333333;10/11/2017 13:49;13/12/2017 17:14;1.1;51.64;SP
vendeur 2328;c113b8df1fc375bc3d73d29c1b1144d1;333.0;4.2;0.0;5.8;15/06/2017 10:15;02/08/2017 16:17;1.6;55.25;SP
vendeur 2329;c12b92bf1c350f3e6bf88d3596219c86;4808.78;3.882352941176471;0.0588235294117647;5.0;01/05/2018 14:15;13/08/2018 15:17;3.466666666666667;52.32;SP
vendeur 2330;c12d7463a579237ffb9248bd7cff378b;25.9;4.0;0.0;3.0;06/10/2016 13:16;06/10/2016 13:16;1.0;54.0;SP
vendeur 2331;c13ef0cfbe42f190780f621ce81f2234;390.0;3.0;1.0;1.0;18/01/2018 13:36;18/01/2018 13:36;1.0;18.06;SP
vendeur 2332;c13fb473e7cb8b83ccd543c094df0608;54.8;3.5;0.0;3.0;30/01/2017 22:18;20/03/2017 10:48;1.6;51.01;SP
vendeur 2333;c1552b1dab6e6f760950368ae61fb600;53.8;2.5;0.0;1.0;22/08/2018 14:24;25/08/2018 11:00;1.0;45.01;SP
vendeur 2334;c157bdeedcbc9a8e3c8bf0d87ff24428;514.27;4.5;0.0;2.1;05/05/2017 16:46;20/08/2017 12:22;3.533333333333333;57.08;SP
vendeur 2335;c161d1327ebc3a156c09582ab2f59f6c;52.99;3.0;0.0;1.0;04/08/2017 13:54;09/02/2018 16:25;6.3;48.01;SP
vendeur 2336;c18309219e789960add0b2255ca4b091;9.9;5.0;0.0;2.0;05/12/2017 13:49;05/12/2017 13:49;1.0;60.0;RJ
vendeur 2337;c1849d4d32d7a6cecd5aa471809d3135;388.98;4.333333333333333;0.0;2.333333333333333;04/08/2018 12:56;26/08/2018 22:41;1.0;56.06;SP
vendeur 2338;c1d1ebb4745cc43cb6f05e9c8a705c9a;34.5;2.333333333333333;0.3333333333333333;1.6666666666666667;20/04/2017 20:47;18/11/2017 2:39;7.033333333333333;34.01;SP
vendeur 2339;c1dde11f12d05c478f5de2d7319ad3b2;12.5;1.0;0.0;1.0;19/08/2018 18:13;19/08/2018 18:13;1.0;36.0;SP
vendeur 2340;c1ed9e3daf6154542826a6996af0fb8c;971.25;4.411764705882353;0.2941176470588235;1.4705882352941178;15/08/2017 20:57;02/03/2018 15:27;6.6;47.81;SC
vendeur 2341;c1f12f926d0ba950578b4fa41115cbb6;479.6;4.5;0.25;1.0;24/02/2018 12:00;01/08/2018 17:20;5.266666666666667;49.58;SP
vendeur 2342;c200c73f9d7e5a08ca439d6a0803da7c;40.0;1.0;0.0;1.0;23/05/2017 12:55;23/05/2017 12:55;1.0;36.01;PR
vendeur 2343;c240c4061717ac1806ae6ee72be3533b;59.9;4.0;0.0;4.0;08/05/2018 17:40;08/05/2018 17:40;1.0;54.01;RJ
vendeur 2344;c24173065483e421f9e5e7f599de101d;373.91;3.555555555555556;0.1111111111111111;1.2222222222222223;11/07/2017 14:17;24/11/2017 14:46;4.533333333333333;48.06;SP
vendeur 2345;c26a2be5b53b7db6b276280da212a779;7482.0;2.7222222222222223;0.0;6.722222222222222;08/08/2017 13:37;03/08/2018 16:58;12.0;47.56;RJ
vendeur 2346;c26ba52cf8d2f34915f2f6b7ffa0a3f3;125.96;4.0;0.0;1.5;10/12/2017 22:31;15/02/2018 16:51;2.2;54.02;RJ
vendeur 2347;c273175f7c6c80fb02f051e2fc6d0d72;1313.22;3.6;0.0666666666666666;2.7333333333333334;25/01/2017 16:25;20/07/2017 11:33;5.833333333333333;49.81;SP
vendeur 2348;c286ec035ee04ba81c97508f0b5df544;787.0;3.0;0.0;3.333333333333333;12/05/2017 22:47;20/09/2017 16:36;4.333333333333333;48.13;PR
vendeur 2349;c2bda99904207edd1834f03e0022b007;79.8;2.5;0.0;1.5;11/08/2017 11:42;27/09/2017 9:25;1.5333333333333334;45.01;SP
vendeur 2350;c2d70ce2c5d0a2eb75e78668236e6dc8;2470.9;4.666666666666667;0.0;3.2;22/09/2017 11:58;27/08/2018 23:12;11.3;58.4;SP
vendeur 2351;c31eff8334d6b3047ed34bebd4d62c36;13391.48;3.846774193548387;0.136;2.096;25/11/2017 11:48;17/08/2018 8:05;8.8;51.19;SP
vendeur 2352;c3251e13f1bbda6c74e37c160f991e19;437.8;5.0;0.0;6.5;18/03/2017 18:18;26/05/2017 16:15;2.2666666666666666;60.07;SP
vendeur 2353;c32fc744b9160ac853450488e3cfea93;215.6;2.0;0.0;1.25;19/03/2018 17:28;06/06/2018 22:51;2.6333333333333333;42.03;SP
vendeur 2354;c33847515fa6305ce6feb1e818569f13;16244.85;3.7142857142857135;0.0451127819548872;4.383458646616542;09/05/2018 20:36;22/08/2018 16:38;3.466666666666667;53.59;SC
vendeur 2355;c33a5c3c983090c8b78a28e65052a20d;768.9000000000001;4.363636363636363;0.0;2.8181818181818183;15/01/2018 10:28;24/06/2018 23:22;5.333333333333333;56.31;SC
vendeur 2356;c353f8fc0ce8344999f17d578eb69a5e;175.98;5.0;0.0;2.5;23/01/2017 7:23;06/02/2017 14:54;1.0;60.03;RS
vendeur 2357;c35672b10ad50968f567ea3f4b91e877;1150.57;4.454545454545454;0.0454545454545454;2.5454545454545454;21/08/2017 20:40;04/08/2018 16:27;11.566666666666666;55.55;RJ
vendeur 2358;c35affa65afd250151285c5917fc1c8a;5279.91;4.0;0.1111111111111111;8.444444444444445;04/11/2017 17:06;25/06/2018 11:15;7.733333333333333;51.53;SP
vendeur 2359;c360e4787614ed31ac7a2f95d3b22dc6;188.9;2.0;0.0;4.0;13/06/2018 9:32;13/06/2018 9:32;1.0;42.03;SP
vendeur 2360;c37b2059d4f90d4feead554e5246565e;839.3;3.75;0.4375;2.8125;03/11/2017 16:43;02/07/2018 20:39;8.033333333333333;39.51;SP
vendeur 2361;c3867b4666c7d76867627c2f7fb22e21;38621.4;3.8773234200743496;0.1066176470588235;2.988970588235294;30/03/2017 13:28;09/07/2018 0:04;15.5;56.38;SP
vendeur 2362;c394e193cda3b4225ff2094d32184849;3419.88;4.666666666666667;0.0;1.4166666666666667;19/04/2018 13:54;20/05/2018 9:53;1.0;58.56;SP
vendeur 2363;c398bc00a606d33758afd91f4e64fd15;150.0;4.5;0.0;1.5;30/05/2018 22:12;28/06/2018 14:33;1.0;57.02;RJ
vendeur 2364;c3aad7dc65449ae90a5e9c3c6c1e78e0;780.0;4.777777777777778;0.0;1.1111111111111112;10/08/2018 15:26;23/08/2018 0:23;1.0;58.79;SP
vendeur 2365;c3acdfac4e3e97ff87529454fbc03642;19087.0;4.230769230769231;0.0769230769230769;6.384615384615385;24/03/2018 13:40;16/08/2018 18:52;4.833333333333333;56.2;SP
vendeur 2366;c3cfdc648177fdbbbb35635a37472c53;45097.08;4.462962962962963;0.0215384615384615;2.7046153846153844;27/01/2017 17:16;27/08/2018 21:04;19.23333333333333;63.51;PR
vendeur 2367;c3e1abd72a42fe690fcd89cf5720fe29;1798.61;4.461538461538462;0.0;2.3076923076923075;22/05/2018 19:45;13/08/2018 13:36;2.7333333333333334;57.06;SP
vendeur 2368;c3e2398fcc7e581cda2e546557bf6968;14.9;5.0;0.0;1.0;23/06/2018 20:33;23/06/2018 20:33;1.0;60.0;SP
vendeur 2369;c3ee2331a724e6fc02c4b698b57a73f3;1347.0;3.0;0.0;9.333333333333334;22/11/2017 8:33;02/12/2017 9:45;1.0;48.22;SP
vendeur 2370;c3f5668699a1b04c0fa61ecea1e2bff6;407.81;5.0;0.0;6.333333333333333;26/03/2018 6:56;02/08/2018 20:20;4.3;60.07;PR
vendeur 2371;c3fe93ba3085f92855c97e57f38c8c05;245.0;5.0;0.0;1.4285714285714286;08/06/2017 18:45;24/07/2018 23:30;13.7;60.04;PR
vendeur 2372;c42fd8e4d47dfb18ce5222f2dd7752f9;466.99;4.0;0.4545454545454545;6.818181818181818;13/02/2017 11:10;21/05/2017 15:02;3.2333333333333334;40.44;SP
vendeur 2373;c43d924a0f1688ee9fae0efcd6f539d4;29.9;4.0;0.0;1.0;09/10/2016 23:50;09/10/2016 23:50;1.0;54.0;RJ
vendeur 2374;c447f8dd3ed213f291d65ef074a268eb;655.0;3.875;0.0;1.875;06/02/2017 0:25;19/06/2017 2:03;4.433333333333334;53.36;SP
vendeur 2375;c458e2045a8aa8964f8879af03fdcce6;529.9;3.3;0.0;2.0;12/02/2017 18:48;05/05/2017 12:35;2.7;49.89;SP
vendeur 2376;c4af86330efa7a2620772227d2d670c9;5396.0;4.333333333333333;0.0;10.0;02/01/2018 19:00;15/06/2018 20:46;5.466666666666667;56.88;SP
vendeur 2377;c4b911d06343b21dd906651f8101cb49;90.98;1.0;0.0;2.0;08/11/2017 19:49;09/11/2017 6:13;1.0;36.01;SP
vendeur 2378;c4d51195486dc781531876a7d00453d8;11468.98;3.941176470588236;0.2941176470588235;4.0;31/03/2018 21:04;05/06/2018 0:43;2.1666666666666665;46.7;SP
vendeur 2379;c4f7fee5b0db50e87766f5a4d1b1b758;12100.88;2.9;0.0;3.6;15/04/2018 13:07;12/07/2018 12:14;2.9;49.38;SP
vendeur 2380;c4fabeea6e569d42d02993bb1f4f1cbc;959.2;4.0;0.0833333333333333;1.0833333333333333;12/01/2018 12:45;07/08/2018 15:42;6.9;51.66;CE
vendeur 2381;c4fb51fb1c5b7c07bc5e67be6e7e8f6e;1567.9;3.5;0.125;1.5625;24/07/2017 13:37;12/08/2018 18:23;12.8;47.51;PR
vendeur 2382;c500367424994318b9e779ff1ae9a330;4346.4;3.7777777777777777;0.1111111111111111;3.555555555555556;01/09/2017 9:24;01/12/2017 16:51;3.033333333333333;50.04;SP
vendeur 2383;c510bc1718f0f2961eaa42a23330681a;16150.0;4.071428571428571;0.0;5.0;17/04/2018 11:10;13/08/2018 19:38;3.933333333333333;57.07;SP
vendeur 2384;c522be04e020c1e7b79f3acff36513d5;819.9200000000001;3.75;0.25;1.75;23/04/2018 1:40;23/08/2018 13:33;4.066666666666666;45.13;SP
vendeur 2385;c52c644cc0dc85121207a27013efc6af;397.8;5.0;0.0;10.0;10/08/2018 14:19;10/08/2018 14:19;1.0;60.06;MG
vendeur 2386;c53bcd3be457a342a97e39e5a9f0be22;509.5;3.2;0.0;6.0;30/01/2017 23:20;22/07/2018 20:44;17.9;49.28;SE
vendeur 2387;c542f5a8c64d973f30e9df8d06f70b4a;81.0;1.0;0.0;1.0;18/01/2017 9:52;18/01/2017 9:52;1.0;36.01;SP
vendeur 2388;c54679b132454625907c773d273d4126;1032.0;4.875;0.0;3.625;27/03/2018 14:16;28/07/2018 18:11;4.1;59.42;SP
vendeur 2389;c5e60e39c0f42b8e827daa13cff74afa;134.0;4.125;0.125;1.375;15/08/2018 16:58;26/08/2018 11:02;1.0;51.02;SP
vendeur 2390;c5ebe6598748b0aeaa61cfb820478b92;297.0;4.666666666666667;0.0;2.0;04/07/2018 22:19;28/08/2018 14:01;1.8;58.05;RS
vendeur 2391;c5f7e746b7e6d07def6c0dae9903279b;1429.0;4.454545454545454;0.0;3.090909090909091;15/04/2018 18:59;22/08/2018 22:36;4.3;56.96;PR
vendeur 2392;c5f7feb04a6a1fb3596322bfc3cf1917;1930.6;4.0;0.1666666666666666;3.25;14/06/2018 16:20;17/08/2018 9:07;2.1;49.32;SP
vendeur 2393;c60b801f2d52c7f7f91de00870882a75;13323.5;3.209302325581396;0.1860465116279069;4.348837209302325;27/01/2018 19:13;21/08/2018 12:26;6.833333333333333;45.85;SP
vendeur 2394;c611f4ce9ce875bcc063fa97fd4d7d12;319.0;4.0;1.0;8.0;31/07/2018 14:42;31/07/2018 14:42;1.0;24.05;SP
vendeur 2395;c6218512d16fcac0af02fe92691cf274;729.0;4.111111111111111;0.1111111111111111;6.444444444444445;11/04/2017 13:00;02/06/2017 14:34;1.7333333333333334;51.45;MG
vendeur 2396;c6381b1321d7d97717a5bb4ed5b77882;66.0;3.6666666666666665;0.0;2.333333333333333;09/07/2018 20:42;09/08/2018 23:19;1.0333333333333334;52.01;SP
vendeur 2397;c6381d2d013342748761e906d45aff76;2306.98;3.096774193548387;0.0;3.419354838709677;31/10/2017 23:50;25/07/2018 1:12;8.866666666666667;48.96;RS
vendeur 2398;c64a2aec32cc408a8a4c6d7c46017f91;3608.25;3.9;0.0;4.6;24/11/2017 14:41;14/02/2018 17:51;2.7333333333333334;53.99;RS
vendeur 2399;c66dccfb3f109511246da627dd5a2498;12708.55;4.488888888888889;0.0444444444444444;5.355555555555555;15/01/2018 13:54;24/08/2018 16:32;7.366666666666666;57.68;SP
vendeur 2400;c679fb69a36e1d8349e8c50a217b4d58;1825.68;3.5625;0.1764705882352941;3.117647058823529;22/07/2018 21:45;20/08/2018 15:12;1.0;46.38;RS
vendeur 2401;c68fb906c8f4b4b946d8386bfa6e5467;4741.05;4.54;0.0196078431372549;2.431372549019608;18/03/2017 17:09;30/07/2018 17:46;16.633333333333333;57.43;SP
vendeur 2402;c6a7539d424a8402232c2228d7a03c5e;607.5;2.6;0.0666666666666666;4.133333333333334;05/09/2017 13:30;22/05/2018 22:39;8.633333333333333;43.7;SP
vendeur 2403;c6bda72e4dbf5c5866b13cb1810c6d03;14169.28;4.383333333333334;0.0333333333333333;3.783333333333333;12/07/2017 18:18;23/08/2018 18:06;13.533333333333331;57.62;SP
vendeur 2404;c70a353f02429c00775a46a75fb787da;434.5;4.090909090909091;0.0;1.6363636363636365;17/07/2018 18:27;10/08/2018 15:11;1.0;54.62;SP
vendeur 2405;c70c1b0d8ca86052f45a432a38b73958;38241.21;4.321937321937322;0.0790960451977401;2.799435028248588;06/04/2018 17:12;29/08/2018 8:46;4.8;59.81;SP
vendeur 2406;c714262700f93defc16bf17a51a4cb23;421.8;3.75;0.0;4.75;16/03/2018 23:37;15/05/2018 0:50;1.9666666666666663;52.57;SP
vendeur 2407;c716e0b86ed568878475b60fbb6323ad;35.0;5.0;0.0;1.0;26/03/2018 13:11;26/03/2018 13:11;1.0;60.01;SP
vendeur 2408;c7246702dc991a06d788120dc7544391;54.86;5.0;0.0;1.0;19/02/2018 22:45;19/02/2018 22:45;1.0;60.01;CE
vendeur 2409;c72de06d72748d1a0dfb2125be43ba63;17522.0;4.454545454545454;0.0;5.363636363636363;10/05/2018 12:09;18/08/2018 14:50;3.333333333333333;59.59;BA
vendeur 2410;c731d18cea9bf687ffee82a241c25b11;3791.0;4.0;0.0;4.185185185185185;23/02/2017 12:20;27/08/2018 12:39;18.33333333333333;54.62;SC
vendeur 2411;c747d5b92c7648417faea95d36d763e8;139.0;5.0;0.0;12.0;24/11/2017 22:46;24/11/2017 22:46;1.0;60.02;CE
vendeur 2412;c74f14c1e26cf1bd5bd34b6a1e274426;39.0;5.0;0.0;1.0;27/01/2018 19:05;27/01/2018 19:05;1.0;60.01;SC
vendeur 2413;c76d418370990614e89e956c7a7567d9;305.24;3.5;0.0;4.5;11/08/2017 14:51;12/09/2017 13:52;1.0333333333333334;51.05;SP
vendeur 2414;c79151301b9d90985d1fa52879213105;322.3;4.375;0.0;1.0;18/11/2017 11:32;16/04/2018 20:22;4.966666666666667;56.3;PR
vendeur 2415;c794dab4928dd97beb41d05514441e86;1312.4;4.375;0.125;3.3125;08/12/2017 9:46;24/06/2018 3:33;6.566666666666666;52.71;SP
vendeur 2416;c7a0a13cbcf29d5ce51c8f80afdc0b89;483.08;4.222222222222222;0.0;2.4444444444444446;04/10/2017 23:18;08/08/2018 23:12;10.233333333333333;55.41;SC
vendeur 2417;c7b7db6c8f3c64a7cc1afa634db21d50;1489.0;1.0;1.0;10.0;11/03/2018 10:27;11/03/2018 10:27;1.0;6.24;SP
vendeur 2418;c7bb64409aa480bb7d0335faaaf3d242;97.6;2.25;0.0;1.5;23/06/2018 16:04;02/07/2018 10:34;1.0;43.52;SC
vendeur 2419;c7c7b2682c648339a0e9846bb1023a39;168.0;4.666666666666667;0.0;3.6666666666666665;12/10/2017 23:15;13/12/2017 18:53;2.033333333333333;58.03;SP
vendeur 2420;c7dcd301ecfe5ab7f778ac172cf74be7;457.69;2.5;0.0;3.75;04/10/2016 12:06;06/10/2016 16:34;1.0;45.07;MG
vendeur 2421;c7fdb77fdbff3c41981bc52f787e959e;826.72;3.1333333333333333;0.1333333333333333;2.1333333333333333;10/01/2018 2:05;21/07/2018 19:34;6.4;44.93;SP
vendeur 2422;c8025364abeecb115431bf95c11a747f;928.0;4.5;0.5;5.5;16/05/2018 19:07;09/08/2018 20:57;2.833333333333333;42.15;RS
vendeur 2423;c8143b3069f6746a77421b5ce30a450c;142.47;5.0;0.0;6.0;02/07/2017 13:10;02/07/2017 13:10;1.0;60.02;GO
vendeur 2424;c826c40d7b19f62a09e2d7c5e7295ee2;45741.51;4.045698924731183;0.088235294117647;2.06951871657754;27/08/2017 13:02;27/08/2018 15:21;12.166666666666666;59.11;SP
vendeur 2425;c840d3fdbba0790404fdae73d253b253;4522.28;3.928571428571429;0.0;4.5;21/10/2017 9:09;29/06/2018 12:41;8.366666666666667;54.31;PR
vendeur 2426;c8417879a15366a17c30af34c798c332;1767.9;4.0285714285714285;0.0833333333333333;1.4444444444444444;22/02/2017 10:49;28/09/2017 20:11;7.266666666666667;51.96;SP
vendeur 2427;c84592044b180dec206770c38603814b;511.94000000000005;4.2;0.0;1.3333333333333333;28/02/2018 14:53;22/05/2018 20:31;2.7666666666666666;55.28;SP
vendeur 2428;c8467937e403e76a8ee9f0ab13f6f5ef;1883.69;4.032258064516129;0.1176470588235294;1.7058823529411764;21/09/2017 15:17;13/08/2018 20:11;10.866666666666667;50.97;MG
vendeur 2429;c847e075301870dd144a116762eaff9a;15447.4;4.022222222222222;0.0869565217391304;3.1739130434782608;15/02/2017 12:18;10/01/2018 11:38;10.933333333333334;54.05;MG
vendeur 2430;c85d7b477a709c85a1e8b8f25aa1b270;75.0;1.0;0.0;3.0;28/06/2017 21:28;28/06/2017 21:28;1.0;36.01;SP
vendeur 2431;c864036feaab8c1659f65ea4faebe1da;10883.9;4.590163934426229;0.0327868852459016;3.4918032786885247;19/07/2017 16:15;09/08/2018 16:23;12.866666666666667;58.34;PR
vendeur 2432;c8660dcf9ba70575f45d80fe28c27713;335.0;4.714285714285714;0.1428571428571428;2.142857142857143;07/02/2017 13:59;20/03/2017 20:31;1.3666666666666667;54.05;SP
vendeur 2433;c8665a4dd081a2c436b1cd921079d0d9;79.39;5.0;0.0;2.0;18/06/2018 12:48;18/06/2018 12:48;1.0;60.01;SP
vendeur 2434;c8771b1a10bb99bb34d3c459c5cffb53;64.9;5.0;0.0;2.0;30/05/2017 16:14;30/05/2017 16:14;1.0;60.01;SP
vendeur 2435;c878515173c84a492ebe50d6b493230b;1429.83;3.909090909090909;0.2727272727272727;3.909090909090909;13/03/2017 14:28;15/11/2017 20:16;8.233333333333333;45.51;PR
vendeur 2436;c87abc38c8ed3240861729e1aeadf221;133.0;1.0;0.0;1.0;26/12/2017 2:35;26/12/2017 2:35;1.0;36.02;SP
vendeur 2437;c88f62b4c386a59281014d677864d016;1099.0;1.0;0.0;1.0;04/03/2017 14:08;04/03/2017 14:08;1.0;36.18;PR
vendeur 2438;c89cf7c468a48af70aada384e722f9e2;765.0;4.0;0.0666666666666666;1.5333333333333334;07/06/2017 16:38;06/08/2018 14:31;14.133333333333333;52.12;RJ
vendeur 2439;c8b0e2b0a7095e5d8219575d5e7e1181;12788.19;4.089887640449438;0.0666666666666666;3.633333333333333;12/07/2017 19:56;17/08/2018 12:03;13.333333333333334;54.63;SP
vendeur 2440;c8b3445d737de6befde0c88ede534a5e;3149.04;3.9722222222222223;0.0277777777777777;2.361111111111111;17/11/2017 10:26;27/06/2018 9:21;7.366666666666666;53.51;SP
vendeur 2441;c8c1bea22194a4eefa2dc9a9fa89f536;1266.0;5.0;0.0;6.0;04/06/2018 10:34;03/08/2018 10:20;1.9666666666666663;60.21;SC
vendeur 2442;c8cc60ffd415254af5d9b9f34f32c369;722.2;4.666666666666667;0.0;2.111111111111111;05/06/2018 19:11;15/08/2018 17:47;2.333333333333333;58.12;SP
vendeur 2443;c8e135e7b21ecbc36c1153a29d2f5a06;1165.5;4.857142857142857;0.0;4.0;01/02/2017 14:39;28/05/2017 21:29;3.866666666666666;59.33;SP
vendeur 2444;c963a25b8671419c6ce9eebe8fd03218;49.0;5.0;0.0;6.0;01/05/2018 1:28;01/05/2018 1:28;1.0;60.01;RJ
vendeur 2445;c97aa4ee7420f937da13b7f9e2228b99;29.9;1.0;0.0;1.0;17/08/2018 20:47;17/08/2018 20:47;1.0;36.0;RS
vendeur 2446;c990d6cf976a5718aaedc539f383ab88;248.6;3.357142857142857;0.2857142857142857;1.2142857142857142;05/10/2017 15:37;20/01/2018 17:59;3.566666666666667;41.61;SP
vendeur 2447;c9a06ece156bb057372c68718ec8909b;4768.8;3.0;0.0;3.6666666666666665;05/10/2016 14:36;28/02/2017 12:49;4.833333333333333;48.78;DF
vendeur 2448;c9aafcd0621b2207c10e32c649cada4d;3093.25;4.072727272727272;0.0727272727272727;2.163636363636364;14/07/2018 21:25;12/08/2018 12:13;1.0;52.76;SP
vendeur 2449;c9c7905cffc4ef9ff9f113554423e671;11023.15;4.13986013986014;0.1188811188811188;1.9090909090909087;02/06/2017 9:41;21/08/2018 19:49;14.833333333333334;53.07;SP
vendeur 2450;c9d2ba8dde44a275ae06475ed1d2fafc;28.79;5.0;0.0;1.0;06/02/2017 0:33;06/02/2017 0:33;1.0;60.0;MG
vendeur 2451;c9e5ad1f6647f5dbd1172adf6ae3cada;259.03;4.75;0.0;1.0;23/10/2017 22:10;09/06/2018 1:16;7.6;58.54;RS
vendeur 2452;ca3bd7cd9f149df75950150d010fe4a2;10125.05;3.76056338028169;0.0211267605633802;2.2464788732394365;25/01/2017 11:32;06/08/2018 17:47;18.6;53.58;SP
vendeur 2453;ca4b77513ac2040591b0d8fae6958380;1772.45;4.466666666666667;0.2;4.266666666666667;15/07/2018 13:52;22/08/2018 10:28;1.2333333333333334;51.09;SP
vendeur 2454;ca5832c6960267b71041f74bb39e8b12;79.9;1.0;1.0;4.0;19/06/2017 17:11;19/06/2017 17:11;1.0;6.01;SC
vendeur 2455;ca77545ca4d2dfd1431bf61334e2fa3c;760.0;4.8;0.0;1.7;02/01/2018 9:37;24/04/2018 15:34;3.733333333333333;58.92;PR
vendeur 2456;ca7c6bd577e559472af1c699de9e764e;148.0;4.0;0.0;1.0;22/03/2018 11:49;04/04/2018 13:47;1.0;54.02;SP
vendeur 2457;caa9bc43a9fe8cf9c564ddd8a03cc4a6;803.87;4.6923076923076925;0.0714285714285714;2.142857142857143;16/04/2018 13:04;27/08/2018 18:50;4.433333333333334;56.14;SP
vendeur 2458;cab85505710c7cb9b720bceb52b01cee;12092.9;4.304545454545455;0.0226244343891402;2.1357466063348416;08/10/2016 4:01;28/08/2018 11:26;22.966666666666665;57.13;SP
vendeur 2459;cac4c8e7b1ca6252d8f20b2fc1a2e4af;4970.06;3.436170212765957;0.2421052631578947;2.5473684210526315;08/10/2016 17:43;16/08/2018 4:29;22.53333333333333;44.17;SP
vendeur 2460;cac4e0bc1a3269fa2b6ea5e763f6115b;57.88;5.0;0.0;1.0;26/11/2017 20:39;27/03/2018 5:53;4.0;60.01;SC
vendeur 2461;cac63f48c38cd7d002a7e846dcd99a23;963.9;4.818181818181818;0.0;2.363636363636364;27/11/2017 22:26;18/08/2018 19:39;8.766666666666667;59.07;SP
vendeur 2462;cac876b37d3abcd6bd76caca30277996;2712.57;4.5588235294117645;0.1428571428571428;3.142857142857143;13/02/2018 12:38;26/07/2018 13:09;5.433333333333334;53.51;PR
vendeur 2463;cad10cc982ab6a391570c211b995c17c;47.4;5.0;0.0;3.0;22/04/2018 12:03;22/04/2018 12:03;1.0;60.01;SP
vendeur 2464;cad9969167c09b48ae6f1d123f7fa68d;43.2;3.0;0.0;1.0;24/07/2018 10:56;31/07/2018 21:45;1.0;48.01;MG
vendeur 2465;cb0b3bcf14e0a709df412a99424a59d7;460.0;4.5;0.0;5.5;05/04/2018 22:53;16/04/2018 17:46;1.0;57.07;SP
vendeur 2466;cb162c8eef257253782d245c08d9097c;34.99;5.0;0.0;1.0;19/11/2017 20:37;19/11/2017 20:37;1.0;60.01;SP
vendeur 2467;cb32766839f443db85c82a43c4a6c19e;234.0;3.0;0.0;3.0;10/02/2017 15:43;26/02/2017 16:03;1.0;48.04;SP
vendeur 2468;cb3dd9ce66268c7a3ca7241ac70ab58c;3169.69;4.186440677966102;0.0677966101694915;2.610169491525424;07/02/2017 1:47;23/04/2018 21:42;14.666666666666666;53.6;SP
vendeur 2469;cb41bfbcbda0aea354a834ab222f9a59;4002.0;3.333333333333333;0.3333333333333333;6.75;28/11/2017 9:10;06/07/2018 16:21;7.333333333333333;40.65;SP
vendeur 2470;cb4a705d00e100b9732d0ca34817d441;998.0;1.0;0.0;10.0;24/11/2017 22:07;24/11/2017 22:07;1.0;36.16;SC
vendeur 2471;cb5df0dcb9e280b1780e9d589889f2c7;3032.71;2.5789473684210527;0.1;3.6;29/01/2017 14:57;14/06/2017 17:06;4.533333333333333;42.97;SP
vendeur 2472;cb5ff1b9715e99589f3e0c7a6afab9e3;85.0;4.0;0.0;1.0;02/08/2018 12:05;21/08/2018 15:22;1.0;54.01;PR
vendeur 2473;cb6c9f5888a7a090c75beaf615925792;779.8900000000001;3.8181818181818175;0.0909090909090909;2.636363636363636;30/04/2018 6:31;19/08/2018 19:12;3.7;50.31;ES
vendeur 2474;cb810bd318f51b3dc3c753944d61a1fa;1750.0;4.0;0.0;10.0;16/08/2018 15:02;16/08/2018 15:02;1.0;54.29;RJ
vendeur 2475;cb8bcce248bb1fb274ba762d8b971456;9542.1;4.214285714285714;0.0142857142857142;2.7857142857142856;26/01/2017 0:16;18/08/2018 6:29;18.966666666666665;56.42;MG
vendeur 2476;cb9fb4ca75d7ba8437480e8dde64fe98;532.14;4.0;0.0;2.3;07/06/2017 16:32;11/10/2017 9:41;4.166666666666667;54.09;SP
vendeur 2477;cbbd5ae8f53de5f5097cd8217b529e24;351.8;2.5;0.0;3.5;10/02/2017 21:37;12/02/2017 0:02;1.0;45.06;SP
vendeur 2478;cbd996ad3c1b7dc71fd0e5f5df9087e2;8707.48;4.071794871794872;0.1019417475728155;2.1067961165048543;15/02/2017 21:50;27/08/2018 22:12;18.6;52.8;SP
vendeur 2479;cbf09e831b0c11f6f23ffb51004db972;1535.2;4.4;0.0;4.7;03/05/2018 11:21;21/08/2018 17:40;3.6666666666666665;56.65;SP
vendeur 2480;cc1f04647be106ba74e62b21f358af25;11.9;1.0;0.0;1.0;22/06/2018 12:48;22/06/2018 12:48;1.0;36.0;SP
vendeur 2481;cc3d14116804f7209f3884f6367f1152;6096.8;4.705882352941177;0.0294117647058823;3.882352941176471;03/05/2017 21:07;21/08/2018 16:40;15.8;58.35;PR
vendeur 2482;cc419e0650a3c5ba77189a1882b7556a;110821.27;4.050928381962865;0.0591653460116217;2.6561014263074485;31/01/2017 17:15;27/08/2018 16:12;19.066666666666663;70.65;SP
vendeur 2483;cc5a78bbad32776dc4e3af205218368c;4269.18;4.473684210526316;0.0263157894736842;4.2631578947368425;08/05/2018 13:49;24/08/2018 2:24;3.566666666666667;56.75;MG
vendeur 2484;cc63f0dd2acba93ffed4fe9f8e0321fa;7096.71;4.047619047619048;0.0;2.888888888888889;10/05/2018 14:37;24/08/2018 9:17;3.5;55.45;SP
vendeur 2485;cc80e2f693fa6e2408f47ccf62413fc1;420.0;4.0;0.0;3.0;27/11/2017 17:51;01/12/2017 16:49;1.0;54.07;PR
vendeur 2486;cca3071e3e9bb7d12640c9fbe2301306;69254.15;3.816742081447964;0.0543237250554323;3.4190687361419068;03/10/2016 22:06;22/08/2018 22:53;22.933333333333334;62.59;SP
vendeur 2487;ccada0ef508e698917a6eab263375905;172.8;3.6666666666666665;0.0;2.0;13/07/2017 9:44;05/10/2017 17:01;2.8;52.03;PR
vendeur 2488;ccb83a794700270fde70898fe9ff368b;15907.0;4.529411764705882;0.1176470588235294;4.176470588235294;21/02/2017 21:50;06/08/2017 13:09;5.5;56.25;SC
vendeur 2489;ccbd753e6863fe7314dc6c0ca5a074e7;495.0;4.0;0.0;6.0;12/08/2018 20:58;12/08/2018 20:58;1.0;54.08;SC
vendeur 2490;ccc4bbb5f32a6ab2b7066a4130f114e3;75794.31999999999;4.290816326530612;0.0710659898477157;4.786802030456853;07/01/2017 13:29;21/08/2018 20:53;19.7;66.01;PR
vendeur 2491;cce6ab8d1682639fe45ab70234f1665f;2757.6;4.375;0.0694444444444444;2.388888888888889;31/05/2017 17:06;15/07/2018 10:32;13.633333333333333;54.62;SP
vendeur 2492;ccf8813e5a7d6c84d865cd38bfc2b130;2733.5;4.407407407407407;0.074074074074074;2.925925925925926;30/08/2017 15:25;23/08/2018 9:27;11.9;54.67;SP
vendeur 2493;cd06602b43d8800bd0afad514919d35c;2666.56;3.719298245614035;0.0350877192982456;2.543859649122807;26/01/2017 11:48;04/08/2018 16:19;18.5;51.7;SP
vendeur 2494;cd2169d9f31ff6fbb9ca3373b0c9e354;569.0;4.0;0.0;6.0;15/06/2018 11:46;15/06/2018 11:46;1.0;54.09;RJ
vendeur 2495;cd233f8bfa30ebfd651f47ee7d054951;79.9;5.0;0.0;2.0;19/08/2018 11:28;19/08/2018 11:28;1.0;60.01;SP
vendeur 2496;cd3d09fbe6e3e9ff0c0ac0c300e93ae7;745.01;4.0;0.0769230769230769;1.8461538461538465;27/06/2018 12:13;18/08/2018 12:18;1.7333333333333334;51.81;SP
vendeur 2497;cd52a8efd71af3336b14b5039b951cc1;170.8;2.333333333333333;0.0;3.6666666666666665;11/09/2017 15:20;25/11/2017 1:15;2.466666666666667;44.03;SP
vendeur 2498;cd68562d3f44870c08922d380acae552;19890.7;3.9225352112676055;0.2237762237762237;2.7902097902097904;16/04/2017 19:48;15/06/2018 23:27;14.166666666666666;50.07;SP
vendeur 2499;cd6efc47efaabf134f8bdb654e10b4f1;4158.55;4.5;0.09375;4.09375;13/11/2017 8:04;15/08/2018 14:18;9.166666666666666;54.87;RJ
vendeur 2500;cd843d4cf8ef32827de0396605163ba3;1915.0;3.8;0.0;5.8;28/07/2017 10:36;13/08/2018 16:25;12.7;53.11;MG
vendeur 2501;cda598c48d7c614bc1cad7d8ff6f0010;1118.6;3.9444444444444446;0.0;2.1666666666666665;17/03/2018 21:11;15/08/2018 10:36;5.0;53.85;SP
vendeur 2502;ce20a2ec1514c25e16f2b5b39bc818f0;287.0;4.857142857142857;0.4285714285714285;4.0;01/06/2018 14:12;13/08/2018 14:18;2.433333333333333;46.33;SP
vendeur 2503;ce248b21cb2adc36282ede306b7660e5;16309.83;4.220588235294118;0.1029411764705882;3.117647058823529;18/07/2017 15:19;04/08/2018 12:12;12.7;54.9;SC
vendeur 2504;ce27a3cc3c8cc1ea79d11e561e9bebb6;11402.45;3.859060402684564;0.0173410404624277;2.5491329479768785;04/10/2016 12:53;25/08/2018 13:07;23.0;54.5;SP
vendeur 2505;ce33c6211beaa8fef4cae8b52db39862;49.0;3.0;0.0;1.0;12/02/2017 15:53;12/02/2017 15:53;1.0;48.01;SP
vendeur 2506;ce3ad9de960102d0677a81f5d0bb7b2d;158.0;5.0;0.0;3.0;30/07/2018 12:20;30/07/2018 12:20;1.0;60.03;RJ
vendeur 2507;ce4755084bc097113867e6454f8f5e52;18.9;5.0;0.0;1.0;12/06/2018 11:26;12/06/2018 11:26;1.0;60.0;SP
vendeur 2508;ce616e1913288884e7742faac9d981db;365.1;4.666666666666667;0.0416666666666666;1.5833333333333333;19/05/2018 20:17;21/08/2018 19:13;3.1;56.81;SP
vendeur 2509;ce69a8021d18961dd2a40269b7c2c293;4994.8;4.523809523809524;0.0952380952380952;3.761904761904762;27/03/2018 20:39;20/08/2018 19:34;4.833333333333333;55.1;PR
vendeur 2510;ce7d1888639e6fb06b2749cbfdac1ff7;12897.89;3.869565217391304;0.1521739130434782;3.652173913043478;12/08/2017 20:33;18/08/2018 13:33;12.333333333333334;50.76;MG
vendeur 2511;cea729054f157f5870bdd321a958d994;2542.0;4.172413793103448;0.0344827586206896;1.9310344827586208;27/03/2018 0:17;13/08/2018 13:59;4.633333333333334;54.42;SP
vendeur 2512;ceaec5548eefc6e23e6607c5435102e7;53132.18;4.153846153846154;0.0566037735849056;4.650943396226415;18/01/2018 21:47;15/08/2018 20:48;6.933333333333334;61.91;SP
vendeur 2513;ceb7b4fb9401cd378de7886317ad1b47;399.9;3.0;0.0;8.0;25/08/2017 17:50;25/08/2017 17:50;1.0;48.06;RJ
vendeur 2514;cecd97bc34ed8330bd4cd15713eda670;57.99;1.0;0.0;4.0;13/08/2018 17:09;13/08/2018 17:09;1.0;36.01;SC
vendeur 2515;cee48807215b30a12ca2ca10ffb5f250;7458.030000000001;3.761904761904762;0.1428571428571428;3.2142857142857144;04/08/2017 15:34;21/08/2018 12:20;12.7;49.5;SP
vendeur 2516;cf1313c6e2c01c2f4b014f97db4bcd2b;384.6;5.0;0.1666666666666666;2.1666666666666665;15/06/2018 15:55;06/08/2018 20:55;1.7333333333333334;55.06;RJ
vendeur 2517;cf2384dd2f1dddea3f838efed0945e65;2357.3;3.9444444444444446;0.0;2.7777777777777777;09/03/2017 20:28;02/08/2018 12:14;17.0;54.05;SP
vendeur 2518;cf281cf8b7affbdfe751b29cc85580e1;64.9;1.0;0.0;1.0;06/10/2016 13:38;06/10/2016 13:38;1.0;36.01;CE
vendeur 2519;cf654707ed6a99f112c7ec3d6f314b8b;756.0;4.75;0.0;6.75;14/05/2018 8:59;14/08/2018 21:18;3.066666666666667;58.62;SP
vendeur 2520;cf6f6bc4df3999b9c6440f124fb2f687;3.5;5.0;0.0;1.0;01/05/2017 18:58;01/05/2017 18:58;1.0;60.0;SP
vendeur 2521;cf8ab1616079e2793aa29d524df01bb1;14391.0;2.0;0.1111111111111111;8.222222222222221;01/12/2017 14:09;09/03/2018 0:37;3.2333333333333334;41.02;SP
vendeur 2522;cfa5ab0e4d3fc212fd0b3410e7081c62;7580.79;3.409090909090909;0.0;4.545454545454546;15/10/2017 16:50;20/08/2018 21:59;10.3;51.69;MG
vendeur 2523;cfb1a033743668a192316f3c6d1d2671;14031.34;3.995049504950495;0.0935960591133004;3.6945812807881775;01/02/2017 9:12;10/08/2018 23:06;18.5;53.46;SP
vendeur 2524;cfd7ddab722b902f7ac5b5f3ba6d723d;3408.93;4.571428571428571;0.0;3.642857142857143;07/06/2018 18:54;02/08/2018 20:52;1.8666666666666667;57.99;MG
vendeur 2525;cfe94489ddd337d1e29e12f2a7205d10;2475.0;4.12;0.2;2.2;26/02/2018 18:44;22/08/2018 18:20;5.866666666666666;49.12;SP
vendeur 2526;d03698c2efd04a549382afa6623e27fb;17373.01;4.642857142857143;0.0357142857142857;4.321428571428571;07/10/2016 22:46;31/07/2018 20:19;22.03333333333333;59.63;BA
vendeur 2527;d05ae8f7a5bd1d2a690a44cd079e4e27;13628.0;3.753086419753086;0.0853658536585365;3.3902439024390243;22/04/2017 16:02;18/08/2018 12:25;16.066666666666666;52.19;RJ
vendeur 2528;d06d019f72a04e5497a0b64190af170c;2415.93;4.529411764705882;0.0588235294117647;4.294117647058823;28/03/2018 11:15;21/08/2018 17:00;4.866666666666666;55.81;SP
vendeur 2529;d0d70d21e2234dd7cd3cf63fe414148a;882.8;4.133333333333334;0.0;2.533333333333333;28/06/2018 0:41;15/08/2018 20:43;1.6;54.94;PB
vendeur 2530;d101c6da914ae3d53f7bee42283f2fe2;1384.1;4.0;0.0526315789473684;6.2631578947368425;05/10/2016 8:46;30/05/2017 9:27;7.9;52.65;SP
vendeur 2531;d12c926d74ceff0a90a21184466ce161;4492.54;4.045045045045045;0.009009009009009;2.333333333333333;06/10/2016 23:21;13/05/2018 22:20;19.433333333333334;54.73;SP
vendeur 2532;d13e50eaa47b4cbe9eb81465865d8cfc;7319.44;4.816901408450704;0.1971830985915492;2.211267605633803;04/08/2018 9:09;28/08/2018 10:00;1.0;54.18;SP
vendeur 2533;d149de2f383552baea37a7198c2296ce;320.70000000000005;5.0;0.0;2.0;20/08/2018 21:01;27/08/2018 17:18;1.0;60.05;SP
vendeur 2534;d1582f4043306e6b91afa6a8a884f898;990.0;4.111111111111111;0.1111111111111111;1.1111111111111112;20/11/2017 11:47;12/02/2018 20:28;2.8;51.49;SP
vendeur 2535;d17f467e4bf608a510c20d82f4ba3b6b;3021.66;4.0;0.1666666666666666;4.416666666666667;17/07/2018 20:23;31/07/2018 20:20;1.0;49.49;RS
vendeur 2536;d180e07dc1e58c31c3f0cd599dc4d945;58.8;3.0;0.0;5.0;26/01/2018 14:08;26/01/2018 14:08;1.0;48.01;MG
vendeur 2537;d197aa8fbc64087f61984deef05f6227;519.09;4.714285714285714;0.0;1.2857142857142858;16/05/2018 21:36;21/08/2018 13:46;3.2;58.37;SP
vendeur 2538;d1a1b40ec554c593a1a99366746289dd;49.7;2.0;0.0;6.0;26/01/2017 23:11;26/01/2017 23:11;1.0;42.01;PR
vendeur 2539;d1a5cc844736958c11b8efab9a2b4c87;237.6;1.0;1.0;5.0;23/10/2017 13:04;23/10/2017 13:04;1.0;6.04;PR
vendeur 2540;d1aa1ec0839dcab73a6161130eb1f94a;119.9;4.0;1.0;1.0;19/04/2017 10:20;19/04/2017 10:20;1.0;24.02;PR
vendeur 2541;d1b65fc7debc3361ea86b5f14c68d2e2;13170.87;4.558139534883721;0.0465116279069767;4.488372093023256;28/03/2017 9:00;06/06/2018 20:01;14.5;58.11;SP
vendeur 2542;d1b9d4be4b6f9ebd85f8acd6745ba612;1154.35;4.181818181818182;0.0;2.8181818181818183;11/10/2017 14:49;21/08/2018 17:03;10.466666666666669;55.28;MG
vendeur 2543;d1c281d3ae149232351cd8c8cc885f0d;29300.39;3.83011583011583;0.0804597701149425;4.134099616858237;14/02/2017 23:12;16/08/2018 18:04;18.23333333333333;55.36;SP
vendeur 2544;d1c7fa84e48cfa21a0e595167c1c500e;1156.03;4.333333333333333;0.0;2.0;24/03/2018 18:25;23/07/2018 15:59;4.0;56.19;RS
vendeur 2545;d1e2fe627180431ffda076abb303c56f;578.0;1.0;0.0;4.5;23/03/2018 20:22;23/03/2018 20:22;1.0;36.09;RJ
vendeur 2546;d1ef48b38baca7e831711c4a0aeb398f;1469.12;4.428571428571429;0.1142857142857142;2.085714285714286;23/02/2018 12:26;25/07/2018 21:14;5.066666666666666;53.38;PR
vendeur 2547;d20b021d3efdf267a402c402a48ea64b;4345.0;3.6194690265486726;0.1578947368421052;2.43859649122807;26/02/2017 15:43;30/07/2018 0:59;17.266666666666666;47.69;SP
vendeur 2548;d23019c84ffae2d5ef2270367b8605fc;29205.1;4.410256410256411;0.0256410256410256;4.923076923076923;10/10/2017 10:47;22/08/2018 19:54;10.533333333333331;60.47;PR
vendeur 2549;d2374cbcbb3ca4ab1086534108cc3ab7;23816.56;3.625180897250362;0.0472103004291845;2.456366237482117;10/02/2017 15:36;21/08/2018 11:28;18.53333333333333;54.23;SP
vendeur 2550;d2572f31e9023e9850ef986a636ff9bf;279.0;5.0;0.0;5.0;25/03/2017 12:28;25/03/2017 12:28;1.0;60.05;MG
vendeur 2551;d25aa0aaacb370e912f8cf6efeba38b3;2772.34;4.545454545454546;0.0454545454545454;4.2727272727272725;11/03/2018 12:49;14/08/2018 19:44;5.2;56.36;SC
vendeur 2552;d263fa444c1504a75cbca5cc465f592a;399.0;5.0;0.0;1.0;24/07/2018 9:46;24/07/2018 9:46;1.0;60.06;SP
vendeur 2553;d26aa40b90272d4843d63be7c1462c8d;152.9;4.5;0.0;1.0;11/07/2018 20:15;01/08/2018 12:43;1.0;57.02;SP
vendeur 2554;d297f1055de2956aedfd3b04113dce3e;54.3;4.0;0.0;1.0;20/08/2018 22:00;20/08/2018 22:00;1.0;54.01;SP
vendeur 2555;d29ba1220fb8634fa3a107e54497b8a4;724.94;3.2222222222222223;0.0;3.4444444444444446;15/04/2018 17:04;15/08/2018 21:17;4.066666666666666;49.45;SP
vendeur 2556;d2df77822373f19934e87694d8640767;155.9;3.0;0.0;1.5;18/04/2018 19:29;26/04/2018 10:46;1.0;48.02;PR
vendeur 2557;d2e753bb80b7d4faa77483ed00edc8ca;1389.7;3.625;0.0625;3.6875;06/10/2017 16:05;18/05/2018 0:35;7.433333333333334;50.1;BA
vendeur 2558;d2f3e277560ed4c6361284429b00f037;404.35;4.777777777777778;0.0;1.0;08/07/2017 11:34;08/10/2017 13:26;3.066666666666667;58.73;SP
vendeur 2559;d32e3909cfb714fb2a6cb092c85b9c5f;3924.6;3.357142857142857;0.3571428571428571;2.857142857142857;10/08/2017 17:08;25/04/2018 10:36;8.566666666666666;40.07;SP
vendeur 2560;d354c38a7182125a748cb10474fe963b;1610.33;4.315789473684211;0.05;2.75;02/05/2017 17:07;16/03/2018 17:44;10.6;54.66;RJ
vendeur 2561;d3674f271c91f824f82d24d92011f669;1758.2;3.952380952380953;0.0952380952380952;2.9047619047619047;07/07/2017 13:26;12/08/2018 20:53;13.366666666666667;51.14;DF
vendeur 2562;d36b07fd3c5088e477a72d1fccfe29d4;328.9;5.0;0.0;6.0;06/05/2017 11:20;06/05/2017 11:20;1.0;60.05;SP
vendeur 2563;d379f449f2a3b271bc01c0782020f705;4652.85;3.875;0.0625;3.46875;28/01/2017 13:23;22/08/2018 10:48;19.0;52.14;MG
vendeur 2564;d3891911c2feae53c52fea2bd14054e5;141.0;5.0;0.0;3.0;04/06/2018 19:02;19/06/2018 14:14;1.0;60.02;SP
vendeur 2565;d3dcf0604eabf0224fbd5948b5e02f69;3451.3;4.0;0.3;4.0;15/02/2018 8:09;27/07/2018 15:54;5.4;45.56;SP
vendeur 2566;d3e7d37c0df9aef383f3f2a15b0dddfb;161.0;5.0;0.0;3.0;22/07/2018 11:50;22/07/2018 11:50;1.0;60.03;PR
vendeur 2567;d3f39f05462b79a4562d35893a28f159;2459.2;3.41025641025641;0.1282051282051282;2.41025641025641;21/06/2017 18:27;17/06/2018 2:25;12.0;47.02;SP
vendeur 2568;d4828feed4cda2cd9d6b37899a95a71e;39.9;2.0;0.0;2.0;07/08/2018 0:33;07/08/2018 0:33;1.0;42.01;CE
vendeur 2569;d4910f1cdcfdabd48d6b316e395d4a23;1146.88;4.916666666666667;0.0833333333333333;2.583333333333333;30/07/2018 13:01;17/08/2018 17:13;1.0;57.19;SP
vendeur 2570;d4a5e99e0dd915df64ba55a7fbd583fd;65.15;1.6666666666666667;0.0;1.0;26/10/2017 11:22;26/10/2017 22:55;1.0;40.01;SP
vendeur 2571;d4d99b60c4c94cd35acd502cec65dc8d;72.9;3.0;0.0;1.0;09/10/2016 12:13;09/10/2016 12:13;1.0;48.01;SP
vendeur 2572;d4e12e7884759a14fa0f5f896c791cae;1487.6;4.647058823529412;0.0588235294117647;2.323529411764706;07/09/2017 15:21;23/07/2018 8:06;10.6;56.36;SP
vendeur 2573;d4e4b5192cba4e0e66eb12a9d347239d;441.8;4.166666666666667;0.0;1.6666666666666667;14/03/2017 0:25;06/11/2017 22:21;7.9;55.07;PR
vendeur 2574;d4f117125b59ce73c3302f88ee40c458;883.27;4.842105263157895;0.0;1.8421052631578947;05/12/2017 19:02;12/08/2018 15:55;8.3;59.2;SP
vendeur 2575;d4f91e8be86b38da2ee35bc489645a9d;49.99;5.0;0.0;3.0;08/10/2016 9:50;08/10/2016 9:50;1.0;60.01;SP
vendeur 2576;d4ffeb15b67e81ff9af2b4252d99fb7e;1400.4;4.3;0.0;4.416666666666667;26/04/2018 13:43;27/07/2018 19:57;3.066666666666667;56.03;SP
vendeur 2577;d50d79cb34e38265a8649c383dcffd48;13427.38;4.260273972602739;0.0675675675675675;3.4054054054054053;08/10/2016 15:02;10/08/2018 10:56;22.33333333333333;55.73;SP
vendeur 2578;d51e0a403fe2e689ece6c73359d96e12;7790.0;4.230769230769231;0.0769230769230769;4.384615384615385;21/08/2017 15:49;25/07/2018 11:49;11.233333333333333;54.35;SP
vendeur 2579;d52cbce9845184537284a23c3bc3da0e;75.0;5.0;0.0;1.0;02/02/2018 0:54;02/03/2018 10:30;1.0;60.01;SC
vendeur 2580;d558ebe531605a1285ab2b1bc3256dfb;709.0;4.666666666666667;0.0;4.666666666666667;16/03/2018 18:48;09/06/2018 18:56;2.833333333333333;58.12;MG
vendeur 2581;d566c37fa119d5e66c4e9052e83ee4ea;5145.7;4.71830985915493;0.0410958904109589;2.26027397260274;16/03/2018 14:11;26/08/2018 19:39;5.433333333333334;57.92;SP
vendeur 2582;d57e18d5f73c7ccb7f7339b61166898d;3307.5;4.415384615384616;0.0307692307692307;1.8615384615384616;10/09/2017 12:54;21/08/2018 13:41;11.5;56.11;SP
vendeur 2583;d58d521f3789def2e7a22715e0badd93;65.98;3.5;0.0;1.0;10/11/2017 10:25;20/03/2018 12:08;4.333333333333333;51.01;SP
vendeur 2584;d594982fd877af63ace38ea1fca27c76;217.04;4.428571428571429;0.0;1.1428571428571428;29/06/2018 18:11;21/08/2018 11:11;1.7333333333333334;56.61;SP
vendeur 2585;d598f929fc44e1e38678e7f47250ec04;69.9;5.0;0.0;8.0;22/06/2018 10:43;22/06/2018 10:43;1.0;60.01;GO
vendeur 2586;d5b9a084373da994a6e37f732169a853;1769.0;3.571428571428572;0.2857142857142857;5.714285714285714;20/01/2018 21:21;07/05/2018 22:23;3.566666666666667;43.15;SP
vendeur 2587;d5ba419e26d246a0719437cf37d9b46d;4649.4;3.8378378378378377;0.1842105263157894;2.526315789473684;05/05/2017 18:30;22/08/2018 10:44;15.766666666666667;48.26;SP
vendeur 2588;d5c530f4884a75ae0dba9c148718d278;302.88;2.9;0.1;1.7;15/09/2017 13:52;28/11/2017 14:56;2.466666666666667;44.45;MG
vendeur 2589;d624126b9206f595fb3fbb6ba03b28a8;7558.7;4.357142857142857;0.0344827586206896;4.655172413793103;14/05/2017 21:45;16/08/2018 19:27;15.266666666666667;56.34;PR
vendeur 2590;d63c73efd41eb002280e7ec831424edb;5598.0;4.0;0.0;3.5;20/11/2017 11:46;29/05/2018 14:21;6.333333333333333;54.91;SP
vendeur 2591;d63f306de130e0391d38a792541723b8;49.0;5.0;0.0;1.0;20/08/2018 10:09;20/08/2018 10:09;1.0;60.01;SP
vendeur 2592;d650b663c3b5f6fb392b6326366efa9a;20160.9;4.225806451612903;0.064516129032258;5.661290322580645;03/12/2017 19:47;13/08/2018 22:51;8.433333333333334;56.72;SP
vendeur 2593;d65f31d2413268e671989503f6cf9993;488.8;1.0;0.0;1.6666666666666667;07/02/2017 17:57;05/03/2017 19:39;1.0;36.08;SP
vendeur 2594;d66c11a9572221d92fbb8c4897db5f9b;776.56;4.5625;0.0;1.9375;23/06/2018 22:12;22/08/2018 18:36;1.9666666666666663;57.5;RJ
vendeur 2595;d66c305afaec317ebee552073a674429;4916.36;4.395833333333333;0.0208333333333333;3.4375;11/01/2017 0:13;19/05/2017 18:41;4.266666666666667;56.55;MG
vendeur 2596;d673a59aac7a70d8b01e6902bf090a11;4066.13;3.943820224719101;0.0898876404494382;2.292134831460674;31/10/2017 18:03;23/08/2018 0:20;9.833333333333334;51.63;SP
vendeur 2597;d6ab728cf30867cf3f1a2e216ae2f9b7;2002.0;4.428571428571429;0.0;2.142857142857143;12/03/2018 9:49;21/08/2018 15:43;5.4;56.9;SP
vendeur 2598;d6b1ce66b035a475f00c017792ff9769;12502.4;4.169811320754717;0.072072072072072;3.063063063063063;17/03/2018 14:39;26/08/2018 22:50;5.4;54.9;SP
vendeur 2599;d6b664fa0667064c6d76394e7848d790;6080.0;4.833333333333333;0.1666666666666666;5.333333333333333;04/05/2017 1:04;16/05/2018 12:19;12.566666666666666;54.99;SP
vendeur 2600;d6cd01c59123df02fc226eadbadb5f89;244.9;2.333333333333333;0.0;1.6666666666666667;11/01/2018 23:07;28/05/2018 11:18;4.533333333333333;44.04;SP
vendeur 2601;d71d863e5ef30d94e440c11be17dcd8f;11900.9;3.242424242424242;0.0833333333333333;4.027777777777778;15/10/2017 20:06;19/05/2018 19:12;7.166666666666667;48.9;SP
vendeur 2602;d73cbd89533ce8b041a9190241453ac8;368.6;3.5;0.0;3.75;23/03/2017 12:31;31/07/2017 16:05;4.333333333333333;51.06;MG
vendeur 2603;d7485b33791774c36108f8c69602d48d;399.82;3.7;0.1;1.5;06/04/2018 12:25;24/07/2018 22:56;3.633333333333333;49.26;PR
vendeur 2604;d7827b2af99326a03b0ed9c7a24db0d3;1455.0;5.0;0.0;10.0;12/04/2018 19:18;12/04/2018 19:18;1.0;60.24;SP
vendeur 2605;d79e8478eed9999493990b44955fb22e;721.89;4.0;0.2;3.0;28/06/2018 9:14;19/08/2018 12:33;1.7333333333333334;48.12;RJ
vendeur 2606;d7ab82074b5f1dfba46db123df101bff;38.67;4.333333333333333;0.0;2.6666666666666665;03/01/2018 23:46;04/01/2018 12:52;1.0;56.01;SP
vendeur 2607;d7b2377bae6ace1b11fc69a11900ac36;329.6;3.25;0.25;3.5;31/08/2017 18:00;29/11/2017 21:46;3.0;42.05;SP
vendeur 2608;d7d517afce974cd491b8d52bb5b5b1fc;89.99;4.0;0.0;4.0;16/08/2018 2:24;16/08/2018 2:24;1.0;54.01;SP
vendeur 2609;d7f1cfc638473be93baedbfd02208016;30.0;5.0;0.0;1.0;19/07/2018 1:00;19/07/2018 1:00;1.0;60.0;RJ
vendeur 2610;d85efbc8eff2b7adf524e2820569adc8;55.0;5.0;0.0;1.0;12/05/2018 22:49;12/05/2018 22:49;1.0;60.01;SP
vendeur 2611;d8b8f2cf9ff6ba0389072541cb42498c;149.0;5.0;0.0;9.0;23/05/2018 10:49;23/05/2018 10:49;1.0;60.02;GO
vendeur 2612;d8bf0fc082fd4a77fc2e5679b6c00133;139.9;5.0;0.0;4.0;20/07/2018 14:50;20/07/2018 14:50;1.0;60.02;SP
vendeur 2613;d8c7ba53e7e38711eaef8c2849d6d2e1;1307.87;4.521739130434782;0.0;2.739130434782609;08/05/2018 23:46;21/08/2018 6:58;3.466666666666667;57.34;PR
vendeur 2614;d8cf3b6a2151949f930d0252b180ec42;623.7;3.0;0.0;1.5263157894736843;13/04/2018 10:09;21/06/2018 11:12;2.3;48.1;PR
vendeur 2615;d8d9567d0bfb0bc7eb845a205ba42657;74.6;3.5;0.5;1.5;28/03/2018 22:20;22/08/2018 8:25;4.866666666666666;36.01;SP
vendeur 2616;d8dd176509baa37f359644d082bf7f7b;198.0;1.5;1.0;5.5;16/11/2017 13:02;25/11/2017 11:34;1.0;9.03;SP
vendeur 2617;d90fe2229fee1a5da999ccd0c06c1667;450.0;4.666666666666667;0.0;2.333333333333333;22/07/2018 13:03;08/08/2018 19:23;1.0;58.07;SP
vendeur 2618;d91fb3b7d041e83b64a00a3edfb37e4f;42804.13;4.096830985915493;0.0594405594405594;1.7027972027972027;07/02/2017 23:53;24/08/2018 17:59;18.73333333333333;59.8;SP
vendeur 2619;d921b68bf747894be13a97ae52b0f386;16637.6;4.585365853658536;0.0121951219512195;4.5;17/04/2018 8:33;22/08/2018 10:59;4.233333333333333;59.87;MG
vendeur 2620;d93844a9c55ba7ce353388bcf849ea56;2888.4;4.266666666666667;0.1333333333333333;3.866666666666666;15/03/2017 8:19;29/04/2018 9:43;13.666666666666666;52.07;PR
vendeur 2621;d93919c944be9cff128f6c9cb899eacb;2666.7000000000003;4.0;0.1818181818181818;1.878787878787879;29/11/2017 14:47;24/07/2018 14:38;7.866666666666666;48.98;SP
vendeur 2622;d93b8458c6fe139d85cfa5eadbf55bd2;19.9;5.0;0.0;1.0;19/11/2017 19:35;19/11/2017 19:35;1.0;60.0;SP
vendeur 2623;d9442042130b7fe579d1295f9f4a248f;772.16;4.227272727272728;0.0454545454545454;2.6818181818181817;23/04/2017 0:17;11/09/2017 20:01;4.7;54.13;SP
vendeur 2624;d94a40fd42351c259927028d163af842;14210.8;4.072727272727272;0.0353982300884955;3.84070796460177;22/07/2017 7:12;08/08/2018 13:18;12.733333333333333;55.7;MG
vendeur 2625;d94ba08b99bedd6a5f6c875ecc4a6fac;599.0;4.8;0.0;3.0;12/04/2017 11:02;27/07/2017 10:15;3.5;58.9;PR
vendeur 2626;d97df38225e5abadaff1e72cb72b823c;1991.0;4.064516129032258;0.1515151515151515;2.242424242424242;03/11/2017 16:38;08/08/2018 17:25;9.266666666666667;50.17;SP
vendeur 2627;d98eec89afa3380e14463da2aabaea72;7328.44;4.235602094240837;0.0208333333333333;1.96875;18/01/2017 8:01;27/08/2018 10:46;19.53333333333333;55.99;RS
vendeur 2628;d9a84e1403de8da0c3aa531d6d108ba6;1544.4;4.611940298507463;0.044776119402985;1.82089552238806;22/02/2018 15:13;28/08/2018 9:18;6.2;56.58;SP
vendeur 2629;d9b00a97818674c7f8d8b1ef0e689679;69.9;3.0;0.0;4.0;14/08/2018 15:26;14/08/2018 15:26;1.0;48.01;PR
vendeur 2630;d9bd94811c3338dceb4181f3dbc0c73e;6979.36;4.82258064516129;0.1129032258064516;2.7580645161290325;01/05/2018 12:25;21/08/2018 15:39;3.733333333333333;56.69;SP
vendeur 2631;d9c349beabc06aa6ff1c6d68b5e9e22e;168.1;5.0;0.0;4.0;30/04/2018 16:52;30/04/2018 16:52;1.0;60.03;SP
vendeur 2632;d9cb0052a666de5308b32f32ad5f1b1c;231.9;3.6666666666666665;0.0;1.3333333333333333;19/01/2018 0:21;15/05/2018 22:07;3.866666666666666;52.04;SP
vendeur 2633;d9cd369bffa979d1634f8e1318bf2f1b;678.0;5.0;0.0;5.666666666666667;13/05/2018 22:12;10/08/2018 11:02;2.933333333333333;60.11;SP
vendeur 2634;d9d43faf741ceaa8da52fdbb81d9e0e3;210.0;3.5;0.0;2.0;05/04/2018 11:22;07/08/2018 9:46;4.1;51.03;SP
vendeur 2635;d9e7e7778b32987280a6f2cb9a39c57d;722.5;3.1538461538461537;0.3076923076923077;2.4615384615384617;10/01/2018 14:42;08/06/2018 16:40;4.966666666666667;39.81;SP
vendeur 2636;d9e8c084b68fe958861d8f2c21202e6b;3050.0;4.166666666666667;0.0;1.0;05/10/2017 11:57;20/07/2018 16:14;9.6;55.5;SP
vendeur 2637;da03c298e3999e9d828591fc2179d109;787.7;4.8;0.0;4.8;04/12/2017 21:12;28/02/2018 16:31;2.833333333333333;58.93;SP
vendeur 2638;da20530872245d6cd9d2f5725613c430;596.96;4.333333333333333;0.0;1.6666666666666667;18/10/2017 23:22;26/10/2017 23:51;1.0;56.1;RS
vendeur 2639;da2782c804606d2a5d8e1760dbb3e7ec;89.0;1.0;1.0;5.0;26/11/2017 0:47;26/11/2017 0:47;1.0;6.01;SP
vendeur 2640;da3fede3469bf49b7293ce3fc45b294d;44.9;5.0;0.0;4.0;17/03/2018 18:07;17/03/2018 18:07;1.0;60.01;SP
vendeur 2641;da4d149c0ddbac90557103ac0a0ec356;730.0;3.0;0.0;10.0;20/08/2018 12:37;20/08/2018 12:37;1.0;48.12;SP
vendeur 2642;da6a60cc8cc724fe51be021ff8be779c;728.79;4.769230769230769;0.0;2.6923076923076925;21/05/2018 21:49;17/08/2018 0:51;2.9;58.73;RJ
vendeur 2643;da7039f29f90ce5b4846ffc0fcc93beb;1259.1;4.555555555555555;0.0555555555555555;2.7777777777777777;20/04/2018 8:04;18/08/2018 9:47;4.0;55.87;SP
vendeur 2644;da8622b14eb17ae2831f4ac5b9dab84a;171784.57;4.071256038647343;0.069193742478941;3.444043321299639;05/02/2017 21:46;28/08/2018 21:56;18.966666666666665;80.44;SP
vendeur 2645;dace965ca58120f92f8d742a9fa1864b;1611.0;4.666666666666667;0.0;4.0;25/03/2018 18:37;19/05/2018 16:18;1.8;58.26;SP
vendeur 2646;dadc51ef321949ec9a3ab25cd902e23d;85.0;1.0;0.0;9.0;15/09/2017 15:51;15/09/2017 15:51;1.0;36.01;SP
vendeur 2647;daeb5653dd96c1b11860f72209795012;2442.4;4.130434782608695;0.0869565217391304;2.0;07/09/2017 16:56;10/08/2018 15:03;11.2;52.57;MG
vendeur 2648;daf565f087a52def0fd5c5825b3661bc;813.9000000000001;3.625;0.1111111111111111;3.555555555555556;16/06/2018 21:14;22/08/2018 12:44;2.2;48.55;SC
vendeur 2649;db1f0f7c7e5e87f40b62226f020bb297;59.01;4.666666666666667;0.0;1.3333333333333333;03/04/2017 18:04;09/05/2017 10:19;1.1666666666666667;58.01;PR
vendeur 2650;db2956745b3a8e9f3785c99f34b5d25e;8599.0;3.7291666666666665;0.1041666666666666;2.645833333333333;14/04/2018 15:12;10/08/2018 23:54;3.933333333333333;50.66;SP
vendeur 2651;db4350fd57ae30082dec7acbaacc17f9;3390.19;4.135135135135135;0.0402684563758389;2.087248322147651;06/03/2017 19:45;21/08/2018 16:53;17.733333333333334;54.16;SP
vendeur 2652;db46ca7bce82b11f7e247539271fc390;933.97;4.5625;0.0;2.75;21/03/2017 10:42;05/07/2017 9:08;3.5;57.53;RJ
vendeur 2653;db6a4d4b5f1f5f98820ce6ce2619e2de;135.99;5.0;0.0;1.0;08/01/2018 16:50;08/01/2018 16:50;1.0;60.02;SP
vendeur 2654;db7ed69a53aa9fb1c01930ba54a88bbe;109.0;5.0;0.0;1.0;22/06/2018 18:52;22/06/2018 18:52;1.0;60.02;SP
vendeur 2655;dbb9b48c841a0e39e21f98e1a6b2ec3e;7463.12;4.233870967741935;0.0403225806451612;2.782258064516129;11/01/2017 10:24;26/06/2018 18:51;17.7;55.41;SP
vendeur 2656;dbbcfe2c8d026742134ac3e28ccde274;582.48;4.333333333333333;0.0;1.8333333333333333;25/07/2017 9:07;06/06/2018 10:11;10.533333333333331;56.09;PR
vendeur 2657;dbc22125167c298ef99da25668e1011f;37327.96;4.160676532769556;0.0210970464135021;2.873417721518988;09/04/2017 13:43;23/08/2018 19:09;16.7;60.43;MG
vendeur 2658;dbc51f5e45d654ecc16cb68e6817ecea;199.99;4.0;0.0;2.0;24/02/2017 22:28;24/02/2017 22:28;1.0;54.03;SP
vendeur 2659;dbd66278cbfe1aa1000f90a217ca4695;5693.6;4.548387096774194;0.0483870967741935;2.161290322580645;25/11/2017 20:26;23/08/2018 0:09;9.0;56.77;SP
vendeur 2660;dbdd0ec73a4817971d962698f2fea022;6384.0;4.375;0.0625;3.6875;30/04/2018 11:04;19/08/2018 21:21;3.7;55.42;CE
vendeur 2661;dbec9a0a7efeff029d4d9dce7dc4cc95;1170.0;4.0;0.0;3.333333333333333;15/06/2018 21:45;14/08/2018 18:15;1.9666666666666663;54.19;MG
vendeur 2662;dc120d932ddf9d4dfb6fd68beefda622;130.0;1.0;0.0;3.0;25/04/2018 9:00;25/04/2018 9:00;1.0;36.02;PR
vendeur 2663;dc317f341ab0e22f39acbd9dbf9b4a1f;19488.2;4.083333333333333;0.05;4.133333333333334;16/01/2017 14:04;01/07/2018 17:40;17.7;56.19;RS
vendeur 2664;dc4a0fc896dc34b0d5bfec8438291c80;26730.19;3.732851985559567;0.0613718411552346;3.888086642599278;04/02/2017 21:27;20/08/2018 12:55;18.7;54.93;SP
vendeur 2665;dc50afafdfa325eadc890c7fa42a8f4e;513.1;4.6;0.0;1.8;25/06/2018 16:10;11/08/2018 10:25;1.5333333333333334;57.68;PR
vendeur 2666;dc64d75cc406bb0697be983831430e60;813.0;4.75;0.0;3.75;22/05/2018 15:15;16/08/2018 9:41;2.833333333333333;58.63;MG
vendeur 2667;dc7192adf8ba09569261f4a8d576afe0;917.0;3.625;0.0;4.125;22/07/2018 19:49;22/08/2018 18:50;1.0;51.9;SP
vendeur 2668;dc8798cbf453b7e0f98745e396cc5616;2475.3;3.081967213114754;0.0491803278688524;2.065573770491804;05/10/2016 0:32;20/11/2017 21:36;13.7;47.42;SP
vendeur 2669;dcb7367a92f5ffb89f1e2152ed260285;79.9;5.0;0.0;2.0;18/03/2018 16:47;18/03/2018 16:47;1.0;60.01;SP
vendeur 2670;dcf3755cefcdc158ad0b7bdde51e871b;269.70000000000005;4.0;0.0;1.3333333333333333;18/03/2018 14:44;11/08/2018 10:48;4.833333333333333;54.04;RS
vendeur 2671;dd264199fc8b687ad029de7de6d760e6;87.9;5.0;0.0;1.0;19/01/2017 11:47;19/01/2017 11:47;1.0;60.01;PR
vendeur 2672;dd2bdf855a9172734fbc3744021ae9b9;11565.9;3.730434782608696;0.0495867768595041;3.338842975206612;05/10/2016 12:44;03/01/2018 10:05;15.133333333333333;52.79;MG
vendeur 2673;dd39ad39b5d3df33037e141c72497ba6;135.8;5.0;0.0;2.5;03/05/2017 10:35;10/06/2017 22:07;1.2666666666666666;60.02;SP
vendeur 2674;dd4d95ba2d15c071e6c695e2ef6ce169;2185.0;4.2;0.6;1.2;08/07/2018 17:12;12/08/2018 13:03;1.1333333333333333;37.56;ES
vendeur 2675;dd533b429f380718b70ad9922c294bae;2819.77;3.733333333333333;0.1111111111111111;2.955555555555556;31/03/2017 13:22;07/03/2018 10:43;11.333333333333334;49.53;SP
vendeur 2676;dd5450b022b2d00a2145a66331e1aef6;59.0;5.0;0.0;2.0;29/06/2018 12:16;29/06/2018 12:16;1.0;60.01;SC
vendeur 2677;dd55f1bb788714a40e7954c3be6df745;7081.66;3.8157894736842106;0.1578947368421052;3.394736842105264;10/11/2017 9:22;16/07/2018 19:20;8.266666666666667;49.32;SP
vendeur 2678;dd58ee93286b0821565574c570e9e1dc;2948.0;5.0;0.0;5.5;30/01/2017 17:05;06/05/2017 15:22;3.1666666666666665;60.48;PR
vendeur 2679;dd7ddc04e1b6c2c614352b383efe2d36;9866.57;3.7483870967741937;0.1666666666666666;2.0448717948717947;26/04/2017 10:53;25/07/2018 15:40;15.166666666666666;49.1;SP
vendeur 2680;dd88d13bea9e4c2bf47daf224f8141e5;458.0;5.0;0.0;9.0;10/04/2018 23:09;10/04/2018 23:09;1.0;60.07;RS
vendeur 2681;dd8a29ce82d5c705ba932d81494600a5;205.75;3.5;0.0;3.0;25/05/2017 21:25;01/09/2017 16:13;3.2666666666666666;51.03;SP
vendeur 2682;dd9661d3cda1e6feb237f0c4d8b26f2e;174.0;5.0;0.0;6.0;12/10/2017 9:19;12/10/2017 9:19;1.0;60.03;SC
vendeur 2683;dda37071807e404c5bb2a1590c66326f;199.99;5.0;0.0;1.0;24/04/2018 8:37;24/04/2018 8:37;1.0;60.03;SP
vendeur 2684;ddd51ae8cda92f3995a51fc0f0f3eec7;842.6999999999999;4.6;0.0;2.16;28/01/2017 18:30;16/01/2018 20:24;11.766666666666667;57.74;RJ
vendeur 2685;dde698c6d0bd24834c586e5111c2bba7;155.9;5.0;0.0;5.0;30/07/2018 2:16;30/07/2018 2:16;1.0;60.02;RJ
vendeur 2686;de09d00cfc265b8804c7df34075a68fa;784.0;3.333333333333333;0.0;4.666666666666667;15/10/2017 10:29;07/05/2018 15:48;6.8;50.13;SP
vendeur 2687;de0c78824586e9a5f5f04fd84e25df39;2489.3;4.4375;0.0;2.0625;08/04/2018 10:59;03/08/2018 14:39;3.9;57.03;SP
vendeur 2688;de23c3b98a88888289c6f5cc1209054a;27441.54;4.190476190476191;0.1164021164021164;3.095238095238096;05/05/2017 14:21;17/08/2018 13:11;15.6;56.14;SP
vendeur 2689;de66a66f2dd06bb9ec37aa96987466a3;353.32;4.25;0.0;1.125;10/10/2016 11:08;04/02/2017 21:38;3.9;55.56;RJ
vendeur 2690;de722cd6dad950a92b7d4f82673f8833;56425.5;4.15625;0.038860103626943;2.411917098445596;09/01/2018 15:59;23/08/2018 13:48;7.5;63.0;PE
vendeur 2691;de9727ca376d1be6ec121b110aa7954c;1058.7;3.75;0.0833333333333333;1.5833333333333333;12/05/2018 15:48;15/08/2018 8:52;3.1333333333333333;50.17;PR
vendeur 2692;deaadd805612bf94faaa9fa702516e11;50.0;1.0;0.0;2.0;09/05/2017 21:42;09/05/2017 21:42;1.0;36.01;SP
vendeur 2693;debe6615cd90cc0c2eac2b8988e1f628;278.5;4.6;0.0;1.4;28/01/2017 23:09;20/03/2017 19:58;1.6666666666666667;57.64;SP
vendeur 2694;dedcab67899479e4ea5dcc4eba47f587;84.0;4.5;0.0;1.0;10/06/2018 22:28;17/08/2018 17:59;2.2333333333333334;57.01;SC
vendeur 2695;dee656f0f566ed1aa85bd137c943f08f;6358.77;4.360824742268041;0.0510204081632653;2.1122448979591835;10/10/2017 19:29;22/08/2018 10:16;10.5;55.67;SP
vendeur 2696;df0f42bc4c2142eacf0eaf2cffd0cfbb;1654.0;4.0625;0.0;3.125;19/11/2017 21:30;15/07/2018 1:16;7.9;54.64;SC
vendeur 2697;df47da4ae86fa4db890d05aaf24e21d8;310.5;4.2;0.0;3.0;23/07/2018 17:57;23/08/2018 10:47;1.0;55.25;SP
vendeur 2698;df560393f3a51e74553ab94004ba5c87;4460.18;3.5384615384615383;0.0512820512820512;2.5128205128205128;04/10/2016 14:13;10/03/2018 21:24;17.4;50.42;PR
vendeur 2699;df56d7b40d437f88407c5f78b63bc328;2870.1800000000003;3.8461538461538463;0.0384615384615384;2.1538461538461537;19/10/2017 10:05;28/03/2018 11:26;5.333333333333333;52.39;PR
vendeur 2700;df683dfda87bf71ac3fc63063fba369d;39.9;1.0;1.0;1.0;13/03/2017 20:17;13/03/2017 20:17;1.0;6.01;RS
vendeur 2701;df91910b6a03bb2e3358fa6a35e32f6f;2501.0;4.4;0.0;4.266666666666667;24/06/2018 9:54;14/08/2018 21:21;1.7;56.81;SP
vendeur 2702;dfa0c4c6229ab200a4a1336b4d7128ff;4807.0;4.022988505747127;0.0344827586206896;2.9080459770114944;02/05/2018 10:23;23/08/2018 7:36;3.733333333333333;53.89;SC
vendeur 2703;dfc475d54e1b6dbeeb7d7d9bdaa63827;1793.76;4.380952380952381;0.0476190476190476;2.761904761904762;21/02/2018 14:30;24/08/2018 13:04;6.1;55.15;PR
vendeur 2704;dfc5fb7259bb2b599ca565e6e9448f0f;6689.6;4.108108108108108;0.1081081081081081;3.810810810810811;27/07/2017 19:34;06/08/2018 22:05;12.5;52.5;SP
vendeur 2705;dff87e4de60c9736ce8df835951b09bc;998.0;2.5;0.0;1.0;12/11/2017 19:43;15/11/2017 7:45;1.0;45.16;SP
vendeur 2706;e00d85ce20ea50c1224c66ca5050527d;149.0;4.0;0.0;1.0;13/07/2017 11:24;13/07/2017 11:24;1.0;54.02;SP
vendeur 2707;e0482f2c769468c3bbcd8a01e09d98c5;189.0;4.0;0.0;1.0;10/08/2018 20:43;10/08/2018 20:43;1.0;54.03;SP
vendeur 2708;e0487761face83d64fcada2408959a36;73.0;4.666666666666667;0.0;1.0;24/08/2018 15:05;27/08/2018 18:58;1.0;58.01;SP
vendeur 2709;e067ad2c1c0b48758eb1b5228bcf7a68;5153.4;4.142857142857143;0.0952380952380952;2.1746031746031744;01/02/2017 12:44;13/08/2018 20:25;18.6;52.84;SP
vendeur 2710;e06f09ec0a4aca210779cf1cfc63cf19;6182.89;4.157894736842105;0.0526315789473684;3.263157894736842;27/06/2017 23:17;19/12/2017 23:35;5.833333333333333;54.38;SP
vendeur 2711;e0878efa0e0b7e5313ac0b43bc04c081;5325.2;3.466666666666667;0.2;2.9;04/11/2017 19:22;05/03/2018 8:58;4.0;45.67;PR
vendeur 2712;e09887ca8c7bf8a4621ce481820414ef;119.96;3.0;0.25;3.5;09/09/2017 8:33;25/11/2017 14:10;2.566666666666667;40.52;SP
vendeur 2713;e0a366315b1b726b6c7832d664c0f530;7400.09;4.333333333333333;0.0392156862745098;4.725490196078432;10/06/2017 15:22;16/08/2018 22:08;14.4;56.03;SP
vendeur 2714;e0a3c37054ade6478d923a6efc10f308;549.5;5.0;0.0;1.2;03/07/2018 20:23;17/07/2018 21:05;1.0;60.09;SC
vendeur 2715;e0b162a693bc7f9eab00f783a31d60ea;20.0;5.0;0.0;5.0;04/05/2018 13:13;04/05/2018 13:13;1.0;60.0;RS
vendeur 2716;e0eabded302882513ced4ea3eb0c7059;978.4;4.625;0.0;5.625;02/04/2018 3:54;03/06/2018 20:14;2.066666666666667;57.91;SP
vendeur 2717;e116c7455dd26a4d8c3e92532583905f;36.76;4.0;0.0;1.0;05/04/2018 10:50;05/04/2018 10:50;1.0;54.01;SP
vendeur 2718;e1643dff33666ca629e3644c02738179;170.0;4.333333333333333;0.0;1.0;11/05/2018 0:09;28/05/2018 21:16;1.0;56.03;SP
vendeur 2719;e174dc2de86d60fee178170a154c05e7;19.8;1.0;0.0;1.0;17/08/2017 12:18;17/08/2017 12:18;1.0;36.0;SP
vendeur 2720;e1a210d482714ce337763a19aef94ba4;49.9;1.0;0.0;1.0;30/04/2017 15:59;30/04/2017 15:59;1.0;36.01;PR
vendeur 2721;e1b12447a7563944843191754aeb5562;472.46;4.5;0.3;3.0;12/09/2017 13:52;05/01/2018 0:47;3.8;48.08;SP
vendeur 2722;e1bed63d68ac36fe1f3061befe196af5;199.0;5.0;0.0;3.0;30/01/2017 18:30;30/01/2017 18:30;1.0;60.03;SP
vendeur 2723;e1c76f339ebd5460999f25a2aa8c92c5;899.9;5.0;0.0;1.0;12/05/2018 17:51;12/05/2018 17:51;1.0;60.15;SP
vendeur 2724;e1dc0754bada9ee4cfe9713f22f61292;885.0;3.8333333333333335;0.0;3.0;13/06/2018 18:23;20/08/2018 14:38;2.2333333333333334;53.14;RJ
vendeur 2725;e21a1e8be4715b0fcfd5385643bc49c4;723.5;3.72;0.0;2.92;25/04/2017 13:35;22/02/2018 20:29;10.1;52.44;SC
vendeur 2726;e24d3429d294b2eb200b064ebb035879;1878.58;4.136363636363637;0.0454545454545454;2.0;25/06/2018 9:22;26/08/2018 4:53;2.033333333333333;53.76;SP
vendeur 2727;e24fc9fcd865784fb25705606fe3dfe7;15480.0;4.25;0.0666666666666666;4.1;08/10/2016 10:07;26/03/2018 23:31;17.8;56.03;SP
vendeur 2728;e250d617a0ad591ba9bd663e584a895d;2005.36;3.1666666666666665;0.0;6.041666666666667;26/02/2018 19:29;21/08/2018 10:47;5.833333333333333;49.33;SP
vendeur 2729;e256a62e0ac58c0edfba09966142d561;1474.11;4.5;0.0;2.357142857142857;15/04/2018 18:43;30/07/2018 9:37;3.5;57.24;PR
vendeur 2730;e26901d5ab434ce92fd9b5c256820a4e;12520.1;4.065502183406114;0.0218340611353711;2.100436681222708;30/01/2017 15:32;12/09/2017 22:47;7.5;55.78;SP
vendeur 2731;e2a1ac9bf33e5549a2a4f834e70df2f8;14999.45;4.8;0.0;6.4;08/03/2017 18:51;06/07/2017 14:51;3.966666666666667;61.25;SP
vendeur 2732;e2aee0892199b1d92530e371abd825bf;5712.56;3.7857142857142856;0.119047619047619;3.7142857142857135;12/01/2017 0:06;31/07/2018 20:54;18.83333333333333;50.08;PR
vendeur 2733;e2c92f9c1c7746d899d18f2e158bbff7;2031.7;4.133333333333334;0.0;1.6;18/04/2018 22:14;07/08/2018 16:05;3.6666666666666665;55.13;SP
vendeur 2734;e333046ce6517bd8bb510291d44f0130;7337.0;4.4;0.0533333333333333;3.28;13/07/2017 9:00;24/08/2018 16:27;13.566666666666666;56.0;SP
vendeur 2735;e38db885400cd35c71dfd162f2c1dbcf;2121.7000000000003;4.515151515151516;0.1212121212121212;2.272727272727273;20/08/2017 19:32;15/08/2018 14:11;11.966666666666669;53.8;DF
vendeur 2736;e3a386fc36e22064434e1fa256f6a9fa;793.9;4.235294117647059;0.1764705882352941;2.294117647058824;23/01/2018 17:08;16/08/2018 6:29;6.8;50.25;SP
vendeur 2737;e3b4998c7a498169dc7bce44e6bb6277;6897.9;2.6666666666666665;0.0;3.6666666666666665;16/01/2017 16:24;12/02/2017 20:37;1.0;47.13;SP
vendeur 2738;e3d3b3efac954a60d61be70b7e05b49b;1282.05;4.333333333333333;0.0;6.666666666666667;06/06/2018 12:18;25/06/2018 1:28;1.0;56.21;SP
vendeur 2739;e3dd723429d1b23614b7fa85e2c7a853;471.05;3.375;0.25;2.5;25/03/2018 14:10;08/06/2018 17:19;2.5;42.83;SP
vendeur 2740;e3e15e2c0b9700561efac21c6be48066;121.23;2.2;0.0;1.0;04/02/2018 17:31;14/07/2018 10:27;5.3;43.22;SP
vendeur 2741;e3e290b38963293022cdcd6db8328103;135.7;3.333333333333333;0.0;4.0;25/11/2017 1:04;03/12/2017 20:13;1.0;50.02;SP
vendeur 2742;e4253cef933647000a82ff39c67b7bde;68.0;2.0;0.0;3.5;07/05/2017 22:55;20/05/2017 19:09;1.0;42.01;SP
vendeur 2743;e433f5fd4050e3352b5d83522b7fe24b;548.06;4.0;0.0;1.0;23/08/2018 11:45;23/08/2018 11:45;1.0;54.09;PR
vendeur 2744;e439f7176d763f92de325271111b2fd5;1348.4;5.0;0.0;1.5714285714285714;01/05/2018 16:18;01/08/2018 11:11;3.033333333333333;60.22;SC
vendeur 2745;e45edf75f568ed2f93f78d060e246e25;164.29999999999998;4.142857142857143;0.1428571428571428;3.2857142857142856;06/06/2018 11:26;24/07/2018 20:48;1.6;50.6;RJ
vendeur 2746;e46bc031f2c5bae4ccb40bb90712e9b4;277.3;1.0;0.0;5.0;06/04/2018 22:13;06/04/2018 22:13;1.0;36.04;SP
vendeur 2747;e48b04bf1aa1ef711caebeb7aede6180;3187.1000000000004;4.48;0.0;2.72;26/01/2017 18:33;31/07/2018 16:16;18.33333333333333;57.4;PR
vendeur 2748;e48cc16ab70bfa09e1401740dce0b3d7;1084.83;3.235294117647059;0.1176470588235294;2.0588235294117645;27/05/2017 10:15;14/06/2018 10:51;12.766666666666667;46.06;SP
vendeur 2749;e49c26c3edfa46d227d5121a6b6e4d37;4193.9400000000005;4.5;0.0;3.071428571428572;04/02/2017 18:51;25/07/2018 14:20;17.833333333333332;57.69;PE
vendeur 2750;e4ebd3f87bf70440014f07ddda7fbe03;858.5;4.666666666666667;0.1111111111111111;2.0;07/12/2017 21:14;05/03/2018 18:13;2.9;54.81;SP
vendeur 2751;e4f121bf6ef8b9a1d4d3e65dd0473fab;70.0;3.0;0.5;4.0;01/04/2018 21:17;07/05/2018 8:58;1.1666666666666667;33.01;SP
vendeur 2752;e4fc40017a6d22c46a14ac2e17f87c3e;387.0;2.333333333333333;0.0;3.6666666666666665;30/05/2017 15:55;01/08/2017 23:16;2.1;44.06;PR
vendeur 2753;e503f22be6a4f456d9851920a5d9c670;198.9;4.0;0.0;1.5;30/07/2018 12:28;14/08/2018 15:12;1.0;54.03;SP
vendeur 2754;e504a4e2efaa45cbff7e268a2c58c956;1188.8000000000002;3.6666666666666665;0.25;2.333333333333333;14/05/2018 17:58;15/08/2018 10:11;3.066666666666667;44.69;SP
vendeur 2755;e51f22821f0c12a16ad5c020cdcd55e9;898.71;4.75;0.0;2.25;29/05/2018 9:23;07/08/2018 15:17;2.333333333333333;58.65;SP
vendeur 2756;e53d5b9b29d1218281f4a907ada18626;350.67;4.8;0.0;2.8;20/07/2018 16:50;20/08/2018 8:11;1.0;58.86;PR
vendeur 2757;e546117ed9cafbc40239c0c78635c584;456.0;4.5;0.0;3.5;23/04/2018 17:07;23/08/2018 19:02;4.066666666666666;57.07;SP
vendeur 2758;e5475dcab1e07b63d7f6e902d8f5eda8;2400.0;4.291666666666667;0.0416666666666666;2.083333333333333;10/09/2017 11:01;06/08/2018 20:27;11.0;54.89;SP
vendeur 2759;e5545d4d4473876ea78c5bcebca365c3;44.5;5.0;0.0;1.0;27/06/2018 11:45;27/06/2018 11:45;1.0;60.01;SP
vendeur 2760;e560e4022d8f7aebf155db95946c5c0f;780.0;5.0;0.0;1.0;12/06/2018 11:26;11/07/2018 20:39;1.0;60.13;MG
vendeur 2761;e5899683388855d3dabe8913bbe365de;452.88;4.0;0.0;2.6666666666666665;01/07/2018 22:28;22/08/2018 13:05;1.7;54.07;SP
vendeur 2762;e58a5b390e28abc0b216cfb0e07d27d7;1022.6;4.857142857142857;0.0;6.0;25/04/2018 19:54;09/08/2018 10:30;3.5;59.31;RJ
vendeur 2763;e595809a6c31ec4314fd06ef198c244d;39.0;5.0;0.0;1.0;12/03/2018 3:12;12/03/2018 3:12;1.0;60.01;SC
vendeur 2764;e59aa562b9f8076dd550fcddf0e73491;42043.8;4.398148148148148;0.0648148148148148;3.212962962962963;05/09/2017 16:19;20/08/2018 14:22;11.6;61.32;PR
vendeur 2765;e59e489e2ea74bd409b798b5daf49de3;495.0;2.2;0.0;1.6;05/09/2017 18:29;01/05/2018 15:58;7.9;43.28;PR
vendeur 2766;e59e575a175fadcadf8479e191770425;199.9;5.0;0.0;4.0;09/06/2018 11:53;09/06/2018 11:53;1.0;60.03;RJ
vendeur 2767;e5a3438891c0bfdb9394643f95273d8e;8322.15;3.749090909090909;0.1834532374100719;1.70863309352518;15/05/2017 21:33;11/04/2018 10:56;11.0;48.35;SP
vendeur 2768;e5a38146df062edaf55c38afa99e42dc;15600.23;3.937007874015748;0.0859375;3.1328125;08/10/2016 13:54;21/08/2018 17:33;22.73333333333333;53.59;SP
vendeur 2769;e5bd51692380fd8cabb19b756b95e714;119.7;2.333333333333333;0.6666666666666666;1.3333333333333333;20/12/2017 22:59;05/05/2018 15:04;4.5;24.02;SP
vendeur 2770;e5c84227854980f1db19a58958c551d9;72.81;4.75;0.0;1.0;26/07/2018 16:14;15/08/2018 11:56;1.0;58.51;PR
vendeur 2771;e5cbe890e679490127e9a390b46bbd20;908.99;4.5;0.0;4.0;11/06/2018 22:31;19/08/2018 20:04;2.2666666666666666;57.15;SP
vendeur 2772;e5d4b2b0c3bca22085f7a19a28de0c42;205.8;4.5;0.25;2.75;26/08/2017 13:41;26/11/2017 5:27;3.033333333333333;49.53;SC
vendeur 2773;e5def42655b7490edac5a56fe8e9e603;129.9;5.0;0.0;1.0;28/03/2017 21:56;28/03/2017 21:56;1.0;60.02;SP
vendeur 2774;e5e33c0d8e7e002f398f5dc4cbbb338f;6698.7;4.344827586206897;0.1034482758620689;4.827586206896552;04/03/2017 17:36;08/08/2018 18:04;17.4;54.06;SP
vendeur 2775;e5f9e61ceb5f523cc966e0f34095032f;2908.0;4.2;0.2;1.4;10/07/2017 14:25;28/02/2018 11:29;7.733333333333333;49.67;SC
vendeur 2776;e601b04acf48b4576e73ddca9481f0dc;491.94;3.875;0.0;1.4375;13/04/2018 8:56;27/08/2018 11:19;4.533333333333333;53.33;SP
vendeur 2777;e603cf3fec55f8697c9059638d6c8eb5;297.0;4.454545454545454;0.0;2.5454545454545454;07/02/2017 11:32;16/06/2017 17:21;4.3;56.78;RS
vendeur 2778;e627629ba868740e287800f1a9be81c2;504.5;4.461538461538462;0.0;2.076923076923077;03/02/2017 21:44;13/07/2017 13:08;5.3;56.85;SP
vendeur 2779;e628d4a53c109f09ca88098338b3a3f5;285.0;1.0;0.0;2.0;11/12/2017 9:25;11/12/2017 9:25;1.0;36.05;MG
vendeur 2780;e62b2d6ac10570a035a30bafcf01d263;5849.71;3.945205479452055;0.141025641025641;3.282051282051282;16/09/2017 20:43;20/08/2018 13:42;11.233333333333333;50.4;SP
vendeur 2781;e63e8bfa530fb16910dd6956e592bb81;1400.4;4.304347826086956;0.0434782608695652;2.152173913043478;07/08/2017 9:14;28/08/2018 10:44;12.866666666666667;54.75;SP
vendeur 2782;e644cbadf7eeb30d0d29f335ce7d52ec;988.89;3.727272727272727;0.0;1.0;03/07/2018 9:10;21/08/2018 23:14;1.6333333333333333;52.52;SP
vendeur 2783;e64882b4ef12aee8d0faca4db5b681f4;230.0;4.0;0.0;1.0;12/01/2018 15:28;12/01/2018 15:28;1.0;54.04;GO
vendeur 2784;e64d65bc8dbec2accda90c58de5d1246;1678.8000000000002;3.083333333333333;0.3333333333333333;3.25;19/11/2017 13:57;15/03/2018 9:38;3.8333333333333335;38.77;SP
vendeur 2785;e64ddbe1cbcf4f2fc3092b7c481f3f9d;20.9;5.0;0.0;1.0;30/03/2018 12:00;30/03/2018 12:00;1.0;60.0;SP
vendeur 2786;e6a69c4a27dfdd98ffe5aa757ad744bc;2100.12;3.645161290322581;0.0;1.4838709677419355;01/02/2017 17:21;10/06/2018 18:20;16.466666666666665;52.21;SP
vendeur 2787;e6ffc9ac6a7adc9d16a1cfc2286dd546;34.99;1.0;0.0;2.0;29/03/2018 9:57;29/03/2018 9:57;1.0;36.01;SP
vendeur 2788;e70053bf73d1b5863932e53a9fa47496;4025.0;4.285714285714286;0.0;7.285714285714286;14/02/2018 13:38;04/08/2018 16:22;5.7;56.37;SP
vendeur 2789;e72b4feb7abe210c52aa667abc25a3a2;38.2;5.0;0.0;4.0;17/06/2017 11:54;17/06/2017 11:54;1.0;60.01;SP
vendeur 2790;e732329483fd5f27367dd997b47f598a;109.9;5.0;0.0;10.0;31/08/2017 15:28;31/08/2017 15:28;1.0;60.02;SC
vendeur 2791;e73bf2cea7fe4b0b4d287a7568ed1099;737.6999999999999;5.0;0.0;7.2;29/07/2018 19:40;26/08/2018 10:48;1.0;60.12;SC
vendeur 2792;e76ecc7e9a1a1e3c6df9d2a8261c423d;20.0;5.0;0.0;1.0;13/08/2017 10:23;13/08/2017 10:23;1.0;60.0;MG
vendeur 2793;e7d5b006eb624f13074497221eb37807;3508.92;3.140625;0.03125;2.578125;12/08/2017 11:02;19/07/2018 13:03;11.366666666666667;48.48;SP
vendeur 2794;e7df4cd29ab5abab70fb0783ddb53987;10607.7;4.32;0.16;3.12;16/02/2017 12:58;19/08/2018 20:46;18.3;52.85;SP
vendeur 2795;e7f3bf1ecd8526eb7f3b18059e6716e5;1671.34;4.428571428571429;0.0;3.0;28/02/2017 17:39;25/09/2017 20:16;6.966666666666667;56.84;SP
vendeur 2796;e819bcfade7b5d88a27325eb6cfd62c5;238.7;3.769230769230769;0.0769230769230769;3.769230769230769;20/07/2018 14:35;20/08/2018 23:35;1.0333333333333334;50.35;SP
vendeur 2797;e81e1f9c3e762e620f3fb60a51499e16;4465.99;3.823529411764706;0.1111111111111111;3.2222222222222223;02/05/2017 11:14;25/04/2018 20:10;11.933333333333334;50.34;SC
vendeur 2798;e82de6494d91d3c4c54450f59b227a94;118.9;5.0;0.3333333333333333;2.333333333333333;09/10/2017 1:17;02/03/2018 10:22;4.8;50.02;SP
vendeur 2799;e83c76265fc54bf41eac728805e4da77;237.3;3.625;0.125;1.0;10/02/2017 17:43;08/05/2017 9:08;2.8666666666666667;48.04;SP
vendeur 2800;e83e93b71371817b11d78a63ff156aee;484.0;4.8;0.0;5.8;07/02/2017 20:31;09/04/2017 15:32;2.0;58.88;SP
vendeur 2801;e84ad2127668df3aafc6b73531a0beb8;987.0;4.391304347826087;0.0434782608695652;1.391304347826087;11/12/2017 15:30;08/08/2018 13:37;7.966666666666667;55.2;SP
vendeur 2802;e88165a185134e13fdfc85d4fa654db8;108.0;3.0;0.5;1.0;16/05/2018 20:57;18/06/2018 9:27;1.0666666666666669;33.02;SP
vendeur 2803;e882b2a25a10b9c057cc49695f222c19;52774.27;4.6;0.0;6.633333333333334;04/01/2018 19:07;18/08/2018 15:49;7.5;66.23;RJ
vendeur 2804;e883aa812c37a7413226856f4579fe91;4427.0;3.933333333333333;0.0333333333333333;2.566666666666667;04/02/2018 20:43;17/08/2018 18:20;6.433333333333334;53.32;SP
vendeur 2805;e88c9b79e592e370d6bd852eeefbf057;251.87;4.777777777777778;0.0;1.2222222222222223;21/05/2017 19:53;13/07/2017 11:44;1.7333333333333334;58.71;PR
vendeur 2806;e88f7a2995ba184710d339c5c4bf2e30;251.6;5.0;0.0;1.5;08/03/2018 12:54;26/04/2018 10:43;1.6;60.04;SP
vendeur 2807;e89c4adbe7b1d0819dbb636e16461cf1;3181.3;3.88;0.12;2.44;10/01/2018 13:22;17/08/2018 16:12;7.3;50.2;SP
vendeur 2808;e8a85b5f3df47be0984c55fd4064dbb4;743.0;4.714285714285714;0.1428571428571428;1.7142857142857142;11/02/2018 8:14;21/08/2018 8:35;6.366666666666666;54.12;DF
vendeur 2809;e8b3a3a38279a82f0e5d006d5e5b7d2c;14433.9;3.72;0.05;2.66;10/10/2017 1:06;05/03/2018 15:23;4.866666666666666;53.18;PR
vendeur 2810;e8b4225284fbb02d16f200513f1f395d;6190.22;4.21875;0.09375;4.71875;05/04/2018 20:32;19/08/2018 11:55;4.5;53.51;SP
vendeur 2811;e8dba4d70f7f2b20e775d09cae01142d;930.9;4.4;0.1;3.0;29/05/2018 21:59;21/08/2018 12:20;2.7666666666666666;53.55;SP
vendeur 2812;e8f6dc8e6a1dcde89d20e3995c8d90b3;2256.34;3.3541666666666665;0.0625;2.9166666666666665;04/10/2016 13:40;30/11/2017 2:29;14.033333333333331;48.62;SP
vendeur 2813;e8ff5a6ceb895583033fc2a0f314e3c2;139.89;5.0;0.0;3.0;26/08/2018 14:17;26/08/2018 14:17;1.0;60.02;SC
vendeur 2814;e908c0f3646e8b60375734a350d95d71;2951.0;4.0;0.0;10.0;05/04/2017 16:12;05/04/2017 16:12;1.0;54.48;SP
vendeur 2815;e94b64dc6979b302a5a5be1662c83bb6;306.89;5.0;0.0;4.5;01/07/2018 12:21;03/07/2018 19:34;1.0;60.05;SP
vendeur 2816;e9511df20ccd82658a30c37b7fb343af;2096.6;4.466666666666667;0.0;3.533333333333333;23/11/2017 19:55;08/08/2018 14:23;8.566666666666666;57.14;SP
vendeur 2817;e96498ed8daaa3e9c23f7a62da76591c;10379.07;3.888888888888889;0.1666666666666666;3.5;10/10/2017 17:26;19/07/2018 20:37;9.4;50.03;SP
vendeur 2818;e9729944ba65dc3ce425e0c5a22ae7b2;916.7;3.75;0.25;3.0;03/05/2018 7:32;09/06/2018 13:31;1.2333333333333334;45.15;RJ
vendeur 2819;e9779976487b77c6d4ac45f75ec7afe9;43889.26;4.16578947368421;0.0746073298429319;1.818062827225131;01/03/2017 9:25;28/08/2018 1:57;18.133333333333333;59.93;SP
vendeur 2820;e9874ae10b2d60d43917b6bbfa13a599;199.0;5.0;0.0;4.0;18/04/2018 20:42;18/04/2018 20:42;1.0;60.03;PR
vendeur 2821;e99e927c81e3f51739c94fcdfca9f10f;2902.79;3.592592592592593;0.2222222222222222;2.2222222222222223;26/01/2017 22:15;23/03/2018 16:00;14.0;45.36;MG
vendeur 2822;e9b6c33b71b67737693b4cfa68341c8d;119.9;4.0;0.0;1.0;16/08/2017 20:08;16/08/2017 20:08;1.0;54.02;SP
vendeur 2823;e9bc59e7b60fc3063eb2290deda4cced;34840.26;3.95985401459854;0.1204379562043795;2.2554744525547443;07/03/2017 16:07;16/08/2018 16:37;17.566666666666666;55.84;PR
vendeur 2824;e9c2dc0dd4ac38448289be644ac94f42;118.39;5.0;0.0;1.6666666666666667;03/07/2018 23:37;21/08/2018 22:39;1.6;60.02;SC
vendeur 2825;e9c6969d40e6a3d2d0f90013165c2b98;5963.98;4.454545454545454;0.0;4.636363636363637;06/11/2017 8:57;03/06/2018 13:31;6.966666666666667;57.7;SP
vendeur 2826;e9d99831abad74458942f21e16f33f92;5178.92;3.871794871794872;0.0955414012738853;1.5414012738853504;24/01/2017 17:11;26/08/2018 20:58;19.3;51.21;SP
vendeur 2827;e9e446d01bd10a97a8ffcfc4a3a20cb2;60.05;3.5;0.0;1.25;05/06/2018 19:53;08/07/2018 19:59;1.1;51.01;SP
vendeur 2828;ea00f977a203ff88adf7057cb7806998;389.72;4.105263157894737;0.1052631578947368;1.1578947368421053;02/07/2018 21:01;20/08/2018 22:53;1.6333333333333333;51.54;SP
vendeur 2829;ea1776927851da2532aa70d6a32c095a;318.8;2.6666666666666665;0.0;4.666666666666667;17/07/2018 20:51;05/08/2018 22:27;1.0;46.05;SP
vendeur 2830;ea3ebea5317b0efbc663ecc8ce5e9bc2;299.70000000000005;4.0;0.0;1.6666666666666667;03/05/2018 8:15;20/05/2018 20:16;1.0;54.05;SC
vendeur 2831;ea4e9ce63a2134743b4a92777437fcdd;316.6;4.75;0.0;1.0;15/04/2018 15:23;21/08/2018 10:00;4.233333333333333;58.55;SC
vendeur 2832;ea566164622c6b439516ab18062c42cd;10742.12;3.821428571428572;0.2142857142857142;2.1785714285714284;12/11/2017 23:19;19/08/2018 22:47;9.3;48.26;SP
vendeur 2833;ea65d8b58316a6f2362f2a9e4b3e86ad;2061.4;3.1875;0.0;3.8125;01/03/2018 16:43;25/08/2018 12:13;5.866666666666666;49.46;SP
vendeur 2834;ea67327e24487bdfac5fbfa37ea124df;6467.5;3.5428571428571427;0.0285714285714285;4.485714285714286;07/01/2018 23:08;22/08/2018 16:41;7.533333333333333;51.46;SP
vendeur 2835;ea6b12bf9ffe2bac34602ec631d97a47;2625.8;4.090909090909091;0.0;3.8181818181818175;05/10/2016 22:49;30/05/2017 22:15;7.866666666666666;54.97;SP
vendeur 2836;ea846a0e7ad98a741783e886d89dfa44;137.0;5.0;0.0;1.0;07/08/2018 9:30;17/08/2018 16:44;1.0;60.02;SP
vendeur 2837;ea8482cd71df3c1969d7b9473ff13abc;38255.87;3.957015409570154;0.1016129032258064;2.166935483870968;15/08/2017 12:54;24/08/2018 9:20;12.433333333333334;56.95;SP
vendeur 2838;eaaa46e98c9e61f6764dd1d7a2ab8b3e;98.0;5.0;0.0;1.0;05/08/2018 14:07;05/08/2018 14:07;1.0;60.02;RN
vendeur 2839;ead2bab70821ea148476ae9bc08548ac;482.0;4.3;0.0;2.0;04/10/2017 16:29;01/08/2018 17:19;10.033333333333331;55.88;MG
vendeur 2840;eae9af4811c294c56795d70e715b7337;15.9;5.0;0.0;1.0;17/10/2017 1:24;17/10/2017 1:24;1.0;60.0;SP
vendeur 2841;eaf6d55068dea77334e8477d3878d89e;51.0;5.0;0.0;1.6666666666666667;26/06/2018 11:01;28/07/2018 19:53;1.0666666666666669;60.01;SP
vendeur 2842;eb1bf309f4f6af9a97e9ddac3fdbeabe;22.3;5.0;0.0;1.0;24/05/2018 11:05;24/05/2018 11:05;1.0;60.0;SP
vendeur 2843;eb3071b9f0b0ddaa2df5ea130f09f26b;6230.0;4.636363636363637;0.0909090909090909;2.0;15/02/2017 11:20;16/05/2018 10:05;15.133333333333333;56.11;SP
vendeur 2844;eb4a59a06b3948e851a7d7a830bcbc42;64.0;3.0;0.0;1.5;23/02/2018 17:55;14/05/2018 15:12;2.6333333333333333;48.01;BA
vendeur 2845;eb4df17aed01d918c65f0f8d650900c0;3739.87;3.909090909090909;0.2727272727272727;5.2727272727272725;09/11/2017 12:22;15/08/2018 15:01;9.3;45.88;SP
vendeur 2846;eb5b6204dde3a6e03b5f1bb8479f055b;571.5999999999999;3.888888888888889;0.037037037037037;1.5925925925925926;16/12/2017 19:22;11/06/2018 22:12;5.9;52.32;SP
vendeur 2847;eb72802c83dc7547529c9546d1a9b8ef;1063.92;4.625;0.0;2.75;07/05/2018 20:36;27/07/2018 10:59;2.6666666666666665;57.92;SP
vendeur 2848;eb9267cccc90f1b49c8d2f9887c7dd97;319.9;5.0;0.0;2.0;06/05/2018 21:44;06/05/2018 21:44;1.0;60.05;PE
vendeur 2849;eb9cd5b35d95206585e2185318cb5c61;550.0;2.333333333333333;0.3333333333333333;1.0;21/06/2018 12:24;16/07/2018 11:01;1.0;34.09;SP
vendeur 2850;eba88037e1dca898cd02881f67ced679;838.1;4.333333333333333;0.1666666666666666;5.666666666666667;26/04/2017 14:18;10/03/2018 17:32;10.6;51.14;SP
vendeur 2851;ebd1417732defaf66c50b5a800eb293e;309.0;5.0;0.0;1.0;28/03/2017 9:40;28/03/2017 9:40;1.0;60.05;PR
vendeur 2852;ebd2d60905fb58271facef5596b620d3;8253.42;4.153846153846154;0.0329670329670329;2.835164835164836;13/02/2017 14:48;17/08/2018 18:41;18.33333333333333;55.28;SP
vendeur 2853;ebe3dabc4955c9b0d695e7bda38bf5c3;55.0;3.0;1.0;1.0;20/02/2018 15:22;20/02/2018 15:22;1.0;18.01;SP
vendeur 2854;ebef8d8c92b4fd3226e5d407bbff21ac;253.7;2.6666666666666665;0.3333333333333333;1.6666666666666667;29/01/2017 13:42;13/03/2017 22:19;1.4333333333333331;36.04;SP
vendeur 2855;ec21206b7894c503788a684a7bc822a6;247.8;2.6666666666666665;0.0;3.0;03/08/2017 19:04;17/11/2017 6:34;3.5;46.04;RJ
vendeur 2856;ec2e006556300a79a5a91e4876ab3a56;125.2;1.375;0.375;1.125;02/02/2018 14:26;15/08/2018 14:02;6.433333333333334;27.02;SP
vendeur 2857;ec4608a1f76453166bb312b2968aeaf4;1216.74;2.6944444444444446;0.1944444444444444;4.444444444444445;22/02/2017 15:57;14/08/2018 14:19;17.9;40.53;SP
vendeur 2858;ec5c1d94df153d473b37f880977ae58e;199.67;1.6666666666666667;0.0;5.666666666666667;22/05/2018 14:50;03/06/2018 13:21;1.0;40.03;SP
vendeur 2859;ec80e49e69745ab6c14f984bf2149423;4239.0;4.083333333333333;0.1538461538461538;5.461538461538462;04/02/2018 22:12;22/08/2018 22:17;6.633333333333334;50.58;SP
vendeur 2860;ec8463980a4e0ea9f8517aea1ed0c419;239.2;5.0;0.75;1.5;16/07/2018 16:35;16/07/2018 22:36;1.0;37.54;SC
vendeur 2861;ec8879960bd2221d5c32f8e12f7da711;4237.3;4.333333333333333;0.1621621621621621;2.2432432432432434;16/05/2017 22:35;11/04/2018 16:50;10.966666666666669;51.83;SP
vendeur 2862;ec933281fb017b5020d06df29c3f77e8;1432.0;5.0;0.0;4.875;16/10/2017 10:45;30/07/2018 21:21;9.566666666666666;60.23;SP
vendeur 2863;ecccfa2bb93b34a3bf033cc5d1dcdc69;1458.44;2.2;0.1904761904761904;2.611111111111111;15/09/2016 12:16;10/10/2016 11:39;1.0;37.72;PR
vendeur 2864;ececbfcff9804a2d6b40f589df8eef2b;7358.19;4.151785714285714;0.0892857142857142;2.4910714285714284;26/06/2017 16:05;15/08/2018 16:54;13.833333333333334;53.43;SP
vendeur 2865;ed4311e67debd72b8610a5347a743087;3925.0;4.518518518518518;0.0714285714285714;4.107142857142857;14/12/2017 14:07;28/08/2018 16:33;8.566666666666666;55.61;SP
vendeur 2866;ed46f1eb4a638113deb2a1137b5f22e9;3470.0;4.0;0.0;8.25;26/07/2018 16:11;23/08/2018 23:05;1.0;54.57;SC
vendeur 2867;ed49da7cadefc454d6a67de249eab240;43.0;3.0;0.0;2.0;03/10/2016 21:01;08/10/2016 16:02;1.0;48.01;SP
vendeur 2868;ed4acab38528488b65a9a9c603ff024a;14238.42;3.674418604651162;0.0232558139534883;2.4651162790697674;23/03/2017 16:39;27/07/2018 15:27;16.333333333333332;53.68;SP
vendeur 2869;ed859002ad59dbf8cf3602696a6c3000;2421.7;4.0;0.0;6.538461538461538;04/10/2016 20:41;23/01/2017 20:35;3.6666666666666665;54.4;PR
vendeur 2870;ed8cb7b190ceb6067227478e48cf8dde;573.5;3.176470588235294;0.0588235294117647;1.1764705882352942;19/07/2018 15:36;27/08/2018 12:39;1.2666666666666666;47.39;SP
vendeur 2871;ed9eef5be0992d413d251fadba1a410d;404.1;4.555555555555555;0.0;2.7777777777777777;26/01/2017 0:20;17/03/2017 10:30;1.6666666666666667;57.4;SP
vendeur 2872;edb1ef5e36e0c8cd84eb3c9b003e486d;81220.15;4.427777777777778;0.0722222222222222;4.366666666666666;28/09/2017 9:48;20/08/2018 19:09;10.866666666666667;67.68;RJ
vendeur 2873;edb58a1390adf273840030a3d6253829;39.9;5.0;0.0;2.0;25/08/2018 11:15;25/08/2018 11:15;1.0;60.01;SP
vendeur 2874;edb65fe661681b1c0de8bd47c8655855;69.0;3.0;0.0;1.0;26/04/2017 12:37;26/04/2017 12:37;1.0;48.01;SP
vendeur 2875;edc518ba25576a0188a0e8f2c3af186f;1647.39;3.5;0.0;1.625;30/06/2018 20:06;20/08/2018 13:02;1.6666666666666667;51.27;SP
vendeur 2876;edd066cd02126d7800f9b66e980e9931;987.7;5.0;0.1666666666666666;3.333333333333333;17/06/2017 11:42;13/06/2018 7:25;12.0;55.16;DF
vendeur 2877;eddd1991bd6d9309995a480c39b95137;1467.0;2.6;0.0;3.8;07/10/2017 17:31;06/11/2017 18:48;1.0;45.84;PR
vendeur 2878;ede0c03645598cdfc63ca8237acbe73d;2518.37;3.617021276595745;0.32;1.24;21/02/2018 12:25;19/06/2018 14:56;3.933333333333333;42.51;SP
vendeur 2879;ede2977fbaf3738583170735ca403f6c;289.9;5.0;0.0;4.0;25/02/2018 17:37;25/02/2018 17:37;1.0;60.05;PR
vendeur 2880;edf3fabebcc20f7463cc9c53da932ea8;219.9;4.0;1.0;4.0;22/05/2018 21:13;22/05/2018 21:13;1.0;24.04;SP
vendeur 2881;edf96ef93ed595084bbcbd9224bd2894;4230.0;3.806451612903226;0.1290322580645161;2.7096774193548385;07/02/2017 23:16;16/08/2018 15:32;18.466666666666665;49.66;SP
vendeur 2882;ee27a8f15b1dded4d213a468ba4eb391;6499.0;5.0;0.0;1.0;24/05/2017 18:14;24/05/2017 18:14;1.0;61.06;GO
vendeur 2883;ee2fbacc2fc3794e656cc4d933d59ce7;464.97;4.333333333333333;0.0;3.6666666666666665;07/08/2018 14:05;21/08/2018 21:36;1.0;56.08;SP
vendeur 2884;eeb6de78f79159600292e314a77cbd18;45802.84;4.3977272727272725;0.034090909090909;5.6477272727272725;18/02/2017 18:28;11/08/2018 8:30;17.933333333333334;62.85;SC
vendeur 2885;eebb3372362aa9a46975164bed19a7e7;591.92;2.2857142857142856;0.25;3.375;28/03/2017 11:33;23/05/2017 22:11;1.8666666666666667;36.31;SP
vendeur 2886;eec3469d83e142f9a104886655338c37;185.7;4.5;0.0;1.0;03/02/2017 16:32;17/08/2018 14:22;18.633333333333333;57.03;SP
vendeur 2887;eed78ac17f7f795a19a709745f00cd4e;4469.1;3.396551724137931;0.0;5.896551724137931;01/08/2017 18:44;17/07/2018 14:25;11.633333333333333;51.11;SP
vendeur 2888;ef0ace09169ac090589d85746e3e036f;16443.100000000002;4.345070422535211;0.0774647887323943;3.387323943661972;14/11/2017 10:43;23/08/2018 21:20;9.4;56.43;RJ
vendeur 2889;ef2fbc2b607d8492bcffe657a4645434;970.8;3.909090909090909;0.0909090909090909;1.5;02/07/2018 16:44;26/08/2018 11:44;1.8;50.89;RJ
vendeur 2890;ef30892870c278497523264be1be2241;783.2;4.555555555555555;0.0;3.111111111111111;05/12/2017 21:18;31/01/2018 18:59;1.8666666666666667;57.46;SP
vendeur 2891;ef506c96320abeedfb894c34db06f478;10000.34;3.927536231884058;0.0830945558739255;2.2349570200573066;23/01/2017 7:03;21/08/2018 13:16;19.166666666666668;52.71;SP
vendeur 2892;ef728fa1f17436c91ed1ccd03dcf9631;128.7;4.0;0.0;2.5;23/07/2018 18:35;23/08/2018 12:31;1.0;54.02;SP
vendeur 2893;ef990a83bbea832f36ebe81376335aa8;4642.59;3.659090909090909;0.25;2.4318181818181817;27/11/2017 20:25;12/08/2018 18:43;8.566666666666666;45.21;SC
vendeur 2894;ef9952469137ff190bacafe117f51537;1002.66;4.8;0.0;3.8;10/03/2017 12:46;30/05/2017 15:57;2.7;58.96;MG
vendeur 2895;efb628aa07c8ca93d7db0d85b91a4f5a;204.0;4.0;1.0;5.0;17/11/2017 8:47;17/11/2017 8:47;1.0;24.03;RJ
vendeur 2896;efcd8d2104f1a05d028af7bad20d974b;2764.74;4.172413793103448;0.0172413793103448;2.586206896551724;26/04/2017 3:54;22/08/2018 3:16;16.066666666666666;54.97;SP
vendeur 2897;efff9341f3f8f5237b44ff67ed36a7bf;872.99;4.4;0.0;1.6;01/05/2018 22:37;15/08/2018 19:42;3.5;56.54;ES
vendeur 2898;f00e21b1e91a79653163b7fd8f293ff1;3900.09;4.1;0.032258064516129;3.4516129032258065;25/03/2017 21:54;02/12/2017 18:38;8.366666666666667;54.27;SP
vendeur 2899;f00f5b35d0abcacbdd863672f4bb2c1a;299.0;4.0;0.0;6.0;27/05/2017 14:15;27/05/2017 14:15;1.0;54.05;SP
vendeur 2900;f021c962aaba8ef6eb527a9c2c8394d1;6508.400000000001;3.6666666666666665;0.0;5.0;17/05/2017 11:36;06/08/2017 17:55;2.7;53.06;SC
vendeur 2901;f049a72cf58fd31b11f8919cade515e7;138.75;3.5;0.0;2.0;25/07/2018 12:03;06/08/2018 18:48;1.0;51.02;SP
vendeur 2902;f0563bacf40c311f1c4d3d6b67b8a7a7;1199.0;1.0;0.0;10.0;05/10/2016 14:16;05/10/2016 14:16;1.0;36.2;SC
vendeur 2903;f0837c8d71434931d9e38e7b79234797;4633.9;4.64;0.04;4.12;18/11/2017 12:08;14/08/2018 17:27;8.966666666666667;57.4;RS
vendeur 2904;f08a5b9dd6767129688d001acafc21e5;14069.63;3.4444444444444446;0.2222222222222222;3.888888888888889;07/10/2017 14:32;16/01/2018 9:15;3.333333333333333;46.3;RS
vendeur 2905;f08c008c8a8d31417763738a1788a2a8;1359.62;3.1739130434782608;0.125;2.5;10/10/2017 23:58;22/01/2018 18:14;3.433333333333333;45.52;PR
vendeur 2906;f09b760d23495ac9a7e00d29b769007c;21.9;4.0;0.0;1.0;03/10/2016 16:56;03/10/2016 16:56;1.0;54.0;SP
vendeur 2907;f09e26011d833ddab11593c1a097a92a;79.9;1.0;0.0;2.0;01/03/2018 11:42;01/03/2018 11:42;1.0;36.01;SP
vendeur 2908;f0b47fbbc6dee9aafe415a6e33051b3f;3895.88;4.235955056179775;0.0898876404494382;2.02247191011236;25/07/2017 10:57;28/08/2018 19:32;13.3;53.36;SP
vendeur 2909;f0e103c63864d5405b958d984b6e94c9;951.7;4.727272727272728;0.0;3.272727272727273;04/04/2017 14:13;26/08/2017 0:59;4.766666666666667;58.52;SP
vendeur 2910;f0ec6a2adb05c62655a26dd347b8dede;72.0;1.0;0.0;2.0;11/04/2018 17:08;11/04/2018 17:08;1.0;36.01;SP
vendeur 2911;f0ec78809fe0bc3edb11c9fe5b97b059;100.5;3.6666666666666665;0.0;1.6666666666666667;09/06/2018 12:47;18/07/2018 12:50;1.3;52.02;SP
vendeur 2912;f114dca2828bf718548db175ebe2cfcd;139.0;1.0;0.0;2.0;06/01/2018 1:06;06/01/2018 1:06;1.0;36.02;PR
vendeur 2913;f1198c871e0171278b63f40d112caeec;475.8;4.5;0.0;3.5;15/08/2017 21:33;10/11/2017 18:13;2.8666666666666667;57.08;SP
vendeur 2914;f125f3a310c2e5f822d116147de1e474;2761.4;4.363636363636363;0.0909090909090909;3.363636363636364;15/01/2018 19:59;20/08/2018 16:19;7.2;53.91;SP
vendeur 2915;f12d3c2a14729ae461b920c11fe20fdc;403.45;4.384615384615385;0.0;1.5384615384615383;03/05/2018 20:25;31/07/2018 20:56;2.966666666666667;56.37;SP
vendeur 2916;f12ff17ad8bbf01ec5c33b17e506649b;6527.0;3.645161290322581;0.1612903225806451;3.161290322580645;03/01/2018 12:03;22/05/2018 11:20;4.6;48.1;SP
vendeur 2917;f18112da765e0971ca5d510dec322bdd;327.8;4.0;0.0;3.0;01/01/2018 22:11;02/01/2018 19:20;1.0;54.05;SC
vendeur 2918;f181738b150df1f37cb0bd72e705b193;6186.7;4.525;0.1;3.2;15/05/2017 19:45;22/08/2018 16:51;15.433333333333334;55.16;SP
vendeur 2919;f19516b9ff26bfeb091b30108db4ddbd;727.6;2.6;0.0;1.8;17/08/2017 21:08;14/11/2017 21:09;2.966666666666667;45.72;SP
vendeur 2920;f1b854361f4e15d5851b494df66f22b2;1168.8;2.75;0.0;7.75;15/04/2018 17:02;25/07/2018 15:35;3.333333333333333;46.69;RJ
vendeur 2921;f1b93673502375d491780bb49d615dbc;2638.9300000000003;2.7;0.2;4.1;11/03/2018 19:07;18/08/2018 11:57;5.3;40.63;SP
vendeur 2922;f1c1ac3f3efc07e659c035008e615e66;2561.96;3.571428571428572;0.0;9.357142857142858;30/03/2017 12:39;27/09/2017 12:56;6.033333333333333;51.85;SP
vendeur 2923;f1ce5fdecd64935c28b9ff932751d0dc;158.0;4.5;0.0;3.5;25/03/2017 21:48;29/06/2017 17:19;3.1666666666666665;57.03;SP
vendeur 2924;f1ed6bd0a9b11b581f16c851c6a5a527;1677.24;4.421052631578948;0.0526315789473684;3.684210526315789;04/03/2017 21:08;19/05/2018 0:41;14.666666666666666;55.22;RS
vendeur 2925;f1fd5ab1181f827ffad998c1a5de7d74;7045.99;4.666666666666667;0.0;5.266666666666667;16/11/2017 13:58;09/08/2018 6:47;8.833333333333334;59.15;PR
vendeur 2926;f1fdf2d13186575751aa25876536d85c;26.3;5.0;0.0;1.0;29/03/2018 21:39;29/03/2018 21:39;1.0;60.0;SP
vendeur 2927;f205b1a3ca9a34e0f8a228bae6e4c7b3;1187.0;4.888888888888889;0.0;5.111111111111111;13/07/2018 12:35;26/08/2018 17:28;1.4666666666666666;59.53;RS
vendeur 2928;f214d28e8d8e3ef068748498ccc2f813;2342.4;4.033898305084746;0.0666666666666666;1.7166666666666666;13/08/2017 12:10;19/08/2018 13:40;12.366666666666667;52.59;SP
vendeur 2929;f22a247b79dd22ecd91dc8e3b2a1b07c;479.93;3.6666666666666665;0.3333333333333333;3.0;02/05/2018 15:21;23/08/2018 20:21;3.7666666666666666;42.08;SP
vendeur 2930;f2336e113377dd21c744d9c4fc8293a9;3563.0;4.25;0.0;8.75;22/02/2017 17:46;15/09/2017 13:18;6.8;56.08;SP
vendeur 2931;f235413f677777a0738ff215d0184901;1696.7;3.6666666666666665;0.0;10.0;16/01/2017 18:36;22/02/2017 16:10;1.2;52.28;SP
vendeur 2932;f25e239052084705e17a982bc600ab2a;8178.0;4.333333333333333;0.0;5.0;18/03/2017 17:56;15/08/2018 18:01;17.166666666666668;57.34;SP
vendeur 2933;f262cbc1c910c83959f849465454ddd3;10752.68;4.004524886877828;0.0855855855855855;1.7162162162162162;04/11/2017 10:25;27/08/2018 7:18;9.833333333333334;53.22;SP
vendeur 2934;f266295f49a28eee21f413e0cbb0521d;149.8;4.5;0.0;5.5;08/11/2017 18:18;09/11/2017 15:06;1.0;57.02;PR
vendeur 2935;f26d70155c2b6326fcfa1780c8c684e4;202.89;5.0;0.0;1.0;26/06/2017 16:50;26/06/2017 16:50;1.0;60.03;SC
vendeur 2936;f27e33c6d29b5138fa9967bcd445b6d5;8888.3;4.091836734693878;0.1020408163265306;1.8265306122448977;25/07/2017 12:31;25/08/2018 20:24;13.2;52.94;SP
vendeur 2937;f3041c2e75ec683697a6a5ea82192210;145.0;5.0;0.0;1.0;05/02/2017 20:43;05/02/2017 20:43;1.0;60.02;MG
vendeur 2938;f3055483058c84d75ca2a3314fb4deef;67.5;1.0;0.0;7.0;04/12/2017 11:30;04/12/2017 11:30;1.0;36.01;BA
vendeur 2939;f307937c1bb287c3efc2a514b94b0d1d;189.99;5.0;0.0;1.0;03/06/2017 23:46;03/06/2017 23:46;1.0;60.03;MG
vendeur 2940;f326006815956455b2859abd58fe7e39;3147.16;4.7;0.0;6.866666666666666;07/11/2017 14:07;01/08/2018 13:30;8.866666666666667;58.71;SP
vendeur 2941;f3295428338a40977a03f555246a70f4;872.54;3.0;0.1764705882352941;1.6470588235294117;23/10/2017 14:59;05/02/2018 23:24;3.5;42.85;ES
vendeur 2942;f3511c85f59f8dec53d140501ee8e7a8;69.9;5.0;0.0;7.0;13/08/2017 20:03;13/08/2017 20:03;1.0;60.01;PR
vendeur 2943;f356c348fbc8df6a882823e21f5ce8b7;195.18;2.5;0.0;1.5;17/08/2018 13:57;20/08/2018 12:40;1.0;45.03;RS
vendeur 2944;f35b3c613c4f7b2275f4185d0a3c59ec;4047.25;4.555555555555555;0.2222222222222222;5.222222222222222;28/02/2018 7:37;03/06/2018 0:27;3.1333333333333333;51.33;SP
vendeur 2945;f35becee938e982bd615edf8ef12bcfb;148.59;4.0;0.0;2.333333333333333;09/03/2017 10:36;02/08/2017 18:18;4.866666666666666;54.02;SP
vendeur 2946;f3862c2188522d89860c38a3ea8b550d;15.5;5.0;0.0;1.0;15/05/2018 17:41;15/05/2018 17:41;1.0;60.0;SP
vendeur 2947;f3975e8a41157005d4bcbb358678cd9b;178.8;5.0;0.0;5.5;02/04/2018 16:10;19/08/2018 14:29;4.6;60.03;SC
vendeur 2948;f3b80352b986ab4d1057a4b724be19d0;11173.6;4.18;0.0;3.51;14/02/2017 10:49;26/07/2018 19:00;17.566666666666666;56.91;DF
vendeur 2949;f3c38ab652836d21de61fb8314b69182;1581.0;4.266666666666667;0.0666666666666666;2.533333333333333;11/04/2018 13:05;06/08/2018 17:54;3.9;53.86;SP
vendeur 2950;f3da5b2ff499efb8d4a6d371d175d7dd;3976.68;3.863636363636364;0.1208791208791208;1.7472527472527473;04/11/2017 9:24;10/07/2018 15:47;8.266666666666667;50.21;SP
vendeur 2951;f410c8873029fcc3809b9df6d0b28914;289.8;5.0;0.0;1.0;08/08/2018 18:22;20/08/2018 9:32;1.0;60.05;SP
vendeur 2952;f419677537694f0462a91990df6ca44f;250.45;3.857142857142857;0.1428571428571428;1.8571428571428568;27/12/2017 8:36;14/03/2018 15:47;2.566666666666667;48.9;SP
vendeur 2953;f41ce2e25237f9092cd8e6e7516c7a2f;2100.8;4.241379310344827;0.0;2.4482758620689653;07/10/2016 14:42;18/12/2017 14:55;14.566666666666666;55.79;SP
vendeur 2954;f435898e493ba0356019a0b1cb8b55b1;649.76;4.333333333333333;0.0;3.4166666666666665;05/02/2017 2:16;25/05/2018 10:23;15.8;56.11;PR
vendeur 2955;f43827dd686be3a4a80e00aa299990fb;95.54;2.0;0.0;1.0;25/01/2018 10:09;25/01/2018 10:09;1.0;42.02;SP
vendeur 2956;f44b6f775a2b390380e0e30b5c9d3eee;2930.0;4.9;0.0;4.3;30/06/2017 20:06;26/08/2018 13:49;14.033333333333331;59.88;SP
vendeur 2957;f44bdc12aa39f5271f0b95f66cd4c289;502.5;3.125;0.125;3.75;20/11/2017 15:39;07/08/2018 19:58;8.666666666666666;45.08;SP
vendeur 2958;f45122a9ab94eb4f3f8953578bc0c560;22777.47;3.9047619047619047;0.0666666666666666;2.7142857142857144;09/02/2017 22:25;22/08/2018 9:39;18.6;55.15;SP
vendeur 2959;f457c46070d02cadd8a68551231220dd;20340.7;3.8218623481781377;0.0602409638554216;1.7751004016064258;23/12/2017 17:20;30/06/2018 13:24;6.266666666666667;54.45;PR
vendeur 2960;f46490624488d3ff7ce78613913a7711;5880.65;3.462365591397849;0.1075268817204301;2.4516129032258065;23/05/2018 13:50;21/08/2018 16:39;3.0;48.51;SP
vendeur 2961;f4a04f7be452aa3bb31760bf00055dd0;1362.0;4.684210526315789;0.0526315789473684;2.526315789473684;31/10/2017 21:47;17/08/2018 16:02;9.633333333333333;56.75;SP
vendeur 2962;f4aba7c0bca51484c30ab7bdc34bcdd1;3121.56;3.808333333333333;0.0737704918032786;1.4918032786885247;07/10/2016 15:53;29/07/2017 15:38;9.8;51.15;SP
vendeur 2963;f4c4daa86e30c7e5a553a8d518ac03a5;7712.769999999999;3.6666666666666665;0.0833333333333333;5.333333333333333;21/03/2017 14:37;27/11/2017 13:26;8.333333333333334;50.76;PR
vendeur 2964;f4ce8ca9fa7157e3b33f536ac9a4487d;409.6;4.75;0.0;3.25;16/07/2018 8:45;20/08/2018 10:58;1.1666666666666667;58.57;SP
vendeur 2965;f4db9b37944bcb8873e6b456ee190bbf;3579.7700000000004;4.565217391304348;0.0869565217391304;4.434782608695652;08/04/2017 19:22;15/08/2018 10:31;16.433333333333334;55.37;SP
vendeur 2966;f524ad65d7e0f1daab730ef2d2e86196;578.0;1.0;1.0;6.0;29/01/2018 22:29;29/01/2018 22:29;1.0;6.09;RS
vendeur 2967;f52c2422904463fdd7741f99045fecb6;567.79;4.307692307692308;0.0769230769230769;1.7692307692307692;15/06/2018 21:52;21/08/2018 18:44;2.2;53.63;SP
vendeur 2968;f5403d3f50089112c4eed37928b7f622;190.8;1.0;0.0;3.0;05/02/2017 18:11;25/02/2017 15:37;1.0;36.03;SP
vendeur 2969;f543ba3c973276f519d89d59bd46cead;387.0;2.333333333333333;0.0;6.0;09/02/2018 17:36;24/06/2018 14:49;4.466666666666667;44.06;SP
vendeur 2970;f593898ec748b7a8cb81fc04edafd98a;2967.38;3.6;0.16;2.48;17/09/2017 16:34;06/02/2018 20:34;4.733333333333333;47.28;SP
vendeur 2971;f5a590cf36251cf1162ea35bef76fe84;55826.78;4.248;0.096;4.488;28/03/2017 18:48;18/08/2018 23:53;16.933333333333334;61.74;SP
vendeur 2972;f5b44895715ddfe3087dc414f30268f3;416.8;4.047619047619048;0.0476190476190476;1.5714285714285714;18/09/2017 12:19;25/07/2018 20:05;10.333333333333334;52.92;SP
vendeur 2973;f5b84683a9bf9e1df748cf40f601b39c;83.9;5.0;0.0;5.0;08/10/2016 22:11;08/10/2016 22:11;1.0;60.01;SP
vendeur 2974;f5f1f2c5f923f36ad79ea1d07185ddc9;1912.15;3.076923076923077;0.0769230769230769;4.230769230769231;22/02/2018 14:47;04/04/2018 18:42;1.3666666666666667;46.47;SP
vendeur 2975;f5f2ab9bdb6b30c14c61be68c5ed37da;2134.6800000000003;4.277777777777778;0.1111111111111111;4.055555555555555;05/10/2016 22:53;04/12/2017 19:12;14.133333333333333;52.68;SP
vendeur 2976;f5f46307a4d15880ca14fab4ad9dfc9b;1762.94;4.090909090909091;0.0909090909090909;4.454545454545454;12/07/2017 14:37;29/11/2017 21:51;4.666666666666667;52.11;SC
vendeur 2977;f5fea3ffed6c2e889bab72705557c63a;1059.9;3.6666666666666665;0.3333333333333333;7.333333333333333;23/02/2017 12:18;18/04/2017 23:53;1.8;42.17;RJ
vendeur 2978;f6122bc84774df1b372bdb3bb88ddb9f;4799.87;3.6666666666666665;0.3333333333333333;5.333333333333333;04/10/2017 9:43;19/03/2018 14:01;5.533333333333333;42.78;SP
vendeur 2979;f615fe7efbef0f4f08fd3086bc7a3e60;2359.27;4.375;0.0833333333333333;3.25;12/07/2017 17:40;21/10/2017 11:08;3.333333333333333;54.14;SP
vendeur 2980;f61c63d13f7cd800549d5acdd390ae72;3311.9;4.133333333333334;0.0666666666666666;2.466666666666667;14/09/2017 10:23;20/08/2018 10:19;11.3;53.34;SP
vendeur 2981;f626e15b7314c267e4429010866f70e9;193.55;4.142857142857143;0.0;1.1428571428571428;24/02/2018 9:33;30/07/2018 20:48;5.2;54.89;SP
vendeur 2982;f62d7bb4a613ec758a03342d46b580b2;26165.0;4.411764705882353;0.1176470588235294;5.705882352941177;10/01/2018 18:29;09/08/2018 18:02;7.0;57.22;MG
vendeur 2983;f63d8f293af3a6454377546bd9dd19ff;1751.82;3.821428571428572;0.2142857142857142;2.25;14/05/2017 14:59;13/02/2018 16:01;9.166666666666666;46.79;SP
vendeur 2984;f650a9708fa1bab22bdd8d3a818cc415;599.46;3.0;0.0;4.833333333333333;25/01/2017 13:42;02/08/2017 14:08;6.3;48.1;SC
vendeur 2985;f664f98bfda2eaf266a23ff144e7a872;153.99;3.0;0.0;4.5;18/07/2017 11:48;19/11/2017 20:27;4.133333333333334;48.02;SP
vendeur 2986;f67efa3f0b6761102a7f8c6b7b571f5d;5188.68;4.4375;0.0;3.71875;04/10/2016 18:02;09/04/2018 10:47;18.366666666666667;57.47;PR
vendeur 2987;f680f85bee2d253556ac91be391d2c82;5223.82;4.290909090909091;0.0181818181818181;1.8909090909090909;30/09/2017 19:19;24/08/2018 21:06;10.933333333333334;56.05;SP
vendeur 2988;f682e0f848abafc6f41e0d4e868c66ef;269.98;3.5;0.5;2.5;11/10/2017 12:45;18/05/2018 14:37;7.3;36.04;SP
vendeur 2989;f7315bb81aea4ddca2d39e249a801c98;379.8;4.5;0.5;5.0;14/06/2018 12:12;01/08/2018 15:15;1.6;42.06;SP
vendeur 2990;f7496d659ca9fdaf323c0aae84176632;5327.37;4.620689655172414;0.0689655172413793;2.931034482758621;08/10/2016 10:55;16/08/2018 11:34;22.566666666666663;56.53;SP
vendeur 2991;f76a3b1349b6df1ee875d1f3fa4340f0;4300.69;3.36;0.4;3.48;04/01/2018 17:09;17/08/2018 19:14;7.5;38.86;SP
vendeur 2992;f7720c4fa8e3aba4546301ab80ea1f1b;2149.35;4.197530864197531;0.037037037037037;2.888888888888889;28/03/2017 23:13;17/08/2018 18:16;16.866666666666667;54.42;PR
vendeur 2993;f783a638e9c6af4a7d0dbfde811e7a81;1389.4;4.444444444444445;0.1111111111111111;1.7777777777777777;04/02/2018 3:44;03/04/2018 16:17;1.933333333333333;53.56;SP
vendeur 2994;f789d2c4f2c2eb38fc4373e7a4b35264;4864.24;4.183673469387755;0.0408163265306122;2.816326530612245;04/04/2017 22:29;22/08/2018 11:28;16.8;54.67;MG
vendeur 2995;f7ba60f8c3f99e7ee4042fdef03b70c4;73380.0;4.2073170731707314;0.1626016260162601;4.788617886178862;31/07/2017 16:03;26/08/2018 22:37;13.033333333333331;62.36;SP
vendeur 2996;f7c31656c19db6275a8acadca289f426;61.56;3.0;0.0;3.0;15/02/2018 11:26;15/02/2018 11:26;1.0;48.01;SP
vendeur 2997;f7ccf836d21b2fb1de37564105216cc1;2865.4;3.824324324324324;0.0921052631578947;2.5789473684210527;08/12/2017 13:53;19/08/2018 22:12;8.466666666666667;50.65;SP
vendeur 2998;f7df46c1e0ec44eed5c6726478da4a17;429.7000000000001;1.0;0.0;6.333333333333333;17/06/2017 22:46;05/07/2017 23:56;1.0;36.07;RS
vendeur 2999;f805b96fa705ba7995a221f1749dc141;2744.44;4.428571428571429;0.0;3.2857142857142856;28/06/2017 12:18;14/03/2018 16:13;8.633333333333333;57.02;PR
vendeur 3000;f80edd2c5aaa505cc4b0a3b219abf4b8;9436.7;4.090909090909091;0.0601503759398496;2.6842105263157894;06/04/2017 15:51;27/08/2018 12:59;16.9;54.28;SP
vendeur 3001;f8201cab383e484733266d1906e2fdfa;889.0;4.1;0.2;2.1;17/06/2017 15:21;11/08/2018 19:39;14.0;48.74;SC
vendeur 3002;f84a00e60c73a49e7e851c9bdca3a5bb;6168.74;3.6534653465346536;0.099009900990099;2.415841584158416;20/02/2017 11:45;25/07/2018 11:32;17.3;49.96;RJ
vendeur 3003;f84fa566034f5e8e880a07ec624c56af;5153.69;4.2745098039215685;0.116504854368932;2.0;21/07/2017 0:45;14/08/2018 16:22;12.966666666666669;52.99;SP
vendeur 3004;f88adb15807168d3c43d71021090ce4a;488.8;3.333333333333333;0.0;2.6666666666666665;23/04/2018 22:45;14/08/2018 18:06;3.733333333333333;50.08;SP
vendeur 3005;f8d5c7085db9a4ad2b8c1ffbeb2798c8;263.0;5.0;0.0;1.5;30/03/2017 11:59;05/02/2018 19:51;10.4;60.04;SP
vendeur 3006;f8db351d8c4c4c22c6835c19a46f01b0;52396.7;4.227931488801054;0.0602883355176933;2.1520314547837485;25/01/2017 22:46;25/08/2018 19:56;19.2;62.13;SP
vendeur 3007;f8e2c1b59cd4225a3e4fd0d013a76b93;219.8;5.0;0.0;5.0;01/09/2017 10:23;31/12/2017 2:09;4.0;60.04;SP
vendeur 3008;f8f35af4634605e6693c17cc3ffff5a8;90.0;5.0;0.0;4.0;12/11/2017 18:04;12/11/2017 18:04;1.0;60.01;MG
vendeur 3009;f90f77ef2799a27f80d90c425ca944f7;70.0;5.0;0.0;1.0;15/05/2018 8:42;15/05/2018 8:42;1.0;60.01;PR
vendeur 3010;f918546be4bec7104d117789ba758b2b;1483.0;3.8260869565217392;0.1739130434782608;3.1739130434782608;05/12/2017 9:22;26/06/2018 15:07;6.766666666666667;47.98;SP
vendeur 3011;f9244d45189d3a3605499abddeade7d5;15731.43;4.285714285714286;0.0;5.857142857142857;07/02/2017 22:29;18/08/2018 12:45;18.53333333333333;58.29;SP
vendeur 3012;f92d8c817434bd2d84d4e9c61322b7fa;174.84;4.6;0.2;1.0;19/01/2018 14:57;26/07/2018 18:24;6.266666666666667;51.63;SP
vendeur 3013;f97e2b0650c2068227e1d366140eb62f;3654.0;3.65;0.0476190476190476;4.285714285714286;14/06/2017 17:57;19/08/2018 9:49;14.333333333333334;51.07;SP
vendeur 3014;f9903dd0f812c7e771fcad47b6fff231;1684.85;2.933333333333333;0.0;5.133333333333334;15/11/2017 10:43;20/08/2018 14:34;9.266666666666667;47.87;SC
vendeur 3015;f9a02f1922d1de564392e656d82b3fda;125.9;4.0;0.0;1.0;05/04/2017 9:11;05/04/2017 9:11;1.0;54.02;SP
vendeur 3016;f9bbdd976532d50b7816d285a22bd01e;357.0;5.0;0.0;2.0;25/05/2017 23:22;14/09/2017 21:21;3.7;60.06;SP
vendeur 3017;f9d010e39375d9c91dce3f40b73a2f84;1212.0;3.0;0.4;4.8;17/02/2018 15:54;23/07/2018 9:02;5.166666666666667;36.2;SP
vendeur 3018;f9ec7093df3a7b346b7bcf7864069ca3;519.2;4.777777777777778;0.1111111111111111;1.7777777777777777;05/07/2018 6:46;26/08/2018 20:08;1.7333333333333334;55.42;SP
vendeur 3019;f9eda05b67bef472deaddbba84aca289;185.0;1.0;0.0;2.0;05/06/2018 19:06;05/06/2018 19:06;1.0;36.03;SC
vendeur 3020;f9eedec3129e8cc6b6429c42d0808c5b;789.8;4.5;0.0;4.0;24/07/2018 21:30;26/07/2018 0:39;1.0;57.13;RJ
vendeur 3021;f9f68daa2af419d38f745478bcb3da1a;22.4;3.0;0.0;1.5;27/01/2017 19:55;24/04/2017 9:00;2.8666666666666667;48.0;SP
vendeur 3022;fa14641f57b655e933124a9ea49cd7a5;359.92999999999995;4.571428571428571;0.0;1.2857142857142858;19/05/2017 18:42;05/02/2018 13:55;8.7;57.49;SP
vendeur 3023;fa18c782a4866d313cadab567097f8f1;117.98;1.0;0.0;1.0;16/05/2017 22:17;16/05/2017 22:17;1.0;36.02;MG
vendeur 3024;fa1a9dec3a9940c072684a46728bf1fc;7023.700000000001;4.016129032258065;0.0;3.6666666666666665;06/10/2016 12:22;22/08/2018 20:55;22.83333333333333;55.24;SC
vendeur 3025;fa1c13f2614d7b5c4749cbc52fecda94;203984.22;4.343801652892562;0.1018062397372742;4.773399014778325;07/01/2017 20:45;29/08/2018 9:48;19.933333333333334;86.36;SP
vendeur 3026;fa3a0b5aabb344b9a92e3524b0202123;2087.0;4.125;0.125;2.875;26/01/2018 0:09;16/06/2018 21:53;4.7;51.34;SP
vendeur 3027;fa40cc5b934574b62717c68f3d678b6d;16690.25;4.417613636363637;0.059322033898305;1.6836158192090396;10/10/2016 0:01;21/05/2018 20:30;19.6;57.45;SP
vendeur 3028;fa5fdc4e4bb6bd1009ad0e4ac4096562;161.99;5.0;0.0;4.0;10/10/2016 12:39;10/10/2016 12:39;1.0;60.03;SP
vendeur 3029;fa74b2f3287d296e9fbd2cc80f2d1cf1;2459.89;2.363636363636364;0.1818181818181818;4.2727272727272725;20/07/2017 16:59;26/12/2017 15:47;5.266666666666667;39.13;SP
vendeur 3030;fa7ad8ae9bcb2c4493fdf38e96b1d74f;88.0;1.0;0.0;1.0;13/11/2017 0:07;13/11/2017 0:07;1.0;36.01;SP
vendeur 3031;fa8d335d68129e464e60c1826a683e96;139.9;4.0;0.0;10.0;20/10/2017 8:49;20/10/2017 8:49;1.0;54.02;RS
vendeur 3032;fac1a9017ade7bdc94058fc1c969f355;2586.74;4.615384615384615;0.0;1.2307692307692308;11/05/2018 15:21;17/08/2018 14:01;3.2333333333333334;58.11;SP
vendeur 3033;fac35d150712afb921ec59ac5f39bb11;696.0;4.166666666666667;0.0;3.6666666666666665;24/02/2018 14:37;16/07/2018 13:57;4.7;55.11;MG
vendeur 3034;fad44952713764836814be105382aee5;5489.0;4.235294117647059;0.0294117647058823;3.4705882352941178;04/01/2018 19:21;14/08/2018 8:38;7.366666666666666;55.43;RJ
vendeur 3035;fadb07c842a2aef5d5a676b85f220e71;398.75;4.714285714285714;0.0;2.571428571428572;05/06/2018 13:24;27/08/2018 15:04;2.7666666666666666;58.35;SP
vendeur 3036;fb3cfbc8a86f5d7fbb4d36b8df63f60d;1077.2;3.25;0.0;1.4375;11/06/2018 23:08;18/08/2018 15:58;2.2333333333333334;49.68;RJ
vendeur 3037;fb503a924a0b9db19d83dd0ac6dbef8c;13.9;5.0;0.0;3.0;16/05/2017 0:48;16/05/2017 0:48;1.0;60.0;RS
vendeur 3038;fb8904a8ea99f8831b64ce27db2c1765;417.0;4.333333333333333;0.3333333333333333;2.0;12/11/2017 14:52;24/11/2017 21:39;1.0;46.07;SP
vendeur 3039;fb89df7f89fd1b8f03fa2acca1ba7364;2434.5;3.8461538461538463;0.0769230769230769;3.0384615384615383;10/10/2017 20:21;18/08/2018 21:18;10.4;51.17;PR
vendeur 3040;fbc14c0cf93505ef89f64665ffa4a7b5;12227.82;4.176470588235294;0.0555555555555555;4.944444444444445;17/08/2017 17:36;08/08/2018 21:34;11.866666666666667;55.39;SP
vendeur 3041;fc0b214b59a83615fea981c6424a02ae;319.8;5.0;0.0;1.0;17/08/2018 10:15;17/08/2018 10:15;1.0;60.05;SP
vendeur 3042;fc38b5dceee1a730fad8853453437fbd;119.2;4.6;0.0;1.6;05/04/2017 8:23;15/12/2017 19:13;8.466666666666667;57.62;SP
vendeur 3043;fc4751cfe3b279c419615b9b00c1abb4;453.7;5.0;0.0;1.0;16/02/2017 15:53;16/02/2017 15:53;1.0;60.07;PR
vendeur 3044;fc59392d66ef99377e50356ee4f3b4e1;554.99;3.8333333333333335;0.0;2.833333333333333;20/05/2018 1:15;12/08/2018 7:47;2.8;53.09;BA
vendeur 3045;fc5a0d7a310a7a41abf86a458585ff2b;162.8;2.5;0.0;1.5;02/06/2017 16:34;16/05/2018 8:53;11.566666666666666;45.03;SP
vendeur 3046;fc6295add6f51a0936407ead70c1001d;160.0;1.0;0.0;10.0;06/11/2017 19:20;06/11/2017 19:20;1.0;36.03;SP
vendeur 3047;fc906263ca5083d09dce42fe02247800;4607.4;4.368852459016393;0.0;2.581967213114754;11/04/2017 12:45;23/12/2017 18:17;8.533333333333333;56.97;MG
vendeur 3048;fc908879b9ca1bd65419e54e50432d38;119.2;5.0;0.0;1.25;18/12/2017 10:29;25/07/2018 21:39;7.3;60.02;SP
vendeur 3049;fc99f99385ae90f66f01733856fb88c9;89.9;1.0;0.0;2.0;13/06/2017 21:10;13/06/2017 21:10;1.0;36.01;SP
vendeur 3050;fcb5ace8bcc92f75707dc0f01a27d269;8374.43;3.810810810810811;0.0266666666666666;2.1066666666666665;20/11/2017 11:47;09/08/2018 23:10;8.733333333333333;53.43;SP
vendeur 3051;fcba71d4d5db057f43249145e4eb1e27;494.55;4.666666666666667;0.0;6.333333333333333;30/10/2017 21:45;26/02/2018 21:43;3.933333333333333;58.08;SP
vendeur 3052;fcdd820084f17e9982427971e4e9d47f;4783.99;3.259259259259259;0.074074074074074;1.8888888888888888;07/03/2018 15:15;17/08/2018 11:15;5.4;48.12;SP
vendeur 3053;fce62094ffe6a4009188ec44e681dfdd;2969.7;3.1818181818181817;0.4545454545454545;2.272727272727273;07/02/2017 18:01;01/03/2018 18:07;12.9;35.94;SP
vendeur 3054;fcf16b7a8697e559f0123190bb30177d;1052.8;3.142857142857143;0.5714285714285714;7.857142857142857;18/02/2018 18:41;13/08/2018 20:33;5.866666666666666;31.89;SP
vendeur 3055;fd312b6bf05efac6c3772d5b52205d8a;118.7;5.0;0.0;1.0;29/03/2017 17:44;26/06/2017 16:04;2.933333333333333;60.02;SP
vendeur 3056;fd386aa7bed2af3c7035c65506c9b4a3;2477.05;4.325;0.1125;1.9;23/02/2018 10:29;28/08/2018 14:11;6.2;52.98;SP
vendeur 3057;fd435faa3c0422b60440ea3480d0e77c;749.0;5.0;0.0;10.0;20/08/2018 7:36;20/08/2018 7:36;1.0;60.12;PB
vendeur 3058;fdaaf5bfda82b7b80535610c831b8d09;2728.8;4.0;0.1875;3.0625;05/09/2017 22:14;06/05/2018 11:40;8.066666666666666;48.82;SP
vendeur 3059;fdb9095204a334cd8872252ffec6f2db;8532.0;4.15625;0.046875;3.734375;27/06/2017 23:21;28/05/2018 10:55;11.133333333333333;54.93;SP
vendeur 3060;fde0cc9ea29c8ccfc0a2c22256a58c71;4225.0;4.447368421052632;0.0263157894736842;2.3684210526315788;11/10/2017 13:27;19/08/2018 19:06;10.4;56.59;PR
vendeur 3061;fdf736c18c589ed030e058312203e1b2;30.0;5.0;0.0;1.0;02/08/2018 12:07;02/08/2018 12:07;1.0;60.0;MG
vendeur 3062;fe19dce63ae80346207c6c55713d1023;49.9;5.0;0.0;2.0;31/01/2017 15:39;31/01/2017 15:39;1.0;60.01;MG
vendeur 3063;fe1b067411b8c5066e962aa146ccee03;847.78;4.625;0.0;2.875;24/07/2018 13:41;21/08/2018 9:33;1.0;57.89;SP
vendeur 3064;fe1bbc5feda5c8979a8a1b3b2512d5a6;769.71;3.8181818181818175;0.0909090909090909;2.909090909090909;03/02/2017 6:55;14/07/2017 17:24;5.366666666666666;50.31;MG
vendeur 3065;fe2032dab1a61af8794248c8196565c9;67250.51;4.37012987012987;0.0865384615384615;4.676282051282051;08/03/2017 11:54;21/08/2018 15:12;17.7;64.62;SP
vendeur 3066;fe26f3ecb51a15e6d8335cd92da42562;2708.96;4.428571428571429;0.1428571428571428;5.142857142857143;17/11/2017 13:15;18/02/2018 21:05;3.1;52.73;SP
vendeur 3067;fe49ee029e61e789a1f3a5525f57ba8d;2527.59;4.0588235294117645;0.0588235294117647;2.0;28/11/2017 14:09;26/03/2018 11:59;3.9;53.0;SP
vendeur 3068;fe4cd9461203cee790d36792420b310f;391.15;4.0;0.0;4.0;13/03/2017 8:11;06/09/2017 22:28;5.9;54.06;MG
vendeur 3069;fe701d88b67eaca109dffd464d1be9f9;1868.7;3.8461538461538463;0.0769230769230769;2.3076923076923075;21/11/2017 23:13;24/07/2018 14:11;8.133333333333333;51.07;RJ
vendeur 3070;fe8055980a4ff7f64ed889c2b5926929;196.7;4.666666666666667;0.0;2.6666666666666665;11/06/2018 13:46;25/07/2018 19:07;1.4666666666666666;58.03;PR
vendeur 3071;fe87f472055fbcf1d7e691c00b1560dc;1085.8;4.5;0.1666666666666666;4.833333333333333;07/05/2018 13:09;19/08/2018 21:44;3.466666666666667;52.18;SP
vendeur 3072;fe9d9cf8631285d5982c6e2cf27fb114;69.9;4.0;0.0;1.0;19/07/2018 21:58;19/07/2018 21:58;1.0;54.01;MG
vendeur 3073;feb793c88d836c3a75efa4b5a3465d70;466.0;5.0;0.0;10.0;23/03/2018 19:26;23/03/2018 19:26;1.0;60.08;SP
vendeur 3074;febab0275244b9a49a623f0bd613ca2f;7647.019999999999;4.294117647058823;0.0367647058823529;2.522058823529412;15/02/2017 20:49;17/08/2018 20:05;18.23333333333333;55.91;SP
vendeur 3075;fec6275253471ace26d209bbaa64cd0f;2840.0;4.6;0.0;3.6;22/01/2018 11:14;06/07/2018 16:38;5.5;58.06;RJ
vendeur 3076;fec6912baad85d41729669edd6b4d3b8;210.0;1.0;0.0;1.0;13/04/2018 20:44;13/04/2018 20:44;1.0;36.03;SP
vendeur 3077;fec8cd45395b3cb0c2b173d7739706a1;1280.0;3.75;0.0;3.25;04/01/2018 11:11;25/04/2018 15:44;3.7;52.71;SP
vendeur 3078;fedaedd3ca31d56ab33e92035e4b361c;39.9;4.0;0.0;1.0;06/10/2016 20:06;06/10/2016 20:06;1.0;54.01;RJ
vendeur 3079;fedf2c1386e137f296b3bbf3b635e69d;131.74;3.2;0.0;6.4;28/02/2018 9:08;23/05/2018 20:01;2.8;49.22;SP
vendeur 3080;ff063b022a9a0aab91bad2c9088760b7;12268.5;4.288659793814433;0.0306122448979591;2.938775510204082;14/02/2017 6:59;20/08/2018 14:39;18.4;56.82;SP
vendeur 3081;ff1e15b778c700abdd4d239b81ac466d;414.3;4.571428571428571;0.0;1.0;02/08/2018 12:06;21/08/2018 18:42;1.0;57.5;PR
vendeur 3082;ff1fb4c404b2efe68b03350a8dc24122;7426.0;4.098039215686274;0.1372549019607843;1.8235294117647056;20/01/2018 23:30;21/08/2018 6:06;7.066666666666666;51.68;SP
vendeur 3083;ff314fa6033cc68ec451c47aee2d6ba4;537.9;5.0;0.0;4.5;25/01/2017 9:09;19/05/2017 16:09;3.8;60.09;SP
vendeur 3084;ff4e2d38692ce827b1a4f4b8196e680d;518.9;4.2727272727272725;0.0;1.5454545454545454;20/08/2017 16:31;08/07/2018 10:36;10.7;55.72;SP
vendeur 3085;ff4ea69c2a729e83e63c7579e4ef8170;7866.0;4.555555555555555;0.0;5.0;28/02/2017 19:07;21/07/2017 12:54;4.733333333333333;58.62;SP
vendeur 3086;ff69aa92bb6b1bf9b8b7a51c2ed9cf8b;23209.8;3.7142857142857135;0.238095238095238;7.190476190476191;02/12/2017 19:55;18/06/2018 22:43;6.6;48.94;SP
vendeur 3087;ff82e8873fba613f2261a9acc896fd84;124.6;3.5;0.0;3.0;06/12/2017 12:41;16/02/2018 19:30;2.4;51.02;MG
vendeur 3088;ffa6adafb71b807dc13159e26431354c;2828.9;3.789473684210526;0.0;2.3157894736842106;16/03/2018 7:38;13/08/2018 14:18;5.0;53.2;PR
vendeur 3089;ffad1e7127fb622cb64a900751590acd;884.3;4.866666666666666;0.0;3.533333333333333;13/03/2018 14:21;14/07/2018 17:40;4.1;59.34;SP
vendeur 3090;ffc470761de7d0232558ba5e786e57b7;1759.91;4.28125;0.0606060606060606;1.5757575757575757;20/02/2018 18:47;17/08/2018 20:31;5.933333333333334;54.16;SP
vendeur 3091;ffcfefa19b08742c5d315f2791395ee5;69.9;1.0;0.0;1.0;23/06/2018 17:34;23/06/2018 17:34;1.0;36.01;PR
vendeur 3092;ffdd9f82b9a447f6f8d4b91554cc7dd3;2140.8;4.285714285714286;0.0;3.6666666666666665;05/03/2017 16:21;19/08/2018 14:37;17.7;56.06;PR
vendeur 3093;ffeee66ac5d5a62fe688b9d26f83f534;1839.86;4.214285714285714;0.1428571428571428;2.571428571428572;30/09/2017 15:56;14/05/2018 8:55;7.5;51.3;SP
vendeur 3094;fffd5413c0700ac820c7069d66d98c89;9360.9;3.819672131147541;0.1290322580645161;3.532258064516129;24/07/2017 21:13;26/08/2018 19:56;13.233333333333333;50.58;SP
vendeur 3095;ffff564a4f9085cd26170f4732393726;1426.3;2.1;0.0;1.85;07/10/2016 17:37;03/04/2017 22:08;5.933333333333334;42.83;SP
